# Q recurrence in z variable, mod 1000000007, degree 39636
0 1
1 999999991
2 999998466
3 24037
4 803838
5 988006011
6 951373916
7 391340019
8 53673343
9 349886177
10 969095106
11 445553692
12 490098567
13 553255004
14 36928806
15 49823641
16 127079509
17 837389183
18 961984934
19 689548829
20 992413208
21 971143474
22 81360257
23 136117058
24 561665862
25 703599837
26 464341682
27 474970917
28 665943877
29 476995790
30 867274844
31 34288292
32 467458732
33 136390882
34 234520190
35 176658865
36 778808876
37 364634691
38 212070668
39 631218943
40 248736651
41 940361357
42 522354704
43 866549734
44 36690266
45 819385123
46 42350847
47 474407612
48 930209853
49 949622196
50 766047421
51 699105936
52 328839812
53 747374589
54 74992202
55 734774559
56 15153494
57 750226564
58 849659560
59 906617281
60 673607099
61 649337991
62 342881355
63 197470872
64 546367050
65 847659778
66 489628713
67 105529992
68 295929998
69 513353895
70 664648335
71 247461911
72 770434072
73 405831575
74 456231458
75 969654923
76 473194363
77 328162931
78 692778864
79 118150419
80 671612770
81 808325789
82 378680516
83 680755174
84 174384605
85 742761824
86 208969408
87 94481876
88 769914266
89 994267248
90 552877958
91 452957417
92 582194018
93 913629040
94 616062027
95 509238782
96 239883987
97 357347661
98 166357148
99 246600403
100 165468026
101 433702907
102 106767228
103 283421328
104 359871507
105 682112941
106 95979508
107 327174914
108 780747358
109 460805695
110 242691904
111 544990369
112 762855052
113 231861821
114 147156886
115 462151274
116 842827944
117 21476336
118 15248585
119 997055779
120 966658796
121 117858083
122 118869239
123 753195378
124 71855776
125 817243668
126 98005668
127 435647330
128 895592985
129 755997309
130 791155365
131 677528508
132 491480501
133 902723602
134 633606432
135 805666384
136 824239115
137 704538303
138 316074608
139 717197782
140 525113327
141 385881222
142 110799471
143 638548448
144 343653937
145 814182020
146 177294640
147 436818048
148 85546507
149 858298839
150 713800676
151 235222094
152 15125125
153 194100527
154 546504533
155 869923033
156 257050575
157 429496182
158 878736077
159 719138368
160 831720341
161 42374876
162 560881043
163 204650360
164 881696358
165 593070555
166 813522862
167 86140353
168 539075309
169 896959670
170 683644671
171 887765776
172 673033682
173 909868444
174 810617114
175 273628103
176 12378042
177 191134395
178 7649431
179 989622112
180 518106869
181 661177402
182 676415154
183 859839882
184 492643629
185 783333466
186 394137898
187 382774514
188 979035339
189 944198508
190 462943411
191 90198957
192 915856418
193 687872468
194 108349096
195 764175651
196 301535352
197 582801134
198 67972984
199 262905242
200 499263347
201 690693521
202 599624050
203 819985814
204 823124007
205 148968917
206 825069527
207 852057237
208 30358895
209 872705179
210 987152212
211 852367892
212 417345098
213 200505337
214 894609608
215 259658582
216 743815846
217 466329371
218 259395651
219 589448063
220 853625726
221 632555322
222 555448077
223 352742853
224 513502962
225 583903524
226 66065903
227 729062596
228 415399247
229 809596903
230 865304842
231 450229337
232 279775744
233 970983127
234 881027997
235 542167427
236 63077432
237 427555684
238 851577015
239 354437864
240 320260987
241 92535988
242 589051448
243 912285578
244 862160453
245 174538562
246 562315060
247 271842464
248 197908835
249 358770779
250 289956672
251 58641865
252 242432731
253 966960954
254 840626586
255 556457958
256 707412130
257 447302255
258 580497704
259 607275959
260 988331145
261 483387457
262 786946960
263 381800859
264 88995142
265 376495178
266 188913868
267 919251897
268 534606751
269 73806227
270 558582054
271 685354472
272 360698840
273 374078741
274 403625646
275 968148205
276 862376179
277 471987350
278 949168388
279 746644322
280 622783319
281 934178212
282 472329271
283 472030668
284 445301799
285 96226179
286 642032997
287 471039765
288 992107524
289 726646639
290 145786358
291 595914614
292 285424734
293 717292716
294 20374546
295 57103207
296 556337294
297 802838599
298 920587169
299 183723209
300 898308623
301 21840921
302 884351325
303 265232604
304 572362472
305 972624381
306 404330880
307 521784851
308 9340225
309 525321397
310 209576929
311 939751746
312 404339480
313 992811875
314 362043785
315 131704896
316 414596914
317 717809014
318 533769604
319 277433233
320 969257768
321 855144002
322 211897436
323 611316438
324 537097482
325 811551694
326 232678826
327 770604302
328 731711372
329 486493363
330 272231871
331 72123585
332 691168925
333 138417637
334 825710618
335 477326160
336 297892065
337 996253009
338 676544998
339 27110828
340 313085405
341 857106767
342 611488175
343 935639685
344 361269993
345 227871111
346 297381210
347 789690717
348 82951700
349 470763460
350 16179496
351 162281321
352 757502019
353 950827939
354 691668419
355 686507171
356 303361242
357 523071798
358 845647182
359 482421557
360 256667809
361 207988034
362 276569866
363 628649153
364 466791872
365 941390353
366 576752416
367 457549000
368 147454022
369 228153134
370 119859580
371 464947767
372 853882379
373 450559386
374 825044675
375 295049461
376 844844257
377 947070865
378 590140787
379 55824639
380 699536471
381 914463647
382 467250436
383 952044132
384 238787099
385 575827477
386 292619934
387 487684325
388 179517244
389 817167026
390 633965352
391 772960428
392 912168150
393 867622361
394 717973490
395 288704651
396 848738599
397 957619866
398 488360964
399 716086222
400 262743963
401 145311643
402 253660087
403 543539313
404 914603248
405 937222891
406 381551530
407 451409831
408 692755952
409 442255040
410 421332620
411 949050304
412 885296403
413 853208790
414 943251661
415 928746269
416 98351106
417 52679914
418 122093176
419 534721601
420 333153899
421 13092937
422 323058088
423 286857095
424 827767094
425 909816494
426 765498654
427 31616308
428 811957157
429 892075091
430 708932321
431 44123933
432 338504615
433 666442876
434 912566360
435 15532121
436 900567545
437 504066698
438 829062707
439 371349439
440 258856190
441 602864985
442 787976926
443 230056921
444 266658919
445 98354805
446 280707970
447 622601569
448 6880803
449 194422893
450 66548387
451 236097324
452 455555293
453 283373961
454 384633509
455 652317749
456 927109038
457 644893726
458 471182104
459 52038268
460 980388468
461 317843637
462 110432322
463 783193691
464 201922416
465 879056544
466 443285131
467 909839101
468 518481337
469 152678345
470 51045468
471 438653628
472 403073618
473 43342147
474 245809589
475 57411729
476 612956846
477 905671636
478 687556284
479 445426461
480 314086245
481 866684561
482 503088830
483 335818803
484 553763451
485 723428773
486 146066693
487 403291890
488 127045322
489 822464387
490 892252677
491 903321634
492 73813603
493 224440461
494 335083412
495 245717265
496 445269635
497 939532856
498 513292771
499 379819573
500 398857034
501 316238929
502 245411042
503 607465047
504 576237968
505 531266874
506 755314592
507 34703508
508 964103270
509 546858048
510 700886700
511 384890300
512 483094072
513 634893311
514 564424591
515 814595633
516 646079564
517 55224853
518 834042363
519 426925716
520 691682424
521 337145364
522 777541025
523 86094299
524 289164718
525 913437028
526 556783613
527 986368773
528 301820013
529 760959534
530 26982894
531 358840902
532 597736521
533 993554347
534 377891941
535 126856263
536 211993664
537 130328386
538 197815777
539 647846127
540 15187162
541 926012757
542 939944374
543 357553989
544 66237950
545 797613243
546 877769473
547 736505414
548 258006776
549 320943984
550 892684520
551 234146263
552 917899072
553 779685795
554 918800335
555 951904654
556 178707186
557 148312577
558 143363929
559 986610903
560 186611243
561 150323984
562 727769787
563 172619198
564 351363905
565 483084661
566 518045431
567 952951672
568 42984747
569 439257675
570 374789425
571 301980560
572 564580405
573 436592267
574 459738928
575 749350207
576 334670483
577 136194947
578 637232438
579 718939067
580 659159664
581 294011234
582 159713908
583 384230297
584 576133812
585 311062772
586 641644701
587 194049831
588 677264428
589 476473869
590 752303152
591 455546132
592 760216047
593 672635746
594 101337319
595 968625059
596 213087594
597 774386888
598 388525485
599 764832370
600 373142973
601 695909555
602 151721069
603 619491829
604 940556795
605 302735752
606 38641133
607 855540242
608 23103813
609 155429373
610 100815088
611 18592674
612 431460547
613 908955120
614 34139576
615 536535640
616 712241454
617 140928256
618 565178607
619 592039057
620 949408675
621 96851967
622 505110408
623 911732338
624 978383681
625 552420513
626 177911289
627 785696943
628 890852920
629 199169132
630 216002439
631 172358360
632 395484973
633 328979671
634 476775044
635 608001735
636 653764253
637 622949356
638 860359941
639 145355163
640 981321178
641 818426233
642 824630695
643 315850402
644 74411161
645 602344604
646 426932163
647 369481453
648 748485031
649 905593082
650 693489253
651 647220953
652 772671029
653 354043674
654 594046077
655 570016092
656 100396714
657 219775989
658 951664414
659 773486998
660 866819718
661 796347040
662 603170267
663 595587006
664 784959387
665 239708128
666 934256588
667 155549250
668 525355908
669 164405044
670 738782174
671 86778022
672 841173633
673 436120601
674 872358175
675 518187691
676 254668851
677 798683365
678 648081407
679 226289477
680 986301837
681 743109938
682 968618312
683 175927382
684 467405025
685 323101803
686 70888692
687 337808002
688 365312742
689 994391149
690 169661568
691 926331025
692 735295006
693 412412943
694 544575073
695 826199883
696 92234347
697 48975753
698 168149622
699 374051001
700 795305866
701 763498084
702 641701111
703 551645783
704 173657343
705 568234520
706 977966316
707 90897996
708 449254150
709 521486145
710 522923672
711 298964907
712 347811195
713 12847862
714 215370448
715 180022460
716 702703047
717 360583948
718 692453285
719 359160142
720 603629464
721 361647746
722 880144882
723 534819453
724 40494497
725 401394643
726 164254855
727 968104271
728 593939105
729 583532744
730 972599986
731 748208734
732 852763499
733 827531691
734 107237677
735 520303286
736 144433503
737 633530622
738 965493555
739 600560368
740 837423047
741 555692974
742 343245581
743 492136161
744 749318252
745 588353315
746 134353211
747 573635091
748 383422836
749 976961940
750 880019123
751 143719060
752 649557440
753 515028239
754 121083678
755 185985028
756 535311682
757 339498374
758 894285297
759 849120099
760 820170605
761 504807508
762 897817539
763 903921571
764 790922176
765 95625492
766 807127924
767 954006437
768 753606182
769 86774438
770 155013636
771 242808784
772 921094679
773 690523169
774 899463772
775 286285469
776 592104262
777 580752903
778 948583037
779 943045807
780 496969432
781 46781193
782 951449027
783 136105967
784 799650412
785 812096697
786 916512089
787 43065446
788 245691616
789 210649626
790 368029224
791 385168503
792 243510624
793 665086947
794 780016189
795 689261947
796 940069140
797 949981208
798 460556771
799 712359486
800 416888307
801 124516229
802 193392200
803 420604640
804 545456012
805 285675959
806 15916961
807 300399213
808 737090108
809 951251723
810 707870347
811 824045793
812 278587983
813 316809048
814 173134340
815 590012153
816 489139680
817 676711355
818 285410109
819 604898077
820 310334519
821 613802250
822 554078667
823 811564980
824 601328792
825 154128670
826 577944446
827 655554364
828 517037311
829 494166235
830 416639875
831 592087538
832 952618384
833 712161132
834 320216930
835 907999189
836 664906609
837 198483712
838 859484252
839 586880006
840 102355050
841 38069774
842 969161782
843 850516496
844 808104867
845 304600482
846 559626316
847 415671465
848 609913084
849 778098551
850 274416258
851 26490652
852 896889598
853 315601131
854 789317398
855 774945135
856 742889450
857 946523093
858 367211062
859 168378133
860 407398807
861 487156570
862 903071456
863 234999674
864 144600124
865 931898600
866 243829856
867 353519720
868 891275134
869 651586569
870 741552907
871 880293136
872 170639779
873 378239723
874 655099593
875 70281244
876 970312591
877 226504404
878 134592434
879 489829995
880 335929859
881 884550698
882 719395975
883 676413239
884 409171549
885 768889524
886 796159329
887 413664608
888 798474626
889 993411197
890 147336730
891 326958972
892 666252908
893 220182026
894 248514226
895 1066525
896 212625762
897 944396895
898 249287278
899 606618121
900 326469394
901 336624274
902 9892291
903 167562751
904 879482373
905 44691389
906 599330022
907 982117566
908 760444786
909 6727957
910 901017574
911 382664007
912 801712183
913 741022819
914 724974223
915 680385424
916 843111446
917 987279437
918 693936908
919 275854234
920 160159089
921 440992094
922 774595484
923 879186388
924 145543871
925 793592151
926 87950652
927 570356645
928 412397172
929 928149542
930 607754042
931 424567148
932 143194776
933 657405537
934 259977905
935 183625425
936 252732762
937 773292723
938 124235874
939 748964631
940 382466279
941 839423017
942 336808208
943 382505913
944 791299496
945 473075357
946 473811464
947 678399368
948 155674894
949 266849396
950 355690956
951 927178695
952 645392409
953 475376069
954 92099683
955 488618793
956 606897124
957 188496898
958 645722911
959 336659019
960 909702997
961 472869345
962 854602495
963 489197524
964 292594102
965 759444631
966 197126921
967 229563037
968 223926902
969 845446410
970 344705722
971 367742190
972 871160553
973 361981577
974 153763012
975 906384276
976 549547070
977 66225893
978 794756730
979 871832826
980 745893438
981 372948472
982 981420088
983 914104519
984 712730641
985 143451461
986 662130755
987 462159247
988 665049407
989 50828504
990 529838182
991 97147856
992 520573320
993 399243103
994 74430486
995 261563650
996 587551505
997 412074784
998 217861485
999 401289094
1000 930813570
1001 253794660
1002 230916101
1003 932909880
1004 802362286
1005 320777716
1006 387986481
1007 529100184
1008 107640111
1009 930501048
1010 662882698
1011 323093440
1012 784927384
1013 643662610
1014 153244812
1015 276789887
1016 900601841
1017 440006593
1018 515650823
1019 757153057
1020 308904241
1021 766621720
1022 737773102
1023 639271730
1024 26393758
1025 746449092
1026 950405147
1027 498881299
1028 476106906
1029 334814886
1030 49372487
1031 56276942
1032 297821664
1033 436515558
1034 121356586
1035 907391797
1036 988194407
1037 770549477
1038 157991406
1039 763937181
1040 945330954
1041 200896990
1042 961996304
1043 917907125
1044 626489793
1045 37516403
1046 661724050
1047 606648687
1048 898651607
1049 219456728
1050 279405770
1051 551921960
1052 331789553
1053 704977937
1054 743439558
1055 512746764
1056 684871225
1057 766620425
1058 94097940
1059 565190353
1060 103964777
1061 409738882
1062 959950397
1063 752703563
1064 694277258
1065 930320424
1066 597463708
1067 483230824
1068 759630405
1069 223318055
1070 37826796
1071 48541587
1072 158236077
1073 549254260
1074 393430680
1075 725716690
1076 539571678
1077 633816340
1078 760272328
1079 585495145
1080 12369744
1081 868452059
1082 861123922
1083 980035124
1084 874484876
1085 618105806
1086 895530416
1087 236307230
1088 437088812
1089 419682016
1090 794515261
1091 891193556
1092 626522
1093 404628190
1094 650904351
1095 590090158
1096 788740431
1097 42868540
1098 402286037
1099 623860724
1100 338515971
1101 126866461
1102 35164124
1103 376298011
1104 461261453
1105 52692813
1106 966548581
1107 35978400
1108 422449414
1109 827219907
1110 982024611
1111 944213439
1112 955167153
1113 499813330
1114 519718176
1115 683628190
1116 166186384
1117 965859200
1118 841082254
1119 55723479
1120 110528803
1121 297163057
1122 361766410
1123 937769216
1124 267898456
1125 505376338
1126 876165191
1127 881693019
1128 982620413
1129 523394823
1130 11554602
1131 859708720
1132 515137065
1133 483165873
1134 539059892
1135 430525211
1136 785834965
1137 673756474
1138 414373938
1139 316303921
1140 557520858
1141 618386921
1142 731628652
1143 132592053
1144 694690823
1145 610879015
1146 170122640
1147 742699180
1148 754987384
1149 639652948
1150 744497685
1151 595792967
1152 279266776
1153 9851157
1154 247495222
1155 451457413
1156 237559137
1157 919047150
1158 607499368
1159 915747548
1160 888293983
1161 955010155
1162 373537694
1163 694727735
1164 905692952
1165 844457345
1166 6437958
1167 19143897
1168 560755919
1169 945026347
1170 604818556
1171 297203472
1172 620532768
1173 216886073
1174 219432465
1175 402367664
1176 75717534
1177 53307828
1178 609822548
1179 337079600
1180 908692785
1181 581852136
1182 293202762
1183 752950548
1184 578690178
1185 220038179
1186 380974159
1187 241756747
1188 144497598
1189 81582391
1190 919452190
1191 533501774
1192 766143204
1193 642986663
1194 190220910
1195 593897928
1196 757386588
1197 473681626
1198 674126685
1199 193668196
1200 436222948
1201 240772408
1202 973273307
1203 893593478
1204 179810677
1205 950002915
1206 91809657
1207 241097529
1208 932268410
1209 631761331
1210 79583217
1211 190446025
1212 573454135
1213 372825270
1214 718383887
1215 323698271
1216 618277104
1217 292544383
1218 358181859
1219 348579756
1220 129971737
1221 583275451
1222 141985755
1223 306762119
1224 117868872
1225 761635655
1226 680568950
1227 758857166
1228 439501523
1229 720124692
1230 979065427
1231 791210461
1232 677176648
1233 40105834
1234 168488497
1235 384981703
1236 177046595
1237 12612650
1238 98071228
1239 751277191
1240 359367555
1241 522442827
1242 476847396
1243 111348281
1244 42245138
1245 70558431
1246 188128578
1247 151204043
1248 783905179
1249 923645644
1250 315740364
1251 524436274
1252 621264458
1253 562421545
1254 524120413
1255 893784293
1256 401986059
1257 929853945
1258 232864471
1259 911634874
1260 952880435
1261 393017413
1262 78667718
1263 687264524
1264 779065547
1265 977379930
1266 906471474
1267 19453801
1268 552531372
1269 138858864
1270 863191453
1271 3672078
1272 140427390
1273 951167989
1274 479667584
1275 378939140
1276 780630418
1277 769941796
1278 797121120
1279 875854655
1280 704584799
1281 694064970
1282 908759086
1283 51512617
1284 637752790
1285 164858104
1286 368316261
1287 772875803
1288 137751415
1289 395724974
1290 433622016
1291 591790143
1292 676109470
1293 860370937
1294 495496379
1295 812041152
1296 9034487
1297 415079883
1298 914100752
1299 454416324
1300 536860023
1301 521164864
1302 200934764
1303 209551085
1304 745266633
1305 708384405
1306 447510549
1307 885584455
1308 713847282
1309 340300699
1310 722411151
1311 405008552
1312 618439941
1313 562060279
1314 267721267
1315 706493205
1316 800154584
1317 650206859
1318 19817178
1319 435167014
1320 387232803
1321 662936896
1322 368984171
1323 618593998
1324 124865834
1325 523670809
1326 941867787
1327 340562299
1328 707056844
1329 138298418
1330 332855849
1331 60176271
1332 468357878
1333 818835407
1334 323711900
1335 87782618
1336 847710079
1337 85506829
1338 984819828
1339 826096594
1340 381710379
1341 79171868
1342 987935708
1343 891455917
1344 545790060
1345 500695818
1346 151585252
1347 541474483
1348 726595503
1349 776062664
1350 266183603
1351 744911362
1352 926010150
1353 235190868
1354 929266438
1355 603740947
1356 198310451
1357 474396489
1358 790391558
1359 532325497
1360 991477475
1361 538976836
1362 891061595
1363 563052681
1364 9093226
1365 613576956
1366 231959210
1367 488940483
1368 136334825
1369 515723972
1370 34544778
1371 8157177
1372 208659107
1373 384026929
1374 192807894
1375 902935289
1376 453176843
1377 118922345
1378 491596361
1379 549973436
1380 697250282
1381 7179871
1382 526484914
1383 807209509
1384 486041051
1385 892869951
1386 647703883
1387 812674673
1388 842815536
1389 313305251
1390 626024746
1391 648166742
1392 520093171
1393 589600834
1394 929514191
1395 291473413
1396 880019400
1397 457977670
1398 270440723
1399 902533689
1400 839769473
1401 184119800
1402 727536645
1403 499507044
1404 640701889
1405 789433832
1406 518139051
1407 704165788
1408 996585132
1409 675140434
1410 535676391
1411 267218222
1412 41102089
1413 369688504
1414 427544639
1415 242756843
1416 829674426
1417 880770871
1418 734828984
1419 968607117
1420 978878178
1421 512598821
1422 788408159
1423 960165369
1424 944497016
1425 880350696
1426 899566613
1427 244630832
1428 544326134
1429 990399127
1430 532179594
1431 903804353
1432 949027664
1433 502395847
1434 212563091
1435 99832132
1436 280130287
1437 68481926
1438 576368972
1439 702926348
1440 422429201
1441 144087714
1442 276605884
1443 977328631
1444 511509731
1445 626077571
1446 83984699
1447 319930227
1448 232791113
1449 257774714
1450 187401556
1451 337851096
1452 668806841
1453 117109884
1454 29905471
1455 590955717
1456 365058002
1457 992142091
1458 231387399
1459 217232151
1460 23176642
1461 108054204
1462 255288351
1463 855086661
1464 450393810
1465 179162384
1466 257645242
1467 900086301
1468 305237177
1469 736121507
1470 145337206
1471 796182298
1472 29227030
1473 1869574
1474 920931314
1475 744129840
1476 532322232
1477 833124181
1478 53193188
1479 385300362
1480 694020471
1481 784458152
1482 301087261
1483 181275239
1484 488490323
1485 371130469
1486 838691450
1487 766752066
1488 752531203
1489 554614467
1490 45020953
1491 19433012
1492 918664245
1493 689382123
1494 504425270
1495 93799451
1496 82160558
1497 138880114
1498 101089423
1499 34405973
1500 628132044
1501 270451113
1502 791377805
1503 809084799
1504 190385745
1505 965448163
1506 157149097
1507 55582018
1508 436288994
1509 824276675
1510 19188576
1511 442865084
1512 906522132
1513 895027330
1514 102698156
1515 175364961
1516 932616578
1517 710832031
1518 168955026
1519 127925153
1520 527421138
1521 830664215
1522 604921329
1523 359177930
1524 180116553
1525 142870461
1526 751706058
1527 703674571
1528 443619691
1529 452602726
1530 648388668
1531 245412635
1532 923843671
1533 524080048
1534 620639593
1535 227425737
1536 166889355
1537 20151011
1538 169696969
1539 262921730
1540 759563289
1541 484981159
1542 979630049
1543 988166704
1544 998867099
1545 142873439
1546 690659942
1547 570105227
1548 498196943
1549 210468876
1550 762662574
1551 488708741
1552 562487919
1553 196796553
1554 280831559
1555 242591825
1556 109872197
1557 555390542
1558 255021018
1559 485307440
1560 791763827
1561 82134478
1562 409026899
1563 28826953
1564 55682982
1565 881285980
1566 236866620
1567 989965064
1568 227420684
1569 857291669
1570 632790232
1571 600982004
1572 65030032
1573 837885784
1574 659963099
1575 597511581
1576 355714907
1577 924135653
1578 802692082
1579 351398101
1580 296765501
1581 772134456
1582 664152175
1583 161944262
1584 195674504
1585 158526441
1586 890687478
1587 400891854
1588 70544863
1589 904589465
1590 913577180
1591 98252659
1592 287340293
1593 559651470
1594 538271896
1595 143529056
1596 766453519
1597 880829535
1598 44665334
1599 727968748
1600 547263268
1601 479567122
1602 608359615
1603 353545336
1604 319342045
1605 659759328
1606 229059880
1607 626530281
1608 89593438
1609 84106688
1610 118574891
1611 339278763
1612 524755802
1613 124036496
1614 210585342
1615 378651328
1616 866589095
1617 678187714
1618 746922372
1619 693259312
1620 210762012
1621 149003673
1622 856034241
1623 136825734
1624 943732429
1625 147470466
1626 98339494
1627 739524313
1628 336466689
1629 250461370
1630 923520823
1631 614282088
1632 235127436
1633 323015693
1634 756450083
1635 569958474
1636 268954106
1637 298841532
1638 769716790
1639 586308345
1640 743849283
1641 777386128
1642 478567229
1643 712524082
1644 72545294
1645 453143777
1646 358275992
1647 571866408
1648 560566762
1649 493964770
1650 360311871
1651 483114500
1652 173565173
1653 31126025
1654 360093085
1655 936503747
1656 890647163
1657 781017586
1658 957786797
1659 344476533
1660 409884957
1661 342335514
1662 763882408
1663 572134544
1664 272642109
1665 84261081
1666 974018394
1667 145641522
1668 247953737
1669 617731160
1670 26601676
1671 408811560
1672 839594466
1673 956151130
1674 769216416
1675 924072193
1676 266071989
1677 843767182
1678 374643495
1679 560915464
1680 249258442
1681 815656289
1682 963337159
1683 586082240
1684 873313720
1685 58894367
1686 12011415
1687 480940524
1688 143830846
1689 592850604
1690 423601777
1691 614305890
1692 153968375
1693 600829415
1694 981263970
1695 895644072
1696 678445481
1697 363896069
1698 270595243
1699 776180948
1700 767302491
1701 485498410
1702 896278370
1703 484201494
1704 70004698
1705 692282374
1706 737158224
1707 669246023
1708 949221927
1709 430620050
1710 918773037
1711 394108552
1712 467087152
1713 204129763
1714 977585355
1715 733965923
1716 120077871
1717 908401494
1718 115886706
1719 494604994
1720 87820958
1721 403809043
1722 370774952
1723 198494481
1724 578366355
1725 570479621
1726 487104014
1727 73283021
1728 675415772
1729 446955990
1730 708844619
1731 503810508
1732 813138351
1733 301314892
1734 864133278
1735 723210735
1736 241663034
1737 743209455
1738 592086373
1739 654363619
1740 623267021
1741 155650260
1742 545860758
1743 792180799
1744 532867123
1745 465163338
1746 983083392
1747 90028476
1748 9343899
1749 114733915
1750 641403158
1751 634723180
1752 850617192
1753 103703564
1754 81400393
1755 255882874
1756 271429386
1757 872773686
1758 581284958
1759 554932072
1760 136071509
1761 751054195
1762 913242188
1763 993559545
1764 299637046
1765 701468203
1766 686558003
1767 962280948
1768 257787059
1769 900736754
1770 998484347
1771 694764059
1772 834087830
1773 138583154
1774 177832567
1775 63439163
1776 312519525
1777 915554344
1778 660028271
1779 485274872
1780 489560924
1781 683211575
1782 772932355
1783 14532664
1784 368657419
1785 202859600
1786 990806539
1787 84049497
1788 224417464
1789 862534664
1790 354830624
1791 753639093
1792 811157630
1793 243933437
1794 333278767
1795 338716498
1796 556642360
1797 722626587
1798 802419837
1799 744526828
1800 357325555
1801 269391400
1802 931185959
1803 412386503
1804 386362006
1805 799690752
1806 68265438
1807 80650460
1808 222147476
1809 83731537
1810 27991776
1811 960949250
1812 266442616
1813 902081359
1814 327174958
1815 484287559
1816 389538035
1817 224359604
1818 526556413
1819 785191367
1820 220206580
1821 683222949
1822 272984838
1823 760087350
1824 862654855
1825 966189652
1826 833305135
1827 915139842
1828 317306488
1829 132531596
1830 721149655
1831 716773117
1832 120754067
1833 669799045
1834 419105906
1835 301390399
1836 418822771
1837 348728066
1838 470747958
1839 118363978
1840 27197226
1841 609448167
1842 147833234
1843 508648721
1844 708217446
1845 196774887
1846 299457947
1847 235859946
1848 681061945
1849 905386695
1850 181495037
1851 570302080
1852 495634572
1853 84497835
1854 196958156
1855 972812045
1856 987347148
1857 3846314
1858 881697150
1859 832401362
1860 266359415
1861 292227138
1862 67110558
1863 509081201
1864 368151098
1865 321780582
1866 186973379
1867 86028287
1868 710981931
1869 476133247
1870 686314007
1871 417862097
1872 123922155
1873 253944957
1874 489069000
1875 164319801
1876 446889789
1877 897166380
1878 345930504
1879 978400537
1880 276787607
1881 796260571
1882 104165091
1883 853280050
1884 860360380
1885 648262325
1886 117929449
1887 995235716
1888 703801622
1889 554144995
1890 113104138
1891 360337479
1892 847234784
1893 524090290
1894 318854970
1895 794337920
1896 72331313
1897 219993855
1898 689239228
1899 9852903
1900 136728986
1901 737197329
1902 288787566
1903 326177490
1904 442274695
1905 628310334
1906 910371776
1907 743864344
1908 206876992
1909 957661721
1910 405644026
1911 255023336
1912 278307299
1913 275552432
1914 411512980
1915 154418374
1916 448730988
1917 548121982
1918 864022793
1919 983736637
1920 264085863
1921 205518580
1922 830079403
1923 48895024
1924 733811363
1925 147522228
1926 806880334
1927 320028797
1928 403689403
1929 595408387
1930 650348550
1931 565695868
1932 846486340
1933 996290987
1934 950522418
1935 668918364
1936 604503929
1937 631959741
1938 111943427
1939 822446039
1940 12136005
1941 532395610
1942 683624502
1943 657535230
1944 60194467
1945 427909908
1946 222382634
1947 933178102
1948 334057905
1949 759884646
1950 699262799
1951 402778171
1952 237676788
1953 988924169
1954 204401063
1955 108839849
1956 143454458
1957 287878588
1958 673565890
1959 804516164
1960 576194017
1961 126499956
1962 182400288
1963 944847210
1964 417411810
1965 412575865
1966 598968406
1967 747688714
1968 19700820
1969 918093184
1970 405512579
1971 595546280
1972 161902319
1973 853586626
1974 488267829
1975 977618465
1976 908092652
1977 441085240
1978 559972118
1979 404507957
1980 495118647
1981 26060805
1982 970360590
1983 325267431
1984 437306118
1985 256546603
1986 751240927
1987 113335847
1988 798596571
1989 173844634
1990 144535828
1991 988872840
1992 809904446
1993 937234908
1994 622391443
1995 724514961
1996 398576359
1997 892996873
1998 375455783
1999 862420166
2000 853970480
2001 339567402
2002 813466935
2003 214430381
2004 250629723
2005 473438172
2006 624201411
2007 40822041
2008 680658748
2009 372652923
2010 268670391
2011 495887632
2012 489828796
2013 297995833
2014 860987672
2015 687685975
2016 210874224
2017 729761667
2018 721709996
2019 354207485
2020 304805555
2021 972895631
2022 824414929
2023 889442479
2024 476476464
2025 838598310
2026 716920554
2027 265757063
2028 488411520
2029 320166285
2030 306746078
2031 405200658
2032 327515526
2033 95662682
2034 81900527
2035 297246512
2036 74875820
2037 393668991
2038 160784852
2039 618256047
2040 282760611
2041 585385811
2042 11113692
2043 265404041
2044 845868585
2045 670337596
2046 201507333
2047 520120644
2048 650348774
2049 984241218
2050 789962323
2051 627853780
2052 98171349
2053 735968429
2054 581066086
2055 724799904
2056 358324671
2057 867688269
2058 506729150
2059 340966332
2060 954179780
2061 460680773
2062 360005653
2063 990331478
2064 502770507
2065 466190270
2066 776453570
2067 630378169
2068 307706605
2069 408935395
2070 954394760
2071 754719364
2072 69727488
2073 78079358
2074 939740491
2075 300642431
2076 52254960
2077 925437229
2078 271210868
2079 967680774
2080 999838913
2081 96323591
2082 959714763
2083 296747775
2084 980340617
2085 181345769
2086 830612254
2087 143300755
2088 877312322
2089 608552680
2090 612842585
2091 812033417
2092 687509266
2093 496967203
2094 398783266
2095 786847811
2096 748467973
2097 97933800
2098 275535795
2099 420745390
2100 122715374
2101 806620997
2102 341026113
2103 928220243
2104 145083682
2105 115520233
2106 876743266
2107 587365313
2108 523960257
2109 738429067
2110 588438567
2111 152367720
2112 910042959
2113 792675039
2114 217414103
2115 980336387
2116 552743763
2117 537839460
2118 718149651
2119 304495717
2120 84622302
2121 776051076
2122 673289182
2123 318017486
2124 740846653
2125 758471617
2126 436964092
2127 476605413
2128 955648848
2129 215739913
2130 587349759
2131 336693487
2132 368970104
2133 599279986
2134 863602513
2135 475942984
2136 357469055
2137 890260141
2138 778214460
2139 228384677
2140 64351298
2141 392023352
2142 642780007
2143 945531601
2144 52062295
2145 333264417
2146 844935921
2147 416490635
2148 490535686
2149 58342511
2150 988880699
2151 323750164
2152 778438953
2153 237640530
2154 78026715
2155 384706429
2156 903094128
2157 473143059
2158 838559267
2159 70275840
2160 641711689
2161 641542158
2162 176533397
2163 898766014
2164 538114054
2165 908203911
2166 530898376
2167 686707118
2168 505518004
2169 977852349
2170 7464148
2171 179396650
2172 918446597
2173 159542895
2174 15073070
2175 149948649
2176 373018972
2177 670580874
2178 734617834
2179 362299737
2180 522724207
2181 393984146
2182 336752072
2183 744227723
2184 43586720
2185 991119968
2186 803488645
2187 974736701
2188 604641608
2189 793512507
2190 535814913
2191 307028914
2192 193547959
2193 512499417
2194 609519393
2195 363008479
2196 705375341
2197 655508031
2198 466651930
2199 883573399
2200 665172279
2201 966458057
2202 210795192
2203 376348091
2204 225945823
2205 119625966
2206 960455456
2207 1901331
2208 440786742
2209 180374085
2210 47954567
2211 855626882
2212 181586123
2213 416720447
2214 599907638
2215 630807817
2216 263484792
2217 773847162
2218 240808197
2219 530328738
2220 662673431
2221 386186087
2222 702292802
2223 981771558
2224 297193701
2225 809372604
2226 373223657
2227 826602714
2228 690679114
2229 877875790
2230 520278615
2231 528783871
2232 59649253
2233 628536279
2234 451460365
2235 321396204
2236 669750047
2237 826516186
2238 846934150
2239 573143153
2240 660297992
2241 688324385
2242 311965219
2243 528385869
2244 967399372
2245 617190149
2246 407451898
2247 864553353
2248 479415721
2249 370767335
2250 717698661
2251 173529470
2252 413591125
2253 541971995
2254 624213100
2255 76034798
2256 949885891
2257 697269932
2258 373458976
2259 508567136
2260 466703149
2261 393523217
2262 594084969
2263 70120498
2264 230736167
2265 104947550
2266 159671449
2267 641835649
2268 763579835
2269 415708570
2270 23121930
2271 371194424
2272 674532640
2273 946126601
2274 702546588
2275 99245743
2276 134228614
2277 118939585
2278 735256915
2279 870229981
2280 114882107
2281 228996970
2282 658739874
2283 199685592
2284 903136851
2285 424396096
2286 961847179
2287 948939250
2288 60512543
2289 681036907
2290 999530581
2291 831781751
2292 988063156
2293 874949896
2294 721555000
2295 860581295
2296 488613747
2297 838832062
2298 50423226
2299 62571487
2300 971777685
2301 631455873
2302 83052568
2303 498288359
2304 417588977
2305 783774185
2306 881256874
2307 502670793
2308 605159634
2309 628707036
2310 941798105
2311 72791232
2312 874638243
2313 997958637
2314 567439042
2315 704046745
2316 396741600
2317 350104008
2318 811895753
2319 50397996
2320 809171501
2321 198398549
2322 522878688
2323 230111615
2324 278965446
2325 974953175
2326 177900874
2327 865315382
2328 156257541
2329 604570970
2330 287217244
2331 477301799
2332 243780801
2333 89481499
2334 105365090
2335 773306048
2336 484255770
2337 175130302
2338 489727431
2339 19138893
2340 665984585
2341 867033854
2342 855274474
2343 236026546
2344 304011025
2345 193369838
2346 206555002
2347 778146996
2348 316861955
2349 759384460
2350 461556493
2351 507475066
2352 71675947
2353 212139162
2354 298116423
2355 965400638
2356 518652488
2357 237503287
2358 778749819
2359 343835128
2360 391106210
2361 408516018
2362 686636954
2363 785242799
2364 271075815
2365 45743762
2366 867634324
2367 876518253
2368 860858932
2369 573077241
2370 405492461
2371 371383153
2372 429068623
2373 114127434
2374 495853642
2375 668256331
2376 141420677
2377 400668801
2378 515352305
2379 744370497
2380 324683743
2381 471730651
2382 215339210
2383 100640924
2384 174590549
2385 893119806
2386 518028410
2387 480326037
2388 283523500
2389 600304073
2390 380358865
2391 203566150
2392 292663559
2393 551507052
2394 322468529
2395 113551803
2396 506771137
2397 39302786
2398 567591680
2399 680176906
2400 878201877
2401 266674272
2402 46989222
2403 752475189
2404 241117320
2405 914717779
2406 676467808
2407 25681595
2408 371372701
2409 495207024
2410 813462042
2411 573818820
2412 805861561
2413 161153400
2414 632342362
2415 993736489
2416 96429093
2417 589874604
2418 404645875
2419 76596472
2420 804457869
2421 960026796
2422 829770172
2423 48015117
2424 351276029
2425 114284635
2426 482313527
2427 41613792
2428 109023254
2429 338830459
2430 189322421
2431 725496174
2432 376730707
2433 699177103
2434 93899828
2435 150746864
2436 111426873
2437 370885
2438 838485522
2439 696193097
2440 586470029
2441 675939919
2442 529958183
2443 17382244
2444 10098457
2445 928627240
2446 671292604
2447 120421374
2448 343541094
2449 114012410
2450 456519213
2451 651405336
2452 772900978
2453 27265050
2454 304039943
2455 311644867
2456 457054314
2457 29477465
2458 835608901
2459 313664640
2460 304433573
2461 17416627
2462 841787469
2463 882471495
2464 807837514
2465 259965730
2466 216737333
2467 786009952
2468 945502950
2469 528480253
2470 617367043
2471 652766629
2472 187084734
2473 217774805
2474 954601868
2475 37782666
2476 871708870
2477 659960163
2478 388855829
2479 206018037
2480 277573436
2481 263211988
2482 915885034
2483 412015269
2484 297349266
2485 577032653
2486 734926901
2487 991185205
2488 250218339
2489 471526492
2490 201374605
2491 16455743
2492 28047638
2493 498904986
2494 237928416
2495 899348905
2496 962729899
2497 467062328
2498 669667975
2499 926474414
2500 209052426
2501 876068314
2502 221282068
2503 659705880
2504 913810592
2505 4309550
2506 27583243
2507 961198238
2508 867953334
2509 148361463
2510 392524509
2511 466920335
2512 735477177
2513 21474129
2514 649326538
2515 665646115
2516 447317861
2517 199288227
2518 212661172
2519 747867914
2520 399004016
2521 850867494
2522 579934321
2523 842979247
2524 173517599
2525 678106866
2526 778855535
2527 288100907
2528 216822779
2529 72965500
2530 752428029
2531 164969813
2532 153004334
2533 691374533
2534 459535026
2535 804965222
2536 143690128
2537 412244546
2538 725572280
2539 349210164
2540 19973460
2541 844202845
2542 440609565
2543 12753471
2544 201302290
2545 300787782
2546 625725785
2547 389687678
2548 736194003
2549 199885088
2550 487399194
2551 290967962
2552 720412218
2553 747526790
2554 577322868
2555 955050127
2556 942566445
2557 790865549
2558 506187490
2559 283613723
2560 859303629
2561 999281782
2562 843911355
2563 279193208
2564 638029323
2565 939923657
2566 903367293
2567 117311517
2568 89429043
2569 488307201
2570 217638514
2571 582406798
2572 466930222
2573 742050652
2574 537543183
2575 234393328
2576 359484279
2577 884631146
2578 484709576
2579 269129881
2580 692276411
2581 502217604
2582 133003886
2583 361503957
2584 568032919
2585 691373797
2586 221679037
2587 311616224
2588 790269910
2589 200786563
2590 48201106
2591 713371315
2592 612075938
2593 248342630
2594 732923527
2595 237909384
2596 588983588
2597 825328315
2598 842308874
2599 243642000
2600 115971549
2601 616714478
2602 89509739
2603 703637295
2604 445493294
2605 636775518
2606 351495711
2607 763694489
2608 329946254
2609 994311826
2610 696999526
2611 917491119
2612 896532739
2613 753251984
2614 372154315
2615 688347720
2616 594875603
2617 507017910
2618 347052627
2619 31700496
2620 506161824
2621 776933978
2622 94521048
2623 767064114
2624 149863326
2625 98111620
2626 514130348
2627 26521360
2628 135645657
2629 530622428
2630 509748121
2631 61269935
2632 946968832
2633 972903939
2634 802144109
2635 984352462
2636 336201282
2637 306242506
2638 597270394
2639 472243449
2640 251833948
2641 12853765
2642 938382691
2643 248445199
2644 230699960
2645 948237677
2646 550847082
2647 232739918
2648 191988648
2649 889942547
2650 853698131
2651 97480813
2652 171297566
2653 901402181
2654 66916342
2655 610306103
2656 733237713
2657 952710913
2658 122141977
2659 231294975
2660 369016551
2661 445659763
2662 437365607
2663 924598304
2664 784921127
2665 671020117
2666 381841971
2667 193855873
2668 146889608
2669 538350121
2670 247766113
2671 70811029
2672 403644723
2673 803493236
2674 854072617
2675 106807596
2676 384036087
2677 324153870
2678 388744257
2679 500264788
2680 591404782
2681 553421940
2682 825476985
2683 42748979
2684 583195626
2685 368847660
2686 249402033
2687 763817341
2688 73859617
2689 907665525
2690 655104699
2691 516943179
2692 432398176
2693 671315982
2694 2869075
2695 826295520
2696 720305329
2697 847673470
2698 906822726
2699 920596305
2700 388943751
2701 719479207
2702 885471118
2703 979519728
2704 250423440
2705 542856357
2706 786754776
2707 993216948
2708 767085949
2709 924388562
2710 810126634
2711 2316495
2712 109660758
2713 781586040
2714 867962742
2715 56321574
2716 518733646
2717 423750884
2718 707216769
2719 839497781
2720 546172462
2721 120381341
2722 282246194
2723 241363682
2724 743778070
2725 533500477
2726 85402003
2727 298208592
2728 319785305
2729 483398500
2730 958668567
2731 861909979
2732 119422877
2733 271925671
2734 137737489
2735 522333023
2736 582654551
2737 332053951
2738 362828603
2739 14746804
2740 48775861
2741 964951329
2742 85338338
2743 982922525
2744 255940503
2745 123121407
2746 481316050
2747 127183120
2748 336953684
2749 2037899
2750 394557790
2751 649069232
2752 274785585
2753 824194577
2754 729845519
2755 703435146
2756 131573935
2757 983728947
2758 228580637
2759 861980343
2760 537047787
2761 797069009
2762 634801537
2763 270506739
2764 681366764
2765 629691357
2766 69520904
2767 202108699
2768 568886581
2769 375882942
2770 911913413
2771 526552745
2772 459196234
2773 376336397
2774 359829081
2775 293865072
2776 695818896
2777 555904876
2778 316705929
2779 921317459
2780 673844617
2781 329761085
2782 33191097
2783 951430890
2784 395423172
2785 838251461
2786 162238671
2787 481392431
2788 395619005
2789 628054743
2790 667979313
2791 812327324
2792 464784703
2793 778949348
2794 44950171
2795 397575804
2796 210451662
2797 361237466
2798 689338306
2799 446449941
2800 830962860
2801 849564468
2802 95584712
2803 994434469
2804 402656939
2805 86966883
2806 96838922
2807 394866141
2808 674259309
2809 348852782
2810 542430357
2811 287008618
2812 342538001
2813 671078076
2814 708361756
2815 582921092
2816 625129881
2817 676781807
2818 832527241
2819 464252219
2820 948518463
2821 870290481
2822 621400237
2823 244450261
2824 911172678
2825 255197363
2826 543517153
2827 407810374
2828 596369526
2829 817492872
2830 33780475
2831 169640461
2832 87840405
2833 497636167
2834 954434184
2835 838902097
2836 67444474
2837 144607422
2838 1725274
2839 640335361
2840 270068348
2841 351018771
2842 610513806
2843 634216552
2844 631511713
2845 678679520
2846 422702055
2847 885628606
2848 178999918
2849 602905175
2850 30439031
2851 490370797
2852 947210002
2853 240989222
2854 81763899
2855 665731022
2856 93370303
2857 962590552
2858 168803052
2859 996242341
2860 532129115
2861 457058642
2862 650699282
2863 369101525
2864 790082287
2865 220421013
2866 840950101
2867 108819187
2868 123663172
2869 924441680
2870 111209880
2871 663144954
2872 605972235
2873 838809969
2874 974673480
2875 698932870
2876 626255871
2877 607169898
2878 716983028
2879 356108231
2880 528407823
2881 481259395
2882 155807914
2883 557693502
2884 259141112
2885 164067799
2886 299557333
2887 25063469
2888 73417114
2889 812589288
2890 459262459
2891 323288549
2892 941567502
2893 980361062
2894 604310424
2895 202501314
2896 511663812
2897 558567380
2898 435380568
2899 474573922
2900 223884375
2901 797816273
2902 633585736
2903 852174257
2904 560333612
2905 197817698
2906 714959901
2907 869041428
2908 349733296
2909 255661082
2910 261314806
2911 910224308
2912 636755414
2913 641206951
2914 734277954
2915 681432770
2916 39310569
2917 247883849
2918 89657243
2919 223660637
2920 502733704
2921 675399801
2922 838707764
2923 784985113
2924 138611713
2925 453304750
2926 838992131
2927 267516665
2928 772615533
2929 71808525
2930 280622156
2931 44791690
2932 68475552
2933 865257482
2934 417802677
2935 826023473
2936 380728505
2937 626717773
2938 810980776
2939 983620029
2940 971895322
2941 343965553
2942 437043186
2943 350883576
2944 421136772
2945 308658024
2946 420831823
2947 234969889
2948 136955534
2949 955728865
2950 301862431
2951 873315112
2952 315324164
2953 275910955
2954 584288398
2955 568532921
2956 780355976
2957 413069384
2958 669483198
2959 928786950
2960 834309283
2961 332267849
2962 103672263
2963 631258056
2964 613941624
2965 606713588
2966 710624430
2967 245198768
2968 575053834
2969 492368803
2970 310852761
2971 562098621
2972 983106215
2973 595272865
2974 465878383
2975 161507490
2976 871615794
2977 538726842
2978 484552732
2979 524390072
2980 146631284
2981 790823175
2982 776698421
2983 350542775
2984 571634682
2985 216690430
2986 269441923
2987 246531462
2988 537218861
2989 862807987
2990 646689332
2991 265320166
2992 742356100
2993 746258801
2994 812983550
2995 498206612
2996 823077668
2997 175508248
2998 200883171
2999 49977450
3000 493703125
3001 160445503
3002 777008631
3003 618866052
3004 375464385
3005 5557598
3006 909252819
3007 847782642
3008 788659237
3009 621288638
3010 993057886
3011 606009363
3012 30376212
3013 851440269
3014 470887342
3015 829458973
3016 547533273
3017 333189526
3018 43807053
3019 704370554
3020 944955537
3021 603345237
3022 681067489
3023 673901175
3024 254854846
3025 119328306
3026 11128963
3027 984239160
3028 474089732
3029 481227540
3030 629482049
3031 210948245
3032 15694199
3033 298297935
3034 839045178
3035 429433635
3036 8482276
3037 797599221
3038 124961973
3039 838153372
3040 258668106
3041 391683031
3042 727157023
3043 614361059
3044 170082759
3045 535644893
3046 532146323
3047 450096146
3048 471823195
3049 906953113
3050 665181357
3051 260432737
3052 774667614
3053 351791983
3054 433318993
3055 874934242
3056 801246609
3057 337489478
3058 647759823
3059 201100327
3060 464806549
3061 864539641
3062 359692885
3063 569498348
3064 878572269
3065 939831856
3066 678511790
3067 335610311
3068 437514395
3069 153461946
3070 658783909
3071 762309392
3072 367046679
3073 689016167
3074 658981074
3075 996622961
3076 964358792
3077 939962638
3078 702853356
3079 636664735
3080 911101458
3081 898137412
3082 871673116
3083 422133461
3084 714700186
3085 99624835
3086 122967828
3087 555991255
3088 504416790
3089 871661764
3090 281152758
3091 688107815
3092 974368388
3093 605159867
3094 822584070
3095 722640501
3096 700881641
3097 712014081
3098 523571078
3099 65302193
3100 24290507
3101 48326724
3102 627005894
3103 539234420
3104 50996908
3105 397249371
3106 737041376
3107 196223790
3108 143450695
3109 954511993
3110 155772557
3111 731426367
3112 239547311
3113 27846206
3114 460780594
3115 614512939
3116 59572167
3117 129257025
3118 458863577
3119 201042763
3120 523287250
3121 402929599
3122 833748992
3123 795342618
3124 939384940
3125 559973008
3126 207702788
3127 759274105
3128 167902241
3129 450654721
3130 289051731
3131 475932076
3132 182861405
3133 589879033
3134 945027114
3135 5707102
3136 120776350
3137 83164702
3138 853710158
3139 942876440
3140 659134244
3141 430141354
3142 258265017
3143 90945617
3144 505083060
3145 905831829
3146 620360039
3147 66663324
3148 49356704
3149 877938507
3150 998268742
3151 259338298
3152 768124902
3153 735094507
3154 100215109
3155 752351829
3156 607195568
3157 739084901
3158 444204981
3159 806797377
3160 586152781
3161 699030565
3162 301100674
3163 790443316
3164 649010912
3165 962041430
3166 817362594
3167 698288218
3168 642215389
3169 701312551
3170 751633894
3171 38988017
3172 251497576
3173 799083294
3174 806535595
3175 644287134
3176 828669777
3177 508541765
3178 76141645
3179 913160958
3180 144720953
3181 656135295
3182 835895612
3183 603033180
3184 533455604
3185 729418977
3186 43482831
3187 592485156
3188 648028234
3189 585270639
3190 412174371
3191 221102295
3192 440576056
3193 283958189
3194 455877774
3195 841586157
3196 288232143
3197 490115069
3198 724791682
3199 373648712
3200 276277252
3201 926734329
3202 662083339
3203 566593954
3204 56180821
3205 535582756
3206 842299192
3207 989942075
3208 498670993
3209 294395506
3210 369628136
3211 390644675
3212 600579540
3213 42987234
3214 262543611
3215 926800405
3216 204296541
3217 123380591
3218 55286058
3219 783244707
3220 462243879
3221 834438901
3222 538528903
3223 979652301
3224 626594037
3225 291747221
3226 102336732
3227 343978738
3228 468216630
3229 782503456
3230 215709885
3231 353433976
3232 533037641
3233 612292821
3234 729843725
3235 219840696
3236 378235094
3237 783139368
3238 856168702
3239 824303463
3240 737465969
3241 861894394
3242 411599281
3243 944070640
3244 910548498
3245 594031562
3246 415217322
3247 537971395
3248 732659777
3249 317464191
3250 463223154
3251 625750667
3252 791585205
3253 808650767
3254 883383413
3255 696342704
3256 959409546
3257 675504142
3258 104141040
3259 625502975
3260 159721013
3261 761044223
3262 158841455
3263 762934937
3264 766447020
3265 603909694
3266 862928467
3267 333326911
3268 336918403
3269 475027272
3270 270620653
3271 696012942
3272 944428717
3273 359772343
3274 311834369
3275 894307906
3276 520615668
3277 929111154
3278 181569256
3279 610286213
3280 592269417
3281 507190524
3282 135967583
3283 827918711
3284 287431898
3285 958387302
3286 304760452
3287 61156088
3288 674231691
3289 185642529
3290 72365048
3291 610025132
3292 607375159
3293 145051690
3294 183820813
3295 416267043
3296 937388057
3297 773300626
3298 538491788
3299 434939958
3300 996126705
3301 280001528
3302 297215609
3303 588485082
3304 333982727
3305 2034577
3306 929411774
3307 384800041
3308 94500523
3309 729536138
3310 105072219
3311 194590005
3312 808735108
3313 8985048
3314 370127668
3315 627855902
3316 773098788
3317 165105765
3318 491736672
3319 452307116
3320 691903697
3321 661449549
3322 40852111
3323 604931741
3324 132096884
3325 531617008
3326 493640178
3327 266694720
3328 705301482
3329 155501850
3330 909657603
3331 295216274
3332 539035207
3333 35061933
3334 485528430
3335 13607377
3336 734099204
3337 460672928
3338 312499515
3339 590591855
3340 738245009
3341 183007547
3342 514026502
3343 387816707
3344 99875064
3345 863908765
3346 821552262
3347 402265953
3348 419693408
3349 97917680
3350 267188966
3351 318345388
3352 840435570
3353 373559591
3354 952683851
3355 526099747
3356 385363253
3357 674024783
3358 367803501
3359 931720011
3360 34123077
3361 885167633
3362 138259310
3363 264287999
3364 917873841
3365 51197871
3366 497693686
3367 442932267
3368 894962477
3369 464212463
3370 451505735
3371 870707352
3372 24533537
3373 126766546
3374 166572382
3375 120853602
3376 320564967
3377 256145745
3378 545852971
3379 855226617
3380 14889549
3381 133721830
3382 690436857
3383 228350674
3384 456713796
3385 247534126
3386 246196904
3387 675563947
3388 162947243
3389 819013451
3390 778895003
3391 667883029
3392 450780445
3393 383892468
3394 734635295
3395 213064837
3396 309268643
3397 916108544
3398 921073298
3399 567182752
3400 686292044
3401 793501203
3402 831467475
3403 685827769
3404 726105059
3405 906555745
3406 850749265
3407 818592041
3408 802002551
3409 747677378
3410 786047491
3411 795000306
3412 526447973
3413 439869316
3414 292126986
3415 676673695
3416 181615309
3417 841097740
3418 889045558
3419 52020619
3420 991708475
3421 859127517
3422 779685671
3423 152574574
3424 280820189
3425 741646996
3426 654357489
3427 362121081
3428 871356296
3429 829538412
3430 739242133
3431 109512186
3432 213297188
3433 544814637
3434 123643286
3435 857006898
3436 720945335
3437 111091254
3438 562147169
3439 467920522
3440 183224805
3441 428866933
3442 515423238
3443 196996889
3444 285571689
3445 122022108
3446 839532568
3447 463420054
3448 131602290
3449 109291491
3450 138373513
3451 797938111
3452 104552900
3453 468144709
3454 758956526
3455 738179578
3456 554267302
3457 254826092
3458 674451895
3459 679817545
3460 31252602
3461 144789932
3462 812889580
3463 420672103
3464 616704920
3465 353130751
3466 519273556
3467 289934985
3468 726764708
3469 709842480
3470 50215730
3471 795532434
3472 31166489
3473 82462814
3474 33867306
3475 241257938
3476 452531603
3477 810412858
3478 492885389
3479 369076138
3480 902993011
3481 230771559
3482 10699163
3483 712710083
3484 867984270
3485 986182640
3486 736359553
3487 456946504
3488 881826172
3489 458966298
3490 564833801
3491 737711337
3492 311708604
3493 98396885
3494 795661839
3495 377649180
3496 844788789
3497 268245686
3498 284109382
3499 995640501
3500 325440041
3501 818029968
3502 245147215
3503 630329552
3504 486037962
3505 484015642
3506 639829630
3507 657996051
3508 720154859
3509 947210058
3510 863507627
3511 21591020
3512 499834897
3513 524143397
3514 208338913
3515 637094917
3516 81866963
3517 26733897
3518 162270187
3519 936665413
3520 779934294
3521 228888095
3522 232265575
3523 714898348
3524 293974550
3525 531580649
3526 662912136
3527 767207935
3528 769568915
3529 528009050
3530 217352455
3531 3010762
3532 984540357
3533 175834755
3534 967211681
3535 712914574
3536 443984520
3537 833858011
3538 884025365
3539 149596182
3540 651976188
3541 170829286
3542 705840529
3543 280884110
3544 921755328
3545 869024589
3546 349762665
3547 360198828
3548 451123908
3549 684888606
3550 402093519
3551 503666264
3552 699951261
3553 516713726
3554 913839412
3555 91955839
3556 928529997
3557 33358380
3558 165934782
3559 541593412
3560 407113798
3561 680035680
3562 59773527
3563 107718464
3564 387530531
3565 491397154
3566 761626692
3567 603269990
3568 343843620
3569 80202336
3570 554390522
3571 119140843
3572 383887382
3573 514031258
3574 608923805
3575 530942958
3576 783224075
3577 46855334
3578 916188614
3579 754194652
3580 274742244
3581 624301240
3582 238220011
3583 194418648
3584 897021448
3585 327707330
3586 985939974
3587 421601370
3588 536053650
3589 19714414
3590 132380998
3591 968191829
3592 882770579
3593 504071411
3594 921834056
3595 286351729
3596 423333950
3597 445895617
3598 94775898
3599 471268769
3600 6056352
3601 321279787
3602 357871250
3603 889974063
3604 896649867
3605 109619289
3606 14454426
3607 172664750
3608 482207388
3609 504272051
3610 971354661
3611 160055332
3612 262675876
3613 80121283
3614 851385169
3615 104280271
3616 572032616
3617 189634473
3618 16727733
3619 99052955
3620 45437233
3621 145060804
3622 215899889
3623 427764977
3624 93095501
3625 437202503
3626 182372378
3627 199394203
3628 207113191
3629 739564313
3630 13170822
3631 394133408
3632 929990171
3633 202489469
3634 913684087
3635 568087592
3636 365489806
3637 269361325
3638 876789387
3639 418158469
3640 211553668
3641 786209043
3642 92966738
3643 140358242
3644 440207034
3645 255652612
3646 692500079
3647 368834229
3648 112030634
3649 519112969
3650 199697413
3651 657215251
3652 234695799
3653 796690433
3654 574853850
3655 122992560
3656 909241062
3657 506087429
3658 50852737
3659 980546570
3660 730150063
3661 103806218
3662 961886742
3663 89686577
3664 279257330
3665 735954096
3666 574671781
3667 859516363
3668 38707250
3669 964359452
3670 658491603
3671 214839707
3672 290008021
3673 269155204
3674 782028814
3675 313138892
3676 91133190
3677 257529147
3678 512507205
3679 166127746
3680 253356746
3681 796679960
3682 726543421
3683 772583315
3684 362118510
3685 968726566
3686 791172406
3687 870822491
3688 491200950
3689 112424278
3690 164207838
3691 595136976
3692 87095407
3693 759954711
3694 176540821
3695 722237849
3696 714603222
3697 501652586
3698 322662254
3699 466020650
3700 644758320
3701 109327472
3702 70038160
3703 624558556
3704 304746900
3705 265454321
3706 469487672
3707 181032765
3708 255612021
3709 803189203
3710 750394231
3711 876052741
3712 841476980
3713 405058930
3714 795995294
3715 540407815
3716 771731467
3717 239773921
3718 802815310
3719 501414353
3720 480642743
3721 416648799
3722 452928112
3723 159255348
3724 91944568
3725 581996535
3726 436360609
3727 433906002
3728 630534258
3729 753503348
3730 65053317
3731 190755462
3732 476821211
3733 605744724
3734 145639174
3735 377291990
3736 436963886
3737 134257552
3738 138699013
3739 341297144
3740 976510043
3741 262905155
3742 588307239
3743 596907781
3744 485544286
3745 231063123
3746 742164437
3747 318257028
3748 746993102
3749 599481449
3750 532922812
3751 217921465
3752 336160374
3753 830436924
3754 67712564
3755 113300613
3756 786864206
3757 115099907
3758 642725042
3759 99048997
3760 388228694
3761 438032807
3762 781407416
3763 52418056
3764 957740823
3765 440007018
3766 583071205
3767 23962781
3768 316730899
3769 711963229
3770 756763870
3771 130742925
3772 638082241
3773 141175999
3774 240930650
3775 507087260
3776 824031800
3777 23860822
3778 159898333
3779 933005999
3780 96932908
3781 378973197
3782 813453057
3783 478100225
3784 623628035
3785 1225815
3786 302522022
3787 311120191
3788 693579980
3789 552308797
3790 311429699
3791 392280418
3792 654908483
3793 811209915
3794 256356890
3795 892289490
3796 475528197
3797 727688897
3798 509372796
3799 286027923
3800 287808964
3801 271094776
3802 131489168
3803 198086306
3804 450844528
3805 601290880
3806 677746151
3807 118794346
3808 289608583
3809 489153645
3810 115558748
3811 617632042
3812 477151088
3813 883538179
3814 248560572
3815 709964108
3816 420050727
3817 772628594
3818 985220756
3819 339202750
3820 614694378
3821 614413245
3822 115990777
3823 232545665
3824 287937501
3825 179145740
3826 780745472
3827 980196001
3828 4593451
3829 755963592
3830 483024845
3831 203053317
3832 803004145
3833 58483619
3834 557943913
3835 90268182
3836 186626306
3837 375211577
3838 757777804
3839 891123029
3840 751075911
3841 972705912
3842 324960506
3843 706976020
3844 144392447
3845 279794882
3846 544651076
3847 306340090
3848 377534101
3849 389224564
3850 570750385
3851 664191658
3852 991134518
3853 225391310
3854 387996266
3855 740661541
3856 361142174
3857 875649369
3858 202121488
3859 830585272
3860 299699613
3861 702798962
3862 914251401
3863 922543492
3864 385355101
3865 838184052
3866 448717894
3867 943638893
3868 941860151
3869 85066096
3870 872635117
3871 894986751
3872 228706422
3873 203107926
3874 157090415
3875 837912940
3876 516719453
3877 26992796
3878 324178732
3879 698155906
3880 608627783
3881 567183243
3882 509985935
3883 985139204
3884 756266250
3885 969603700
3886 85846035
3887 929763095
3888 703107556
3889 969842723
3890 643193194
3891 885172721
3892 301053812
3893 726897245
3894 390934577
3895 543461798
3896 897759186
3897 561993254
3898 411764992
3899 848512677
3900 869063387
3901 861181936
3902 773259231
3903 181485276
3904 623681943
3905 943447289
3906 138103439
3907 827182707
3908 999179082
3909 740963010
3910 841895765
3911 639519282
3912 784077525
3913 529740172
3914 191064318
3915 189450184
3916 203457954
3917 328529160
3918 304870871
3919 756627900
3920 32258713
3921 106662953
3922 697193633
3923 134953146
3924 717916956
3925 296349717
3926 411528744
3927 334823003
3928 914617579
3929 532082903
3930 741213553
3931 162548191
3932 572442288
3933 954988704
3934 816135009
3935 489421874
3936 151723333
3937 143309099
3938 104032744
3939 461998749
3940 889478147
3941 380115600
3942 79560676
3943 117414124
3944 383387869
3945 534266653
3946 332755903
3947 118566046
3948 278450281
3949 917642251
3950 234467863
3951 261402366
3952 163517702
3953 44815548
3954 529885430
3955 802750917
3956 105436374
3957 6180035
3958 257621224
3959 698578214
3960 714428055
3961 987114564
3962 135973690
3963 509730525
3964 622006112
3965 784505843
3966 563414597
3967 677093442
3968 47529500
3969 989468677
3970 192403420
3971 45717557
3972 684915884
3973 940137135
3974 542155026
3975 449166331
3976 765525765
3977 512336132
3978 16370775
3979 518108884
3980 919270682
3981 573855172
3982 910081104
3983 319574603
3984 852799740
3985 199315153
3986 323934373
3987 152552125
3988 223198354
3989 187811055
3990 919280929
3991 407698643
3992 704592035
3993 788779043
3994 85533900
3995 85130783
3996 451735725
3997 102420849
3998 136738308
3999 947394497
4000 888651986
4001 700621381
4002 145932852
4003 374925642
4004 582183997
4005 681273686
4006 805128709
4007 921588604
4008 591445183
4009 673794409
4010 840068483
4011 776364085
4012 239228384
4013 244551659
4014 957008384
4015 5562372
4016 662738116
4017 807944612
4018 235653954
4019 780974678
4020 616729083
4021 592060997
4022 310768269
4023 248455279
4024 206969952
4025 557905553
4026 942131559
4027 11314564
4028 151526509
4029 176492182
4030 685268743
4031 890044790
4032 19410917
4033 125047421
4034 321514914
4035 596600739
4036 155763062
4037 884842399
4038 86462519
4039 829342357
4040 447384830
4041 76172154
4042 851548664
4043 110309899
4044 739663150
4045 373495460
4046 735949664
4047 238727179
4048 63087329
4049 620836737
4050 739035848
4051 190849048
4052 945722359
4053 874940364
4054 878205607
4055 692071928
4056 714116474
4057 510954674
4058 626842443
4059 143895167
4060 34051571
4061 798067365
4062 187421665
4063 536028741
4064 226833957
4065 549214687
4066 814878385
4067 704030925
4068 857835467
4069 525762680
4070 127271259
4071 777993087
4072 224694820
4073 515678174
4074 910708134
4075 946842533
4076 59680323
4077 198598925
4078 499130574
4079 752366830
4080 607995678
4081 338980442
4082 494150937
4083 436642937
4084 572402755
4085 441140178
4086 815444865
4087 279553152
4088 71634498
4089 860876537
4090 968254796
4091 28458436
4092 917893552
4093 971462293
4094 914391585
4095 157064925
4096 341371008
4097 58454428
4098 230688298
4099 355201154
4100 603215593
4101 420115472
4102 869376849
4103 68672665
4104 815445663
4105 507871771
4106 871957290
4107 214628996
4108 398931788
4109 284148730
4110 496846820
4111 573955875
4112 125609555
4113 555743605
4114 544616648
4115 562309806
4116 905797917
4117 126958165
4118 629379505
4119 84713459
4120 641445651
4121 867512355
4122 519280446
4123 14492637
4124 191972327
4125 421211687
4126 563670611
4127 696356215
4128 316368899
4129 824804829
4130 138555451
4131 134333158
4132 788958663
4133 535251704
4134 77527734
4135 150326719
4136 797901869
4137 807463474
4138 962240983
4139 412504385
4140 158908934
4141 734738000
4142 776225241
4143 722385876
4144 567648567
4145 665453284
4146 423464546
4147 527707851
4148 322300977
4149 917664129
4150 618185084
4151 687153225
4152 774807239
4153 418951696
4154 818289473
4155 472690792
4156 279524501
4157 125643465
4158 988298522
4159 383103461
4160 486443746
4161 789668326
4162 209281733
4163 471772541
4164 761725691
4165 351939585
4166 529052318
4167 935926955
4168 406079760
4169 817234858
4170 315935574
4171 231047895
4172 62500935
4173 737265991
4174 630307043
4175 555930138
4176 470747318
4177 954658971
4178 684593806
4179 799856594
4180 917649128
4181 403362182
4182 358064298
4183 196256567
4184 407423640
4185 192405858
4186 631488146
4187 267085980
4188 935163444
4189 60931524
4190 155886660
4191 119938653
4192 257697656
4193 940752138
4194 197603831
4195 833227261
4196 91808342
4197 531115078
4198 927787853
4199 896357036
4200 134942123
4201 701653736
4202 620435660
4203 606533048
4204 822531694
4205 384685160
4206 492160137
4207 418002137
4208 361044315
4209 468350063
4210 719346502
4211 136032452
4212 531536110
4213 278120743
4214 974353067
4215 353444940
4216 634705532
4217 456818944
4218 461440675
4219 498678352
4220 328735039
4221 842313505
4222 692126626
4223 357983671
4224 365801234
4225 861296758
4226 617576939
4227 142468219
4228 262543409
4229 676859398
4230 513981649
4231 410660283
4232 619078672
4233 506124500
4234 975474919
4235 44243344
4236 806506725
4237 877282714
4238 41438155
4239 941214449
4240 702156431
4241 133671821
4242 84013868
4243 842272659
4244 17331509
4245 555984781
4246 245211086
4247 76902620
4248 553382272
4249 546648307
4250 319011297
4251 988703634
4252 428273219
4253 776856823
4254 985769949
4255 641177163
4256 125111258
4257 403691859
4258 471644057
4259 762270155
4260 595422021
4261 549123821
4262 230020129
4263 143106490
4264 155043048
4265 518081632
4266 335886503
4267 345332143
4268 546836294
4269 95241878
4270 730607929
4271 718429492
4272 774511973
4273 251934121
4274 906128718
4275 556088707
4276 81370809
4277 554479319
4278 251195899
4279 366094470
4280 879197758
4281 147663676
4282 202780847
4283 139643294
4284 187541812
4285 797508907
4286 921773124
4287 645300379
4288 613384518
4289 979549629
4290 278486188
4291 15189941
4292 824141798
4293 668824279
4294 641228793
4295 997158579
4296 553769294
4297 411827054
4298 902278270
4299 679467876
4300 610320075
4301 135660581
4302 422890840
4303 561498341
4304 872927330
4305 855523118
4306 810622442
4307 415097774
4308 152036434
4309 182277912
4310 751385614
4311 659639985
4312 801708428
4313 217999704
4314 540894160
4315 206456575
4316 466449441
4317 267458247
4318 145502299
4319 821383636
4320 366386907
4321 805636803
4322 934679565
4323 259694655
4324 213769035
4325 841535076
4326 843965973
4327 302271884
4328 308502959
4329 375749431
4330 314887676
4331 926237725
4332 384019927
4333 817405377
4334 766912279
4335 174980059
4336 184783111
4337 116596691
4338 366745820
4339 650268631
4340 676331960
4341 179137208
4342 797505662
4343 105929831
4344 48276354
4345 185175467
4346 963777333
4347 937852816
4348 377105509
4349 874050782
4350 714600916
4351 833147693
4352 873998851
4353 804801890
4354 341937941
4355 672843120
4356 106727002
4357 249757838
4358 495895575
4359 213958941
4360 815296216
4361 239208476
4362 712748927
4363 210189033
4364 267395022
4365 876410527
4366 266708669
4367 532086217
4368 893711223
4369 980057767
4370 449903657
4371 889294681
4372 893944991
4373 977598361
4374 649321396
4375 208343573
4376 659264339
4377 531395990
4378 874740285
4379 917233061
4380 86997956
4381 550790182
4382 902231313
4383 417695633
4384 558338958
4385 901513122
4386 844160461
4387 541844342
4388 845929602
4389 837880912
4390 54491928
4391 155904168
4392 901539618
4393 281285429
4394 535588237
4395 47089191
4396 758057316
4397 722864936
4398 135863057
4399 854158012
4400 230669850
4401 886767732
4402 547951697
4403 680207120
4404 15977478
4405 593610766
4406 490370593
4407 817507672
4408 649534263
4409 804250479
4410 620225602
4411 766741842
4412 916745998
4413 391866174
4414 299295470
4415 615454574
4416 540495747
4417 318943329
4418 566739971
4419 612767831
4420 443232886
4421 895134680
4422 338712546
4423 775570171
4424 144320308
4425 593041555
4426 368995393
4427 289181655
4428 823250952
4429 987781027
4430 74548143
4431 476114337
4432 22873176
4433 465137491
4434 418648291
4435 447198754
4436 739280575
4437 725412484
4438 705433284
4439 479972648
4440 875449100
4441 812340512
4442 86512980
4443 127517582
4444 201624174
4445 566253222
4446 610543471
4447 467221649
4448 748566160
4449 237164325
4450 18782940
4451 779273185
4452 285598270
4453 911138323
4454 349489290
4455 474861204
4456 725768611
4457 435582820
4458 401280088
4459 645524620
4460 472539227
4461 556449240
4462 259051228
4463 886310398
4464 574049020
4465 618625992
4466 342964401
4467 260574380
4468 311369726
4469 216433434
4470 325978074
4471 177232074
4472 989679515
4473 594528948
4474 125328563
4475 344853909
4476 603078479
4477 858170106
4478 722770706
4479 795076479
4480 959900398
4481 917298405
4482 210488504
4483 969122958
4484 824413760
4485 507675353
4486 937955609
4487 322728795
4488 658622782
4489 411012867
4490 51722664
4491 117694795
4492 457964828
4493 561055012
4494 933194431
4495 223858201
4496 874032724
4497 212396482
4498 551728163
4499 272520088
4500 656837980
4501 283661099
4502 904164182
4503 176727734
4504 309260870
4505 288548342
4506 477869246
4507 821735164
4508 823099194
4509 643165856
4510 378630833
4511 696532411
4512 623958899
4513 993321753
4514 763179073
4515 583447715
4516 930837470
4517 269248060
4518 830616263
4519 618129646
4520 730509231
4521 627073615
4522 316146821
4523 105043744
4524 103847093
4525 461310672
4526 306936356
4527 825959920
4528 123809402
4529 544242839
4530 931191593
4531 714323358
4532 479841819
4533 527967181
4534 214260706
4535 592646119
4536 323866640
4537 406932320
4538 350036685
4539 798505286
4540 136840865
4541 610109634
4542 904626853
4543 288655293
4544 898774453
4545 100907002
4546 61408221
4547 200818984
4548 989028541
4549 651698225
4550 162658863
4551 753360519
4552 511169578
4553 308820378
4554 983256562
4555 253363268
4556 941553835
4557 358533368
4558 498608291
4559 516212696
4560 754862780
4561 396744503
4562 650520466
4563 274704577
4564 241594609
4565 348765767
4566 434417321
4567 757722062
4568 842592878
4569 183828585
4570 935814231
4571 214832488
4572 28029764
4573 124595055
4574 442357877
4575 297222711
4576 729662972
4577 346457128
4578 688471910
4579 180422820
4580 645623822
4581 503326195
4582 98701990
4583 307055520
4584 68429309
4585 129862059
4586 47448
4587 825878780
4588 360439965
4589 498261199
4590 275569303
4591 487624547
4592 894536476
4593 742661702
4594 754775224
4595 21396715
4596 696576931
4597 114723987
4598 150067236
4599 553009608
4600 897746928
4601 660691158
4602 807504370
4603 789823712
4604 552719992
4605 17612082
4606 810121542
4607 2675087
4608 955456582
4609 241695373
4610 296697236
4611 709114314
4612 663683105
4613 651078879
4614 958091068
4615 608190537
4616 150232799
4617 668920737
4618 290136405
4619 826986467
4620 954156536
4621 871930363
4622 653867233
4623 623595798
4624 415864284
4625 555349785
4626 398286296
4627 891176325
4628 232559584
4629 846186142
4630 489456191
4631 119656239
4632 321232655
4633 493715142
4634 740316040
4635 795851397
4636 275389608
4637 58659150
4638 96963947
4639 633681430
4640 293551017
4641 194773944
4642 252635873
4643 522136106
4644 853797216
4645 794434886
4646 339444541
4647 649412015
4648 133574207
4649 409348420
4650 608129463
4651 716552268
4652 197059580
4653 81618653
4654 977600516
4655 293328593
4656 567581961
4657 361283708
4658 270647628
4659 237147188
4660 146944722
4661 82414615
4662 550067727
4663 820368669
4664 257291825
4665 106455469
4666 414185891
4667 226770654
4668 181826898
4669 807666209
4670 778965301
4671 932120456
4672 877582097
4673 732928760
4674 23490508
4675 444752200
4676 5489453
4677 386335731
4678 646083351
4679 874345577
4680 627784080
4681 128849561
4682 358168409
4683 126730447
4684 26740387
4685 273504482
4686 436275395
4687 351392314
4688 229095284
4689 434634287
4690 714468032
4691 10332697
4692 113848981
4693 160956600
4694 100923396
4695 841535065
4696 120440557
4697 796014694
4698 821839244
4699 604788131
4700 859294756
4701 968402454
4702 309097695
4703 416348640
4704 861503974
4705 149361945
4706 539069374
4707 813197185
4708 287479569
4709 141381896
4710 599185969
4711 648215990
4712 964351215
4713 246778908
4714 282363889
4715 580382768
4716 594322017
4717 796392434
4718 110038764
4719 273210493
4720 647842862
4721 35913197
4722 760815358
4723 806643209
4724 713238860
4725 997193863
4726 707056228
4727 122347765
4728 75793479
4729 723816445
4730 979571251
4731 44693658
4732 28228094
4733 783376398
4734 477079978
4735 565921129
4736 429285571
4737 605904897
4738 365461980
4739 67650545
4740 542036315
4741 833082941
4742 180543516
4743 289692778
4744 458140688
4745 601088843
4746 479715069
4747 595148881
4748 23261616
4749 466037775
4750 867634945
4751 60802977
4752 456879542
4753 60574482
4754 88398495
4755 726071677
4756 400887293
4757 991457873
4758 480462942
4759 443870928
4760 873231720
4761 386098162
4762 280936509
4763 203179464
4764 381393588
4765 86015271
4766 280122784
4767 395417915
4768 777213265
4769 61968251
4770 919178372
4771 229842925
4772 221826048
4773 200712560
4774 670119762
4775 912644469
4776 597365317
4777 888124119
4778 470722876
4779 719982441
4780 325130099
4781 203280888
4782 51980594
4783 377169493
4784 28109423
4785 725829603
4786 750948237
4787 203480986
4788 429644910
4789 850748440
4790 413914751
4791 358433751
4792 566975976
4793 805193382
4794 995510405
4795 705669272
4796 827808185
4797 343113741
4798 792680398
4799 125100337
4800 72885132
4801 558001916
4802 737562944
4803 221277874
4804 602392653
4805 381800757
4806 716996432
4807 110693656
4808 322553952
4809 126886234
4810 363230148
4811 251710878
4812 26027796
4813 728889350
4814 906838400
4815 71372059
4816 272278420
4817 589278673
4818 341491380
4819 227055229
4820 142670842
4821 418135000
4822 135494784
4823 489679414
4824 508766971
4825 975897384
4826 790131056
4827 812754283
4828 753050248
4829 883661724
4830 814799750
4831 334416638
4832 265887833
4833 587755509
4834 584013471
4835 902556686
4836 55800612
4837 535729296
4838 907666012
4839 114554922
4840 257554650
4841 676102448
4842 150068228
4843 112411351
4844 306481013
4845 491585557
4846 436152468
4847 161229882
4848 207739779
4849 448570914
4850 695679296
4851 926962729
4852 319681067
4853 146837793
4854 886877627
4855 609226438
4856 944014552
4857 225096564
4858 606973186
4859 807962945
4860 43288478
4861 49374290
4862 130222958
4863 734940461
4864 559680181
4865 312854453
4866 896496432
4867 989670079
4868 893097250
4869 881928149
4870 374753685
4871 175329459
4872 938145285
4873 710739643
4874 295671389
4875 834242579
4876 45520767
4877 654868765
4878 339563277
4879 56197891
4880 33897653
4881 828880887
4882 345301849
4883 486853931
4884 263846663
4885 621148106
4886 185693763
4887 592439572
4888 342437349
4889 227244293
4890 551126321
4891 625317362
4892 634738237
4893 762146559
4894 948159268
4895 700386758
4896 551811066
4897 743327381
4898 538616184
4899 53398268
4900 47388520
4901 348932486
4902 305625100
4903 470468053
4904 87090553
4905 856016164
4906 88357925
4907 961306643
4908 808873270
4909 678010633
4910 321201338
4911 69123234
4912 601523837
4913 755843979
4914 752547643
4915 806869905
4916 223029591
4917 261465416
4918 784248613
4919 826073203
4920 167217501
4921 702749451
4922 310519230
4923 242710434
4924 987039343
4925 165744146
4926 303978871
4927 911267142
4928 457059246
4929 966546141
4930 892043328
4931 743027067
4932 254218856
4933 746902473
4934 672081482
4935 69635842
4936 551541518
4937 974207463
4938 233956321
4939 828135175
4940 513613262
4941 944500148
4942 845964551
4943 957994330
4944 575446028
4945 61290661
4946 83510505
4947 67518001
4948 318649846
4949 701230400
4950 537672100
4951 44458897
4952 252153333
4953 827396465
4954 167154425
4955 275299647
4956 24173490
4957 352211975
4958 638151738
4959 203242695
4960 590374829
4961 931727252
4962 397639653
4963 601478079
4964 654371456
4965 828263990
4966 232718310
4967 560696165
4968 321149968
4969 228913553
4970 531969834
4971 925598166
4972 402413062
4973 692378928
4974 777438528
4975 891818017
4976 320126511
4977 59485770
4978 58183749
4979 799074205
4980 193893569
4981 22089980
4982 389515279
4983 664456467
4984 79966831
4985 820578614
4986 646592050
4987 996357762
4988 377067230
4989 551620888
4990 287729403
4991 931520668
4992 573561634
4993 847543658
4994 756957730
4995 643007894
4996 664416297
4997 464736319
4998 272571913
4999 493732481
5000 857238278
5001 86563129
5002 827596855
5003 255932349
5004 282536780
5005 756008549
5006 36689690
5007 232791402
5008 665753491
5009 380100615
5010 775402971
5011 406924367
5012 623907405
5013 635796584
5014 990840575
5015 759513433
5016 299363826
5017 560118587
5018 222438849
5019 932071822
5020 216819557
5021 841738914
5022 464605318
5023 275455200
5024 692851873
5025 251374914
5026 795689907
5027 150845170
5028 481145090
5029 642975260
5030 871331428
5031 257852857
5032 27642516
5033 368483905
5034 163759945
5035 516395021
5036 945437272
5037 987830738
5038 54232908
5039 687854246
5040 222222819
5041 439568074
5042 233600160
5043 289056796
5044 814379918
5045 661788942
5046 417678203
5047 645469133
5048 384034588
5049 321434307
5050 854831983
5051 206343500
5052 547864646
5053 423847392
5054 494935676
5055 612718676
5056 908069462
5057 593895258
5058 572246871
5059 265291227
5060 833687596
5061 172456663
5062 543305272
5063 783984955
5064 402225115
5065 712704045
5066 464379145
5067 764020898
5068 770128117
5069 92565278
5070 783765515
5071 225248817
5072 913387803
5073 478261885
5074 35987750
5075 326537465
5076 761417132
5077 303428888
5078 135182472
5079 503013963
5080 827776046
5081 251059036
5082 602161794
5083 352922286
5084 687831621
5085 611395970
5086 830423667
5087 105890106
5088 16910327
5089 333940294
5090 27608904
5091 97215771
5092 927888512
5093 982918668
5094 447127591
5095 11287788
5096 730351385
5097 716302160
5098 659839496
5099 483544204
5100 610408225
5101 567440568
5102 223883168
5103 631130269
5104 95614121
5105 801227305
5106 626104445
5107 647956923
5108 120880755
5109 467680673
5110 336218869
5111 737665025
5112 601168327
5113 138957419
5114 588585736
5115 749844930
5116 638444084
5117 648664651
5118 900856874
5119 568562733
5120 856905928
5121 904581701
5122 688547624
5123 519354326
5124 647683954
5125 301489711
5126 329070773
5127 573848336
5128 439998557
5129 146275240
5130 569514494
5131 218734789
5132 501386032
5133 496007996
5134 470474401
5135 272014699
5136 134895806
5137 135057837
5138 483313560
5139 248104229
5140 948386082
5141 722965493
5142 813070184
5143 606298668
5144 375784593
5145 567478443
5146 708772358
5147 478523894
5148 425621312
5149 632654870
5150 635516446
5151 875965411
5152 886713695
5153 661107006
5154 966291316
5155 324618045
5156 24461482
5157 218933318
5158 785962669
5159 592508931
5160 425775252
5161 7711687
5162 299747178
5163 697633123
5164 379002845
5165 339332011
5166 709960430
5167 312537964
5168 351727015
5169 502148105
5170 827939883
5171 370939278
5172 719404485
5173 607873450
5174 479856474
5175 665565278
5176 855622415
5177 750867003
5178 872979525
5179 276418956
5180 228787689
5181 97853038
5182 938484576
5183 816834634
5184 418054920
5185 226568140
5186 304558961
5187 121133843
5188 307942792
5189 441825002
5190 214937099
5191 847521407
5192 552735543
5193 518133336
5194 190569597
5195 102514888
5196 746622649
5197 987190042
5198 715768214
5199 391548067
5200 126547895
5201 553528735
5202 170098574
5203 910405432
5204 199483882
5205 748175182
5206 943902144
5207 498726308
5208 602793697
5209 869052175
5210 198312589
5211 653391515
5212 439566497
5213 10885600
5214 350298159
5215 62670136
5216 428953239
5217 587812318
5218 979636950
5219 727360316
5220 930463055
5221 154653906
5222 274679315
5223 451140089
5224 9602502
5225 58766223
5226 671876517
5227 71529064
5228 988970304
5229 754880834
5230 311411561
5231 476608079
5232 966317222
5233 458351463
5234 40413917
5235 457448847
5236 44290259
5237 942943084
5238 37164917
5239 697626939
5240 971981362
5241 789315534
5242 908986158
5243 868924167
5244 623362866
5245 564057358
5246 373854999
5247 139886376
5248 50073101
5249 217017104
5250 622992077
5251 505073152
5252 44672204
5253 970621515
5254 449221245
5255 612554448
5256 557804920
5257 360967979
5258 661238543
5259 971650172
5260 488397588
5261 480978320
5262 883827931
5263 584843294
5264 93213540
5265 484027706
5266 381294441
5267 195001423
5268 44179991
5269 605156491
5270 949343622
5271 79481221
5272 876475284
5273 108673656
5274 296286645
5275 214640250
5276 470447637
5277 30450544
5278 166663609
5279 551461374
5280 798287164
5281 982117405
5282 415984175
5283 23585074
5284 112328331
5285 177701854
5286 747956863
5287 366223445
5288 997510937
5289 915809871
5290 95318079
5291 415738974
5292 370806196
5293 860568168
5294 214426080
5295 214622426
5296 897507344
5297 656774158
5298 187898092
5299 572327367
5300 308650373
5301 69479044
5302 910544328
5303 122234602
5304 382078963
5305 578646273
5306 189384032
5307 50970442
5308 861704368
5309 389860096
5310 906231928
5311 74576355
5312 438122711
5313 358903304
5314 257039921
5315 504616098
5316 822907980
5317 861883867
5318 456080260
5319 912182768
5320 828536135
5321 85309190
5322 628543505
5323 808615002
5324 199227839
5325 527600519
5326 374176170
5327 705731083
5328 515532832
5329 709206998
5330 863833331
5331 998561417
5332 809611291
5333 420345693
5334 428169771
5335 188586942
5336 864698523
5337 802024934
5338 242299826
5339 558693530
5340 444037536
5341 666167071
5342 960848639
5343 265828398
5344 43153029
5345 316439561
5346 973952157
5347 472518144
5348 827040018
5349 711805733
5350 825496797
5351 734653504
5352 122496252
5353 672841181
5354 771658532
5355 421700039
5356 232635174
5357 279088469
5358 771854439
5359 938971133
5360 124758683
5361 143258303
5362 704444527
5363 782028553
5364 600997735
5365 652844788
5366 132445344
5367 764210033
5368 973000655
5369 935052935
5370 906830820
5371 321939905
5372 732027207
5373 280980819
5374 375313421
5375 948486040
5376 160801144
5377 720189
5378 761847989
5379 680163967
5380 540096216
5381 161892885
5382 242985350
5383 623763970
5384 659707106
5385 890870220
5386 780134073
5387 299042702
5388 274940041
5389 449287886
5390 492926949
5391 596505788
5392 396111056
5393 414782926
5394 712495191
5395 302834281
5396 483928299
5397 319833404
5398 453325344
5399 890446983
5400 601242293
5401 684411768
5402 240884981
5403 106254255
5404 355900428
5405 557644491
5406 717267865
5407 458095458
5408 500065055
5409 953999440
5410 883629296
5411 198827011
5412 433089607
5413 777534461
5414 925176244
5415 923930641
5416 399436535
5417 754348898
5418 457491557
5419 964457266
5420 920671668
5421 312147404
5422 438256646
5423 965055029
5424 439121297
5425 868373108
5426 227244836
5427 916403954
5428 257249747
5429 794346567
5430 977761875
5431 129385498
5432 727590191
5433 608367815
5434 797540114
5435 966725774
5436 891812377
5437 226967429
5438 674601521
5439 541602769
5440 419934231
5441 421863779
5442 401691573
5443 500469324
5444 708556074
5445 205548225
5446 877092130
5447 632309036
5448 575852980
5449 949761782
5450 795078909
5451 964961010
5452 149382399
5453 43031401
5454 407464714
5455 118746782
5456 342623742
5457 483634578
5458 954186650
5459 810428802
5460 235628040
5461 540264266
5462 383965633
5463 435729428
5464 341117138
5465 966190165
5466 86801129
5467 936713963
5468 490609152
5469 526105688
5470 498628018
5471 206089317
5472 487701728
5473 21224768
5474 913474649
5475 834239353
5476 824182751
5477 405130928
5478 919460336
5479 712389039
5480 985404998
5481 949699522
5482 761223044
5483 267730892
5484 604391974
5485 512052427
5486 677199882
5487 839882570
5488 595627112
5489 688753226
5490 169306363
5491 825138865
5492 574521096
5493 930361946
5494 302376009
5495 757962475
5496 761809430
5497 831661335
5498 636465316
5499 334873693
5500 704933288
5501 260498052
5502 828742378
5503 472277954
5504 130370793
5505 4576407
5506 768091190
5507 682102857
5508 862516662
5509 746969557
5510 381069279
5511 807215005
5512 546151576
5513 150664170
5514 751662796
5515 913156250
5516 955296168
5517 449954290
5518 412304116
5519 97003623
5520 600867633
5521 844705503
5522 739559274
5523 629926744
5524 434223464
5525 278857195
5526 347720209
5527 312308502
5528 731827859
5529 501967464
5530 962600077
5531 814862005
5532 177444324
5533 707996418
5534 576913102
5535 508522812
5536 922194850
5537 397250200
5538 159029754
5539 1035132
5540 755486012
5541 193143019
5542 354782543
5543 450979735
5544 17031591
5545 762390633
5546 647551983
5547 760682212
5548 598237856
5549 700914977
5550 119808792
5551 345235123
5552 285917914
5553 683287400
5554 917528442
5555 501106502
5556 888878624
5557 66110656
5558 942127256
5559 19656858
5560 797462541
5561 173232908
5562 768411319
5563 865635664
5564 886853646
5565 582914086
5566 331611500
5567 976175775
5568 145853864
5569 130220604
5570 259881321
5571 975995022
5572 90017120
5573 363131093
5574 247189416
5575 653675819
5576 40845022
5577 63919611
5578 22891185
5579 73309294
5580 54974219
5581 529146782
5582 752179947
5583 801568877
5584 43813116
5585 860964434
5586 158079862
5587 701380081
5588 563014095
5589 555358266
5590 352237286
5591 701087290
5592 119606253
5593 153898135
5594 714112367
5595 981588622
5596 500599154
5597 216170387
5598 719586551
5599 521282204
5600 505246843
5601 279890148
5602 462485949
5603 100288803
5604 768192366
5605 354337318
5606 903112379
5607 163970473
5608 852439170
5609 980442535
5610 172345791
5611 306129075
5612 378719957
5613 340343267
5614 366509657
5615 503888565
5616 132871307
5617 947375302
5618 245962954
5619 613851585
5620 987370528
5621 70030263
5622 437308258
5623 826713673
5624 679447793
5625 280245620
5626 109122648
5627 764380700
5628 96928198
5629 922475621
5630 676389844
5631 794627606
5632 792002934
5633 867560889
5634 319066755
5635 190625153
5636 936316797
5637 704038045
5638 776378447
5639 383672046
5640 304257167
5641 895491761
5642 970064142
5643 501682289
5644 483824165
5645 433324014
5646 375546975
5647 425871
5648 61056481
5649 850879483
5650 31116165
5651 91529410
5652 723104843
5653 268032933
5654 71000336
5655 285950055
5656 875849606
5657 977381588
5658 767111099
5659 173472368
5660 725604738
5661 586823546
5662 999885501
5663 99979322
5664 453571399
5665 391898561
5666 296785602
5667 838836700
5668 556259370
5669 285087597
5670 784275979
5671 878216618
5672 619371148
5673 791801348
5674 134070980
5675 171447959
5676 422119701
5677 464039631
5678 45386091
5679 42798801
5680 799231868
5681 305780979
5682 407532724
5683 477188174
5684 85249202
5685 925477314
5686 614535096
5687 104658667
5688 988012704
5689 988835442
5690 732925558
5691 486763717
5692 745727108
5693 49118986
5694 920545785
5695 610374159
5696 205762616
5697 259463662
5698 702128481
5699 380034392
5700 141696247
5701 252798168
5702 749449453
5703 656022091
5704 950344743
5705 89040755
5706 709788907
5707 418197015
5708 94611117
5709 974100081
5710 182091764
5711 813816275
5712 676025680
5713 364571021
5714 999690740
5715 844390923
5716 112136248
5717 299490482
5718 728899578
5719 78594005
5720 95555575
5721 283637530
5722 184410397
5723 123514963
5724 724924077
5725 77671167
5726 121157038
5727 689891615
5728 731576269
5729 325607146
5730 285885901
5731 220732941
5732 517129822
5733 181873843
5734 712295292
5735 511635463
5736 916498809
5737 737554336
5738 495413792
5739 815648020
5740 776461259
5741 137109756
5742 579342101
5743 301422603
5744 517640377
5745 987169487
5746 928558178
5747 783678997
5748 749851239
5749 959247638
5750 517403380
5751 550944201
5752 266584129
5753 787198380
5754 423745611
5755 480367312
5756 494953224
5757 663105484
5758 488704889
5759 758339264
5760 81579512
5761 307445577
5762 260596613
5763 640748903
5764 423632157
5765 516598991
5766 595392910
5767 289843188
5768 510517008
5769 912242270
5770 399587321
5771 715711630
5772 909877490
5773 177721753
5774 552584633
5775 939405711
5776 945782264
5777 797869894
5778 921684773
5779 927559086
5780 415802228
5781 129808888
5782 326983238
5783 691614026
5784 553131933
5785 623878883
5786 790657416
5787 183790823
5788 274887680
5789 665752347
5790 261427817
5791 49630346
5792 864137713
5793 445412354
5794 727255578
5795 921257120
5796 692536019
5797 828889890
5798 340547847
5799 779833018
5800 963698093
5801 623932177
5802 417291987
5803 783172775
5804 780857933
5805 349038162
5806 220585466
5807 826169271
5808 136525737
5809 825163515
5810 676195564
5811 68229914
5812 963211125
5813 489722776
5814 948033811
5815 409926868
5816 915777173
5817 614579696
5818 19273727
5819 869575056
5820 412800576
5821 155420730
5822 200885953
5823 275610319
5824 544244098
5825 785850644
5826 996834831
5827 415007884
5828 8659554
5829 299941232
5830 352211320
5831 766379900
5832 57018025
5833 603731961
5834 935647385
5835 207502198
5836 535094977
5837 412965512
5838 603980744
5839 655216389
5840 670254994
5841 79988367
5842 50544969
5843 327138659
5844 665671879
5845 220459657
5846 237953137
5847 732917453
5848 458425599
5849 161241475
5850 596196864
5851 957831476
5852 585881733
5853 183979354
5854 426837000
5855 790683845
5856 858479088
5857 34089103
5858 85877919
5859 724346346
5860 463057414
5861 451408044
5862 772670670
5863 58695066
5864 424952429
5865 350475300
5866 762467843
5867 374277315
5868 345247672
5869 770188177
5870 533045236
5871 808948799
5872 609829373
5873 606826276
5874 219787038
5875 24897441
5876 708164104
5877 766521648
5878 563403150
5879 802785660
5880 739943811
5881 943803208
5882 368252416
5883 590686225
5884 986136374
5885 936867482
5886 305936638
5887 135870304
5888 913453227
5889 547381255
5890 90538040
5891 459559216
5892 245150725
5893 721389703
5894 528405579
5895 667464060
5896 992940188
5897 849997329
5898 80298727
5899 577283859
5900 190093791
5901 667616110
5902 926455822
5903 159967602
5904 1409561
5905 886481053
5906 785308498
5907 605942994
5908 169406643
5909 837369868
5910 414238418
5911 656595547
5912 471369225
5913 362364938
5914 983985050
5915 133118532
5916 459413412
5917 233371396
5918 184669960
5919 648124193
5920 48331547
5921 36172096
5922 974312314
5923 447262000
5924 658431860
5925 571638931
5926 539134137
5927 666568661
5928 817848975
5929 911540492
5930 796833815
5931 593153175
5932 991608156
5933 617429957
5934 915815371
5935 288501953
5936 801460597
5937 401983904
5938 39015454
5939 574074632
5940 34989752
5941 966756126
5942 979251625
5943 886403287
5944 350293841
5945 894735986
5946 26518348
5947 14282748
5948 116687858
5949 20960493
5950 667994635
5951 462163487
5952 288459216
5953 64153525
5954 213526308
5955 702892936
5956 836885913
5957 886027663
5958 206810615
5959 859940009
5960 357216207
5961 298324401
5962 325759284
5963 84227433
5964 5863170
5965 28688180
5966 92681480
5967 602254483
5968 826322668
5969 205856302
5970 621089605
5971 493474935
5972 597592027
5973 188864273
5974 781281501
5975 287533308
5976 955235483
5977 616103538
5978 769571136
5979 975164160
5980 899244826
5981 502408639
5982 274624877
5983 166552600
5984 260321305
5985 751169638
5986 256778273
5987 563171788
5988 725622003
5989 909271766
5990 632165916
5991 289361086
5992 122618714
5993 921614082
5994 765627973
5995 660054904
5996 114684480
5997 334903446
5998 710931337
5999 440919193
6000 60657710
6001 704236165
6002 796190004
6003 411139612
6004 193155230
6005 977565342
6006 36411719
6007 810417637
6008 75440309
6009 605918554
6010 551357430
6011 766471468
6012 458603587
6013 548339338
6014 910275220
6015 741258327
6016 121164240
6017 213611129
6018 743644745
6019 895628010
6020 84957227
6021 577714509
6022 368211575
6023 962201921
6024 456202004
6025 458798373
6026 751150286
6027 859227447
6028 126299556
6029 749826846
6030 831254559
6031 718667276
6032 676226574
6033 295881836
6034 409953156
6035 660096752
6036 878375670
6037 513132433
6038 472476154
6039 749839532
6040 178397919
6041 575246213
6042 164615939
6043 436284573
6044 200109502
6045 529790545
6046 570276831
6047 434200302
6048 236907385
6049 319016436
6050 841125329
6051 50777763
6052 144041791
6053 887374358
6054 707316947
6055 761021358
6056 728009037
6057 301747323
6058 55903228
6059 577069993
6060 416303092
6061 446877870
6062 915462873
6063 615470857
6064 809713504
6065 275438077
6066 887947509
6067 314275046
6068 644880105
6069 969805116
6070 277716541
6071 397217490
6072 699632404
6073 799261750
6074 714970213
6075 670601550
6076 510623476
6077 607629783
6078 15969827
6079 186807452
6080 451189595
6081 483907585
6082 948993314
6083 738058447
6084 781676385
6085 504437199
6086 163365224
6087 658947989
6088 47971355
6089 333760149
6090 450273170
6091 300654590
6092 3027495
6093 397789273
6094 974634261
6095 953072574
6096 925576566
6097 997128427
6098 311423706
6099 543947727
6100 34721957
6101 28460066
6102 222709450
6103 424860636
6104 556613341
6105 772178771
6106 260611703
6107 72477138
6108 506641112
6109 842669566
6110 354681276
6111 136615152
6112 580358349
6113 185912950
6114 869781982
6115 296533687
6116 906505881
6117 653570902
6118 659631333
6119 263145199
6120 801551195
6121 749871381
6122 435278525
6123 526725451
6124 336565824
6125 498228841
6126 598079865
6127 331260617
6128 294195551
6129 527931817
6130 427204069
6131 590542666
6132 955378915
6133 147473364
6134 809052688
6135 51144141
6136 48841435
6137 771299159
6138 101135807
6139 609049964
6140 336453503
6141 694523994
6142 199143768
6143 334805936
6144 314181935
6145 466933172
6146 847849632
6147 73849787
6148 915773026
6149 55642380
6150 870774845
6151 596529706
6152 330050453
6153 398879076
6154 976315156
6155 978015590
6156 596600216
6157 888849515
6158 600019506
6159 929181159
6160 91282155
6161 972596669
6162 608193058
6163 645325842
6164 37377882
6165 643332580
6166 408067433
6167 931730157
6168 153878115
6169 604674423
6170 461090028
6171 86706361
6172 674684686
6173 793840082
6174 900469430
6175 162025658
6176 272825937
6177 647406585
6178 338094225
6179 369534786
6180 450850284
6181 367307952
6182 205295558
6183 651555212
6184 453943800
6185 179253752
6186 938943040
6187 42239372
6188 219716324
6189 39385460
6190 645561408
6191 830074860
6192 855555403
6193 338562248
6194 510660191
6195 563296074
6196 313971516
6197 172552386
6198 897125518
6199 289002867
6200 846441293
6201 220211618
6202 389552596
6203 100850382
6204 241126210
6205 844187636
6206 558614380
6207 283959988
6208 599456045
6209 621132687
6210 898994689
6211 66837506
6212 183291458
6213 879726733
6214 187695859
6215 663609509
6216 513445679
6217 335160915
6218 659599199
6219 14516706
6220 709594690
6221 510877087
6222 110922243
6223 973613609
6224 125042172
6225 22709359
6226 802188272
6227 673451487
6228 211663308
6229 18992427
6230 233302521
6231 781326496
6232 841528682
6233 970315388
6234 283080746
6235 166462653
6236 209459984
6237 731879530
6238 960463155
6239 698210477
6240 15184708
6241 893619380
6242 355748330
6243 215489258
6244 908640945
6245 294007152
6246 801824804
6247 108218420
6248 355145782
6249 698764022
6250 118754321
6251 846076040
6252 358683658
6253 861651057
6254 461101596
6255 726122173
6256 735997411
6257 885770739
6258 627129576
6259 857524510
6260 844860436
6261 290436050
6262 809234267
6263 319579767
6264 271075674
6265 745664590
6266 477921686
6267 908607026
6268 411365924
6269 522738333
6270 549236052
6271 690970864
6272 660448816
6273 727991671
6274 335457035
6275 211885529
6276 965179960
6277 317187763
6278 144508291
6279 369366468
6280 144750628
6281 902850044
6282 893010765
6283 673788907
6284 955832557
6285 564167525
6286 973305168
6287 451792659
6288 638946476
6289 712106187
6290 44162922
6291 427859963
6292 938187507
6293 692573930
6294 813612707
6295 547642483
6296 781241409
6297 671629372
6298 347875783
6299 626731970
6300 933676377
6301 359000680
6302 312524184
6303 109202124
6304 35083449
6305 657019704
6306 629197533
6307 463000687
6308 738275349
6309 490454802
6310 639603423
6311 736184500
6312 709116174
6313 526592849
6314 53078265
6315 356260260
6316 39009476
6317 980580087
6318 172797138
6319 292685363
6320 966104577
6321 277111828
6322 140142687
6323 246100356
6324 955044237
6325 905296894
6326 913427875
6327 309248700
6328 549723497
6329 407039479
6330 455177318
6331 587603302
6332 432525774
6333 522485640
6334 445135467
6335 29825951
6336 370627724
6337 385136265
6338 306997432
6339 288898124
6340 259873113
6341 123391870
6342 179022235
6343 363339328
6344 518130976
6345 698510743
6346 599155254
6347 629575452
6348 659137964
6349 785707727
6350 435045316
6351 400372954
6352 230772011
6353 702147347
6354 18024955
6355 669567423
6356 568625400
6357 211706578
6358 202222688
6359 81155343
6360 149264217
6361 503346054
6362 3379968
6363 44095962
6364 283018042
6365 96630280
6366 844861681
6367 16246920
6368 203525413
6369 617297700
6370 438154162
6371 296971814
6372 882462227
6373 602904456
6374 722566791
6375 159341691
6376 805819199
6377 3754919
6378 396332376
6379 579104202
6380 901732959
6381 539086310
6382 710892165
6383 392217509
6384 145717046
6385 565735100
6386 400326288
6387 210215453
6388 283052226
6389 359111735
6390 309932665
6391 196502526
6392 663461115
6393 737158681
6394 246388774
6395 536630970
6396 552287595
6397 173966260
6398 270845178
6399 470088122
6400 780550377
6401 846189351
6402 850265404
6403 96139406
6404 372905642
6405 237085413
6406 308520811
6407 828857253
6408 307105469
6409 248609145
6410 114947692
6411 991771492
6412 48960500
6413 171989926
6414 318566118
6415 248497601
6416 370089387
6417 782486793
6418 169430661
6419 726636223
6420 588087366
6421 388613826
6422 79116181
6423 77450853
6424 58789848
6425 439386138
6426 462465650
6427 457122184
6428 45208636
6429 552655405
6430 374979005
6431 922687580
6432 951599080
6433 598553263
6434 490887397
6435 218773819
6436 65761453
6437 502621053
6438 585504970
6439 124707300
6440 943084098
6441 338732053
6442 671662653
6443 995113445
6444 537825589
6445 29140656
6446 323739394
6447 760231872
6448 656089420
6449 491674274
6450 48903126
6451 297167366
6452 140782870
6453 999508095
6454 819491179
6455 102462833
6456 738324555
6457 2916372
6458 151300744
6459 724274565
6460 52902571
6461 154780152
6462 285167746
6463 650060214
6464 752108375
6465 530987004
6466 556446257
6467 687343772
6468 351285626
6469 155351496
6470 116283483
6471 779384691
6472 441106531
6473 108989570
6474 609079284
6475 184956669
6476 304820192
6477 339792954
6478 831919187
6479 673877224
6480 493358599
6481 812998160
6482 139580798
6483 533476557
6484 455566989
6485 57099549
6486 329508198
6487 67879064
6488 422295746
6489 311703896
6490 972040801
6491 854556114
6492 426689807
6493 251582183
6494 946101657
6495 331402094
6496 855230612
6497 163378936
6498 653661954
6499 294093827
6500 837912014
6501 194732112
6502 478577630
6503 670035569
6504 329612733
6505 782156112
6506 635112938
6507 492724729
6508 970222576
6509 471369441
6510 312674994
6511 762515752
6512 298661501
6513 739097743
6514 651378471
6515 62479427
6516 561573051
6517 772468324
6518 807141491
6519 675545585
6520 631785846
6521 389589758
6522 189130826
6523 362459609
6524 100323020
6525 988915724
6526 738584339
6527 922139146
6528 236875832
6529 74124185
6530 838069250
6531 816543156
6532 892483642
6533 653100795
6534 58138479
6535 449285982
6536 439155994
6537 425506999
6538 451557131
6539 837944511
6540 805247874
6541 4156914
6542 815207997
6543 897554080
6544 346186392
6545 841056346
6546 227495721
6547 110874049
6548 619222183
6549 513305314
6550 279832351
6551 88061999
6552 296749602
6553 703094533
6554 336327455
6555 127291158
6556 180459918
6557 409933840
6558 29711063
6559 202186670
6560 215140941
6561 751462939
6562 353359817
6563 581161447
6564 370239716
6565 90833413
6566 534755165
6567 893277663
6568 524137891
6569 916415478
6570 568609244
6571 828823340
6572 827625027
6573 27342901
6574 254400488
6575 118388686
6576 112900321
6577 65805773
6578 390347118
6579 771249700
6580 204342093
6581 675392883
6582 337129469
6583 895448303
6584 278613730
6585 740185468
6586 586859023
6587 987690134
6588 261475232
6589 363459855
6590 603162631
6591 119638671
6592 106719870
6593 409210627
6594 296929184
6595 858551008
6596 289058830
6597 265474901
6598 903431231
6599 61115491
6600 647540761
6601 361805927
6602 490205850
6603 119491111
6604 57108853
6605 415598250
6606 419714541
6607 242832896
6608 99194537
6609 80855525
6610 261675949
6611 45431026
6612 967161361
6613 48317949
6614 84149403
6615 310278204
6616 809976900
6617 788638579
6618 869333181
6619 30801645
6620 954987853
6621 394901630
6622 989112790
6623 948458934
6624 347493432
6625 445230904
6626 812313951
6627 476046583
6628 614325383
6629 574360306
6630 941411439
6631 148823548
6632 843784793
6633 184460856
6634 220590729
6635 726953839
6636 808770297
6637 922700124
6638 498218043
6639 277727300
6640 506153340
6641 257852441
6642 951643537
6643 922198015
6644 811230508
6645 620793682
6646 599026231
6647 567313276
6648 960712389
6649 934181347
6650 86256342
6651 896179590
6652 30737920
6653 824020170
6654 585095357
6655 315059922
6656 121128521
6657 344947165
6658 960227174
6659 25791643
6660 357546317
6661 40019426
6662 207343210
6663 928849750
6664 585363394
6665 331031859
6666 444670897
6667 232705592
6668 579773131
6669 405861571
6670 119052878
6671 257063213
6672 873296873
6673 566602966
6674 991511826
6675 632967872
6676 734608326
6677 578378763
6678 486086772
6679 374090484
6680 881111136
6681 346681492
6682 65879302
6683 693141734
6684 985255214
6685 865855931
6686 961393771
6687 82603060
6688 719143501
6689 565703643
6690 729272201
6691 382878663
6692 448388262
6693 743766912
6694 35515078
6695 322370642
6696 331458339
6697 609965680
6698 32428751
6699 838908230
6700 112133919
6701 706527088
6702 544992744
6703 351322678
6704 572680594
6705 410308070
6706 354585539
6707 772729166
6708 832601408
6709 444848910
6710 640157900
6711 917252519
6712 144492435
6713 42562910
6714 543019093
6715 594929707
6716 26026309
6717 165912730
6718 604298551
6719 32285844
6720 561385927
6721 287476833
6722 536967044
6723 464727482
6724 289369626
6725 302227189
6726 791220988
6727 407979897
6728 723728058
6729 122873343
6730 563713794
6731 307088538
6732 874769331
6733 338356970
6734 104362259
6735 127478196
6736 823625116
6737 319574464
6738 9490657
6739 157611434
6740 948029910
6741 609946615
6742 304786502
6743 504859998
6744 521781686
6745 26367856
6746 399408051
6747 910771634
6748 550100475
6749 848475645
6750 99501613
6751 450342595
6752 621293356
6753 9935855
6754 637604535
6755 529037842
6756 603224795
6757 463559116
6758 986174070
6759 508641948
6760 840953570
6761 977581850
6762 656086138
6763 134515293
6764 551643454
6765 591692326
6766 221411626
6767 880974851
6768 77626167
6769 192417317
6770 685319094
6771 659135628
6772 914618997
6773 694347217
6774 624538894
6775 272002072
6776 253154855
6777 676481465
6778 393432809
6779 798267172
6780 954731032
6781 159175682
6782 501729858
6783 52696278
6784 127689748
6785 460710967
6786 164837846
6787 457725775
6788 858937271
6789 953961701
6790 260421313
6791 99244645
6792 855771614
6793 226518112
6794 382192238
6795 595585797
6796 808100487
6797 921493828
6798 507063167
6799 541973863
6800 368322290
6801 492157687
6802 558618431
6803 12994206
6804 235107255
6805 853922042
6806 327966966
6807 751587657
6808 317704314
6809 964909171
6810 840244994
6811 345796030
6812 607318431
6813 582462490
6814 308540597
6815 438278026
6816 328227899
6817 504656060
6818 324697113
6819 169788836
6820 990093415
6821 581466097
6822 972647437
6823 485680652
6824 612880249
6825 556221601
6826 325935226
6827 477614874
6828 682756230
6829 932831137
6830 88779401
6831 321040130
6832 153277389
6833 767197136
6834 119422668
6835 122673284
6836 546746325
6837 579267504
6838 157869955
6839 289409638
6840 126225531
6841 167524456
6842 168803952
6843 809765921
6844 496841005
6845 650782046
6846 788518016
6847 927661900
6848 146934754
6849 752301217
6850 304019431
6851 351655680
6852 102016656
6853 461433459
6854 293108654
6855 576519781
6856 712959608
6857 295939372
6858 128130271
6859 235853612
6860 459133477
6861 556738265
6862 370570064
6863 473786354
6864 338767260
6865 199293520
6866 727302071
6867 615821105
6868 810976580
6869 292470859
6870 251960409
6871 253758122
6872 663621649
6873 315957640
6874 904916313
6875 702354266
6876 845526721
6877 26898161
6878 135638030
6879 129195159
6880 305099484
6881 331129428
6882 278275384
6883 569666956
6884 775586066
6885 678192790
6886 783560288
6887 154403898
6888 124335270
6889 746797921
6890 638784885
6891 875912430
6892 948718872
6893 399863020
6894 788169223
6895 999345421
6896 187663777
6897 374643126
6898 508314935
6899 962732036
6900 437310376
6901 523288599
6902 893596795
6903 862774814
6904 455679847
6905 526840406
6906 250947433
6907 57946676
6908 130889348
6909 201954609
6910 360025274
6911 809983444
6912 119594464
6913 108498227
6914 29506874
6915 49725675
6916 259552342
6917 934175104
6918 344170370
6919 433094586
6920 400795807
6921 404826293
6922 101924263
6923 862694979
6924 386546095
6925 124111355
6926 103735340
6927 468852013
6928 880974849
6929 710178271
6930 664734189
6931 674772057
6932 231109098
6933 137556762
6934 380203376
6935 488932735
6936 390692746
6937 492278503
6938 873658866
6939 770692747
6940 401150006
6941 192534068
6942 475664811
6943 500961443
6944 911664362
6945 382218301
6946 692021175
6947 605111653
6948 57572682
6949 50230784
6950 878038998
6951 98453781
6952 351933971
6953 92742021
6954 51181321
6955 234678196
6956 941653490
6957 941763591
6958 830417560
6959 217097649
6960 455453163
6961 359112778
6962 141071419
6963 488127735
6964 949668417
6965 217764964
6966 504810132
6967 128670518
6968 827404446
6969 649019907
6970 87559517
6971 111884409
6972 131674419
6973 341333544
6974 24585195
6975 971983992
6976 656960408
6977 154633276
6978 217551158
6979 2094562
6980 811477739
6981 870952264
6982 917822781
6983 977243542
6984 669980999
6985 247521153
6986 160600286
6987 368089588
6988 757846531
6989 271336668
6990 664691351
6991 866696474
6992 753435827
6993 781602406
6994 954527050
6995 993504352
6996 351213575
6997 408025409
6998 256585418
6999 815780303
7000 531019637
7001 146623091
7002 60987040
7003 293282456
7004 376758228
7005 921154530
7006 56665151
7007 948671838
7008 856645364
7009 332657634
7010 531672454
7011 997093923
7012 617268835
7013 97503816
7014 602768358
7015 419000370
7016 824324694
7017 50754425
7018 640458476
7019 349958902
7020 376665022
7021 786853365
7022 22484847
7023 627888353
7024 787025451
7025 704041107
7026 764573209
7027 165210794
7028 241381287
7029 745198552
7030 595791055
7031 449280523
7032 771872646
7033 637761026
7034 985357597
7035 612569174
7036 415641249
7037 640977087
7038 826547880
7039 295713970
7040 560806948
7041 39515550
7042 495273995
7043 735239292
7044 728919238
7045 770118158
7046 576234555
7047 349009480
7048 115940528
7049 470013886
7050 282018483
7051 908957262
7052 552243312
7053 490195759
7054 146982550
7055 403823635
7056 769623307
7057 439012253
7058 582146541
7059 501807343
7060 464657991
7061 220583490
7062 167200448
7063 560106085
7064 110284696
7065 457947738
7066 118448686
7067 969996301
7068 965264848
7069 745759773
7070 115088848
7071 280454933
7072 934804519
7073 606157211
7074 738645259
7075 803357123
7076 167304720
7077 856554731
7078 113747742
7079 418901978
7080 220293924
7081 858715
7082 463337996
7083 240918128
7084 235891782
7085 715239320
7086 575430897
7087 400734133
7088 404238879
7089 199798482
7090 72162692
7091 212447233
7092 966545778
7093 107727411
7094 155901879
7095 769700774
7096 596496832
7097 494654855
7098 83528236
7099 444611181
7100 818551620
7101 563057545
7102 941529742
7103 25422518
7104 30814476
7105 422462815
7106 535207123
7107 54892179
7108 954680420
7109 155228456
7110 87287938
7111 676431193
7112 942437494
7113 804602754
7114 528469599
7115 977170207
7116 263541920
7117 557937913
7118 178467607
7119 875912955
7120 74816018
7121 217923408
7122 123920529
7123 527983942
7124 402590574
7125 756006829
7126 694945479
7127 721524862
7128 397654474
7129 955712922
7130 601777211
7131 950987506
7132 661433948
7133 687023068
7134 706854347
7135 120827693
7136 222102787
7137 988574807
7138 401308430
7139 906588233
7140 244141310
7141 910891076
7142 169336038
7143 530009593
7144 941286039
7145 198256169
7146 208183083
7147 882616520
7148 809404266
7149 313474894
7150 450931891
7151 530217450
7152 387724416
7153 855191152
7154 600766719
7155 819644837
7156 174407157
7157 731165934
7158 845487445
7159 834143466
7160 955445247
7161 364388880
7162 970004392
7163 749750602
7164 664570783
7165 963917224
7166 434439463
7167 13126712
7168 910581
7169 32338740
7170 812154560
7171 96862811
7172 626019206
7173 574374838
7174 324235156
7175 428493963
7176 726363140
7177 131196217
7178 216338212
7179 645229783
7180 526269424
7181 258517681
7182 989138332
7183 866029534
7184 662396259
7185 912892927
7186 175154271
7187 88277983
7188 751798380
7189 627636543
7190 274464432
7191 96868074
7192 75031925
7193 702389819
7194 288921159
7195 178753765
7196 518256923
7197 474917534
7198 260011640
7199 999563597
7200 616819998
7201 630065882
7202 3000468
7203 547403709
7204 872151912
7205 34948683
7206 319503082
7207 772854877
7208 549469910
7209 290612445
7210 361498942
7211 953351349
7212 274981312
7213 714525990
7214 515246725
7215 504281722
7216 386983395
7217 835168115
7218 44245271
7219 412449747
7220 553826969
7221 497143372
7222 90738310
7223 635044583
7224 713998838
7225 335982239
7226 796705203
7227 403118201
7228 719386880
7229 983902753
7230 744833825
7231 360050001
7232 64218742
7233 293960023
7234 120219731
7235 81617875
7236 690785637
7237 844146430
7238 412080103
7239 477529797
7240 205021258
7241 6161260
7242 632045548
7243 40609073
7244 659085793
7245 52992962
7246 208200328
7247 849883255
7248 542075608
7249 191425045
7250 906455010
7251 540651089
7252 223960087
7253 941967885
7254 85128492
7255 463705620
7256 602132720
7257 84195561
7258 910948375
7259 231627225
7260 686956885
7261 448255553
7262 60985180
7263 228882184
7264 299084474
7265 597169333
7266 11311497
7267 263916542
7268 85954793
7269 780264589
7270 751029019
7271 64465000
7272 967400178
7273 163198223
7274 205023634
7275 307007386
7276 476953214
7277 238516037
7278 417158497
7279 940920866
7280 890021151
7281 399889128
7282 791041553
7283 477190136
7284 115735097
7285 455193347
7286 289890824
7287 25897777
7288 377329904
7289 850014371
7290 735448521
7291 839077492
7292 632802120
7293 251944099
7294 862353431
7295 467680768
7296 367211114
7297 988883389
7298 259401660
7299 370122067
7300 689485519
7301 842880691
7302 346661507
7303 828402819
7304 193161964
7305 664648326
7306 127209080
7307 937622723
7308 228050871
7309 512766301
7310 868262966
7311 993131299
7312 567644227
7313 482378898
7314 518554201
7315 10698901
7316 524570529
7317 669710257
7318 902635205
7319 877647972
7320 778053167
7321 917803319
7322 710994769
7323 37646768
7324 731881254
7325 527885780
7326 678834754
7327 137861808
7328 369093928
7329 929790816
7330 657986197
7331 324647235
7332 236794555
7333 912825996
7334 34864303
7335 639280985
7336 723412931
7337 476597591
7338 204736819
7339 545704542
7340 170626295
7341 837758373
7342 575931209
7343 293210045
7344 717164515
7345 939693684
7346 203173312
7347 862915635
7348 651365998
7349 478010887
7350 625151219
7351 738941296
7352 378054144
7353 262689206
7354 61699228
7355 821386578
7356 51355302
7357 999967327
7358 391318251
7359 559208108
7360 579736575
7361 74862493
7362 800231994
7363 709139443
7364 154519259
7365 230528034
7366 565163205
7367 302122977
7368 803580461
7369 271535603
7370 266075437
7371 393362919
7372 552588107
7373 984902253
7374 713078494
7375 854199844
7376 177028300
7377 375115926
7378 977180312
7379 109909337
7380 31192649
7381 365860062
7382 267677922
7383 292840864
7384 868741967
7385 235236986
7386 344906903
7387 866120335
7388 532922575
7389 701781877
7390 820774494
7391 11770185
7392 731901980
7393 74398803
7394 666041462
7395 869548939
7396 292913579
7397 910247008
7398 93796162
7399 764227494
7400 540139340
7401 182681892
7402 373614397
7403 525624713
7404 238680830
7405 251675613
7406 934427467
7407 984819646
7408 916959314
7409 987600711
7410 271759177
7411 763700812
7412 526466846
7413 38697218
7414 477513356
7415 906895777
7416 851346226
7417 424482927
7418 270991236
7419 451922859
7420 9784756
7421 673136296
7422 30309121
7423 611699207
7424 592130041
7425 362478731
7426 472679701
7427 404012753
7428 301697795
7429 807491848
7430 380530188
7431 572074679
7432 932008870
7433 283710133
7434 180615512
7435 507328035
7436 926019024
7437 562092487
7438 195222249
7439 543536871
7440 496435393
7441 763708418
7442 489836607
7443 223607053
7444 796423338
7445 454793690
7446 20928225
7447 356194703
7448 177051573
7449 597887909
7450 767441114
7451 541309433
7452 623106538
7453 59114140
7454 700848970
7455 375599501
7456 732585975
7457 962749727
7458 618406223
7459 57562139
7460 269856622
7461 843504716
7462 373603603
7463 14639358
7464 253506108
7465 707201719
7466 534479878
7467 115249576
7468 292645936
7469 855739964
7470 164695078
7471 604069469
7472 43066589
7473 140610172
7474 409924634
7475 405561804
7476 730063526
7477 478420129
7478 756324764
7479 904131915
7480 485774406
7481 704806694
7482 846775235
7483 764903411
7484 785989938
7485 117415965
7486 20653413
7487 500481572
7488 378545726
7489 975249201
7490 538433379
7491 106571064
7492 189750947
7493 443938946
7494 784338308
7495 364465970
7496 319773235
7497 689493682
7498 866107344
7499 393431300
7500 523973286
7501 545903674
7502 395583176
7503 111173105
7504 58109112
7505 645077657
7506 406491186
7507 39401851
7508 433884605
7509 249206380
7510 950253508
7511 243667184
7512 877063507
7513 369663022
7514 589396937
7515 195441966
7516 172974825
7517 308038526
7518 77203083
7519 641394031
7520 967960420
7521 465300926
7522 479829260
7523 101403822
7524 110742819
7525 586037812
7526 484585351
7527 69165578
7528 608292811
7529 730998735
7530 239210811
7531 964591398
7532 643443852
7533 807962128
7534 971048401
7535 300464443
7536 694449299
7537 60681901
7538 666856456
7539 296026332
7540 604773462
7541 143223132
7542 531219676
7543 366418156
7544 564172786
7545 816185992
7546 922825884
7547 676274214
7548 763939911
7549 62002707
7550 971757202
7551 906058222
7552 892991953
7553 207358631
7554 824499094
7555 419228756
7556 821672483
7557 890762367
7558 854798729
7559 69288365
7560 249654106
7561 552406516
7562 178089662
7563 609949953
7564 671446953
7565 720959462
7566 423380064
7567 741608127
7568 768220295
7569 882092272
7570 592287377
7571 753297367
7572 652353015
7573 178816925
7574 505514775
7575 33651403
7576 968111484
7577 733700565
7578 445854141
7579 712067446
7580 853790633
7581 743082176
7582 348768338
7583 657771821
7584 965816183
7585 12291260
7586 452986026
7587 345506134
7588 850492785
7589 839679128
7590 49677184
7591 621118953
7592 299170079
7593 477220046
7594 594952602
7595 687016589
7596 544239339
7597 850497512
7598 470487577
7599 274607558
7600 455536267
7601 587663505
7602 384351994
7603 449778392
7604 75570366
7605 206954352
7606 72294064
7607 995936043
7608 278300320
7609 120633898
7610 399719495
7611 631351840
7612 255281946
7613 20806739
7614 368751054
7615 938091341
7616 115891672
7617 328872890
7618 550981069
7619 312891368
7620 708785353
7621 35883221
7622 372370192
7623 866040195
7624 173294537
7625 102389614
7626 882031074
7627 62065993
7628 913755572
7629 141410789
7630 557486223
7631 569258832
7632 629258488
7633 524040375
7634 677230107
7635 637402132
7636 206693630
7637 677175817
7638 537164240
7639 871117495
7640 974475593
7641 397599537
7642 62601937
7643 817872794
7644 614171099
7645 882860051
7646 100053899
7647 185995967
7648 886270027
7649 478533952
7650 538918182
7651 217100554
7652 883570050
7653 941443705
7654 422469258
7655 47617770
7656 589868344
7657 213510760
7658 559086111
7659 889759809
7660 373459982
7661 192433362
7662 663789072
7663 294346129
7664 32339489
7665 772962939
7666 495890945
7667 106531105
7668 589357208
7669 570951578
7670 510549015
7671 294229712
7672 197150892
7673 170947023
7674 979325488
7675 781763944
7676 65356837
7677 639246569
7678 484933940
7679 514860399
7680 517015196
7681 800128847
7682 780216505
7683 741657560
7684 862461099
7685 615860522
7686 926741383
7687 660176151
7688 431990766
7689 478330288
7690 699930305
7691 48124704
7692 412804219
7693 644428810
7694 972420363
7695 903728521
7696 531834451
7697 722113593
7698 521456224
7699 891392370
7700 536518842
7701 3850488
7702 584742955
7703 266808395
7704 500596972
7705 813832353
7706 557673887
7707 52509645
7708 705062787
7709 19325361
7710 838799364
7711 903276070
7712 389239907
7713 924623913
7714 721011061
7715 231413825
7716 907645979
7717 786991114
7718 199260942
7719 375172422
7720 600903848
7721 168058989
7722 860771380
7723 335177111
7724 48113963
7725 954446829
7726 778761578
7727 238849815
7728 561151786
7729 599643573
7730 213980894
7731 336349818
7732 203932533
7733 79238286
7734 92924739
7735 516348536
7736 491170194
7737 854967022
7738 918906608
7739 464294376
7740 965970552
7741 953547504
7742 802273561
7743 426043568
7744 82709295
7745 348228482
7746 960730914
7747 605611750
7748 642323181
7749 723900857
7750 768831243
7751 5981540
7752 162423611
7753 126416907
7754 628039322
7755 893949083
7756 811668052
7757 515894761
7758 931734897
7759 359767177
7760 791213005
7761 154288710
7762 361518545
7763 87635838
7764 100794028
7765 964046410
7766 675327532
7767 283736990
7768 7773307
7769 824106961
7770 799215387
7771 557903372
7772 240546344
7773 959028162
7774 853804675
7775 1982524
7776 479953217
7777 259588336
7778 225553955
7779 308339738
7780 290049052
7781 292176595
7782 65633160
7783 527273049
7784 983246232
7785 694696889
7786 133242993
7787 322825012
7788 910965809
7789 476936255
7790 655338173
7791 135772781
7792 320158772
7793 28844493
7794 537428484
7795 769685414
7796 372133850
7797 486530703
7798 252412963
7799 536703462
7800 506598302
7801 472132551
7802 149059599
7803 151911604
7804 536638760
7805 421697384
7806 270112204
7807 762630663
7808 511237595
7809 747268571
7810 753995982
7811 676812957
7812 699085004
7813 383880952
7814 77903931
7815 318174799
7816 990157459
7817 228077955
7818 612410107
7819 386438131
7820 351366649
7821 728645906
7822 744420246
7823 42043777
7824 12696560
7825 667734807
7826 276224129
7827 57430895
7828 754876206
7829 294938387
7830 429136244
7831 879943329
7832 888921423
7833 270108891
7834 710585193
7835 26278371
7836 112413861
7837 748196019
7838 548833748
7839 207373784
7840 240546871
7841 240851305
7842 394858819
7843 52984651
7844 872395193
7845 538163993
7846 140378703
7847 591960014
7848 754928361
7849 526948836
7850 929272502
7851 589875837
7852 861334032
7853 762608112
7854 353179425
7855 328948594
7856 972915340
7857 848714826
7858 159845497
7859 93005153
7860 351963762
7861 885079167
7862 463821917
7863 162759352
7864 983282903
7865 242577088
7866 612624507
7867 876678977
7868 230355155
7869 64425092
7870 514258136
7871 418315279
7872 996695042
7873 914752664
7874 954247574
7875 238883200
7876 109028437
7877 298340061
7878 20797967
7879 607213095
7880 126392829
7881 859234298
7882 718486598
7883 69262808
7884 417933045
7885 449207991
7886 439233117
7887 949082079
7888 776093780
7889 298023274
7890 552141643
7891 414207545
7892 343312649
7893 540175796
7894 716427836
7895 220613898
7896 811918054
7897 645756547
7898 257041913
7899 356177954
7900 627373781
7901 621057070
7902 274387183
7903 447007349
7904 511723905
7905 590740445
7906 212959898
7907 263192999
7908 917589454
7909 744025367
7910 463311760
7911 291894912
7912 251826258
7913 725681910
7914 240665241
7915 201189132
7916 642764778
7917 22727915
7918 357239705
7919 456880744
7920 67402496
7921 500625242
7922 768895586
7923 428920753
7924 15843362
7925 307451607
7926 269295983
7927 70196097
7928 20584659
7929 808201991
7930 693824486
7931 908330944
7932 385136674
7933 814350969
7934 493903194
7935 399333616
7936 659200304
7937 566692126
7938 380187539
7939 459068279
7940 22077610
7941 882596042
7942 367277888
7943 319789786
7944 871070190
7945 417680895
7946 935731333
7947 789224424
7948 834071109
7949 13446638
7950 105477876
7951 523777019
7952 474050700
7953 35925648
7954 436164771
7955 230171215
7956 810026496
7957 703668204
7958 1930673
7959 138422779
7960 827962988
7961 836682390
7962 690735610
7963 834057649
7964 745696119
7965 511788201
7966 763912449
7967 634893894
7968 198651593
7969 893957592
7970 181818024
7971 40445779
7972 372049873
7973 83633554
7974 798109564
7975 817287012
7976 594913028
7977 441919815
7978 139927172
7979 760608158
7980 908306809
7981 679458954
7982 557170879
7983 263685960
7984 903973062
7985 57067808
7986 662621205
7987 856714843
7988 957102664
7989 155144046
7990 272268256
7991 880236154
7992 236103629
7993 569361919
7994 722021047
7995 944827665
7996 45452171
7997 643991994
7998 234696030
7999 479140913
8000 131844907
8001 620894682
8002 533957517
8003 997346603
8004 577500445
8005 183606060
8006 481159252
8007 473860823
8008 585748060
8009 242871529
8010 270961311
8011 13170041
8012 826395899
8013 492387591
8014 582074720
8015 26742239
8016 154733338
8017 737880553
8018 699259627
8019 890102811
8020 33050517
8021 154471305
8022 105577500
8023 794369356
8024 775899127
8025 27713741
8026 378195106
8027 118948178
8028 634005480
8029 382144338
8030 243815012
8031 329660176
8032 207280762
8033 3978058
8034 460625947
8035 254538481
8036 153989586
8037 266593596
8038 634426693
8039 66352969
8040 617710864
8041 567593062
8042 220461933
8043 923576795
8044 173487080
8045 365859990
8046 158042627
8047 809735678
8048 487458804
8049 803851415
8050 489204734
8051 943134618
8052 453567718
8053 346086965
8054 339339397
8055 44430637
8056 492979786
8057 332747975
8058 956734136
8059 464632653
8060 870283276
8061 124933889
8062 652598437
8063 25959457
8064 791487307
8065 548037473
8066 222316202
8067 307690250
8068 872909940
8069 531877917
8070 159004502
8071 480019065
8072 196595526
8073 648599126
8074 846611584
8075 126148299
8076 202945663
8077 634307583
8078 464116408
8079 721308624
8080 433980520
8081 490983738
8082 947538087
8083 168814396
8084 522223284
8085 711124528
8086 997152325
8087 766223372
8088 208059304
8089 552570311
8090 601494863
8091 646170611
8092 942007972
8093 616599106
8094 393072366
8095 738713460
8096 602390896
8097 330461200
8098 865434794
8099 987469681
8100 328493397
8101 797704981
8102 48692327
8103 472091479
8104 190871536
8105 104327394
8106 62595993
8107 465135951
8108 251253176
8109 186326106
8110 739400727
8111 431844885
8112 720436085
8113 873957205
8114 356665748
8115 42899749
8116 281108123
8117 172637829
8118 442004785
8119 364282789
8120 654563705
8121 342303995
8122 870538776
8123 784886672
8124 380339395
8125 540553810
8126 193726580
8127 640412938
8128 125387675
8129 446924073
8130 879752874
8131 566078789
8132 235262018
8133 741489450
8134 968720499
8135 169713592
8136 112808978
8137 657947648
8138 561078661
8139 839311248
8140 934121676
8141 92553390
8142 177652293
8143 466087553
8144 641132210
8145 79554434
8146 100222181
8147 488925088
8148 843697154
8149 493854683
8150 132381692
8151 436234395
8152 729951090
8153 793600119
8154 928133932
8155 698746817
8156 716745967
8157 5727592
8158 140817098
8159 582342398
8160 357123389
8161 915815968
8162 817462512
8163 506807635
8164 190602044
8165 532899506
8166 399635046
8167 185723256
8168 210142595
8169 477098203
8170 97072902
8171 202468626
8172 167464370
8173 31143744
8174 428218107
8175 783756807
8176 450540987
8177 436095590
8178 366506816
8179 729006998
8180 709653328
8181 109117582
8182 828299665
8183 122304488
8184 168054438
8185 166753319
8186 849264328
8187 332491939
8188 768008531
8189 285815167
8190 691461478
8191 94575397
8192 793656715
8193 452517410
8194 439367795
8195 843313248
8196 653940351
8197 309486759
8198 536958067
8199 95242761
8200 858960186
8201 963890841
8202 293312761
8203 366589298
8204 962414458
8205 403938628
8206 298273045
8207 714009860
8208 181357412
8209 679498845
8210 45606738
8211 570810644
8212 346837103
8213 861152880
8214 729750990
8215 943386955
8216 333566038
8217 389428553
8218 546618559
8219 286337511
8220 165478332
8221 964657924
8222 506270405
8223 513605262
8224 237452616
8225 420459005
8226 190714457
8227 228908124
8228 161620302
8229 633850231
8230 258830374
8231 20958402
8232 423556552
8233 109739893
8234 152023285
8235 19008153
8236 435322898
8237 393799526
8238 507404329
8239 242007745
8240 963291811
8241 865495016
8242 357694030
8243 584250722
8244 444848528
8245 698292707
8246 176724918
8247 684457152
8248 812697323
8249 55645735
8250 882231077
8251 675551949
8252 117385727
8253 910661724
8254 109996138
8255 812500616
8256 149095189
8257 302618760
8258 115615735
8259 996668619
8260 771352575
8261 395106833
8262 144982549
8263 467239342
8264 144588031
8265 871726888
8266 240533155
8267 674111840
8268 840566614
8269 820352590
8270 232489398
8271 189248369
8272 87682265
8273 51021791
8274 82158312
8275 345903381
8276 380235955
8277 253408755
8278 896197791
8279 869262521
8280 719067202
8281 480490354
8282 251446735
8283 464054718
8284 497285720
8285 435259188
8286 759971495
8287 418796490
8288 381056409
8289 928085482
8290 274030320
8291 668184975
8292 99806123
8293 993383116
8294 161064514
8295 92473112
8296 197155905
8297 978797159
8298 561252920
8299 63581767
8300 808223655
8301 275905584
8302 588757106
8303 669030065
8304 610374750
8305 674711654
8306 80489704
8307 174773253
8308 562709510
8309 347087954
8310 583368763
8311 772456705
8312 801961520
8313 493948308
8314 40766528
8315 841504221
8316 998253110
8317 333884679
8318 114872485
8319 25245451
8320 605438975
8321 672491588
8322 563387970
8323 748113094
8324 437995839
8325 334502352
8326 258230657
8327 50986298
8328 444763879
8329 159357283
8330 878838186
8331 398648178
8332 523111948
8333 886756370
8334 831204412
8335 123052393
8336 650492565
8337 3174901
8338 1290127
8339 258073526
8340 668057133
8341 131375286
8342 540196856
8343 731041002
8344 910943301
8345 707005208
8346 854289021
8347 387978377
8348 337560201
8349 547359941
8350 793553455
8351 558319229
8352 523592096
8353 601929812
8354 621951382
8355 808729035
8356 327916667
8357 388752499
8358 235373023
8359 530805114
8360 580077290
8361 111053611
8362 214505795
8363 930968072
8364 328900639
8365 605704294
8366 37079947
8367 788626050
8368 554678025
8369 791010426
8370 962821376
8371 242542338
8372 78040192
8373 935705949
8374 115713290
8375 729209348
8376 686708843
8377 673574676
8378 308130324
8379 379756056
8380 982466808
8381 517580371
8382 132554923
8383 43802967
8384 266329065
8385 987466939
8386 607065027
8387 206632520
8388 703921712
8389 415461096
8390 774884829
8391 208868371
8392 140404427
8393 801527132
8394 58212712
8395 772870933
8396 928500491
8397 655388143
8398 526510221
8399 968445355
8400 649558809
8401 454543678
8402 337102033
8403 277497609
8404 773502279
8405 849251600
8406 385395563
8407 334847165
8408 522647994
8409 419086939
8410 763831635
8411 70097568
8412 842778660
8413 166095887
8414 108803985
8415 578158624
8416 546124234
8417 361793115
8418 140446662
8419 472827734
8420 644718747
8421 707764198
8422 193969269
8423 540746992
8424 511388341
8425 862246558
8426 852238628
8427 698763452
8428 16296029
8429 261174478
8430 794929075
8431 333291991
8432 29382095
8433 912683068
8434 901890219
8435 846548509
8436 262472750
8437 998836341
8438 333884759
8439 369113605
8440 853270716
8441 715727502
8442 416934699
8443 619131855
8444 698344929
8445 437423897
8446 247033648
8447 996011616
8448 246318741
8449 981089069
8450 843666386
8451 358940037
8452 954307922
8453 333136444
8454 649590642
8455 964576523
8456 522520287
8457 256139651
8458 861367031
8459 946020651
8460 115996001
8461 871215092
8462 176856321
8463 306799484
8464 128536638
8465 597185677
8466 147444318
8467 352920534
8468 935026940
8469 86210461
8470 291590585
8471 704439545
8472 86025665
8473 743586081
8474 24107489
8475 182718631
8476 75205144
8477 194228328
8478 522504649
8479 793668709
8480 22528799
8481 55233414
8482 15079499
8483 456488732
8484 435124128
8485 688948843
8486 662489851
8487 17150642
8488 14936702
8489 723931454
8490 244548801
8491 933696018
8492 885107268
8493 362827157
8494 227142744
8495 806597039
8496 859022088
8497 988293448
8498 902426443
8499 482745480
8500 165089000
8501 329552774
8502 766987421
8503 951504005
8504 511016016
8505 728768393
8506 168450729
8507 135918247
8508 310023240
8509 578129228
8510 767947497
8511 23904524
8512 447217510
8513 148927571
8514 845111090
8515 591829902
8516 596071507
8517 300051875
8518 877671791
8519 125434781
8520 115528165
8521 648145231
8522 448019245
8523 245595378
8524 306677474
8525 758618931
8526 743359791
8527 298875174
8528 468336291
8529 932237768
8530 198130220
8531 543289341
8532 72997360
8533 429810684
8534 159771058
8535 546781486
8536 795525862
8537 853199827
8538 359879192
8539 563147968
8540 603950302
8541 420477940
8542 11541346
8543 1151676
8544 307130677
8545 231214999
8546 11823248
8547 562031078
8548 929452323
8549 232918961
8550 950568372
8551 859872786
8552 69698088
8553 547675902
8554 777090134
8555 688879658
8556 75992620
8557 522465295
8558 183635493
8559 456049117
8560 353257948
8561 557761684
8562 448351200
8563 206253275
8564 296761813
8565 44245746
8566 156628749
8567 219154483
8568 50008280
8569 96582678
8570 702629485
8571 966959337
8572 672617301
8573 237215180
8574 400666234
8575 845727782
8576 979238552
8577 635281676
8578 876439971
8579 308040198
8580 409493573
8581 977500846
8582 85697022
8583 741651730
8584 831235413
8585 406922006
8586 125584447
8587 900250537
8588 893936063
8589 662289501
8590 922668093
8591 640119833
8592 243122503
8593 447196028
8594 937575318
8595 983821789
8596 383340697
8597 273967431
8598 813936294
8599 368610006
8600 423016968
8601 510901594
8602 755738385
8603 786050426
8604 57988750
8605 48251487
8606 197459889
8607 871294434
8608 321944432
8609 201292940
8610 15764694
8611 455442931
8612 891009501
8613 29717981
8614 620114271
8615 106258964
8616 870098774
8617 983808423
8618 122326365
8619 174323946
8620 221624673
8621 714397242
8622 48331117
8623 252055255
8624 240007744
8625 632759168
8626 42898426
8627 257083984
8628 750382896
8629 888966830
8630 264092208
8631 628576708
8632 120088116
8633 401666246
8634 966450515
8635 123397304
8636 966785495
8637 771054949
8638 537076572
8639 694494454
8640 13157314
8641 433736212
8642 419251244
8643 957532481
8644 230357341
8645 519697788
8646 825102142
8647 426949157
8648 635150474
8649 617934787
8650 943307718
8651 464626019
8652 902602642
8653 948480736
8654 204021008
8655 401939102
8656 791211705
8657 550397244
8658 253563840
8659 468516952
8660 906959481
8661 980266772
8662 577982224
8663 526674776
8664 198767580
8665 813159482
8666 645389783
8667 21479533
8668 882593319
8669 482922354
8670 352306701
8671 67057450
8672 89226716
8673 377365396
8674 151237084
8675 200344525
8676 967009377
8677 365030030
8678 392749568
8679 357898947
8680 547307958
8681 481341172
8682 560131578
8683 459000284
8684 665758381
8685 563156534
8686 131143052
8687 735913397
8688 31097386
8689 258708698
8690 809025666
8691 744238625
8692 569195065
8693 611049984
8694 846634816
8695 780809310
8696 723370972
8697 82942418
8698 221235192
8699 229777822
8700 710351009
8701 687527941
8702 731366091
8703 189871397
8704 900016815
8705 956934244
8706 469266914
8707 502982246
8708 624772950
8709 737957155
8710 431720400
8711 516953821
8712 292490058
8713 355513643
8714 526159766
8715 606850157
8716 482197378
8717 806259996
8718 770400143
8719 8560483
8720 534838889
8721 119780330
8722 644686447
8723 364976556
8724 9543883
8725 620558357
8726 281079681
8727 837851872
8728 179691443
8729 116965481
8730 861720031
8731 251306186
8732 888454971
8733 232820591
8734 872908210
8735 507342913
8736 977456427
8737 764912038
8738 708544404
8739 918718810
8740 718184147
8741 565654230
8742 736685040
8743 459202032
8744 120735773
8745 639547907
8746 926309012
8747 974987241
8748 612775732
8749 838387955
8750 466196176
8751 647077498
8752 45682313
8753 204334439
8754 276405827
8755 57300568
8756 65849594
8757 442659700
8758 459237242
8759 944601233
8760 331181834
8761 602343283
8762 850608124
8763 656135549
8764 135756054
8765 224730515
8766 904655692
8767 935444265
8768 405407314
8769 827203578
8770 610658147
8771 384540993
8772 468463997
8773 947547969
8774 115185501
8775 628878850
8776 115255019
8777 262393234
8778 71270183
8779 768702631
8780 665384159
8781 378560717
8782 201794526
8783 642280997
8784 396086493
8785 246916564
8786 606123655
8787 435560601
8788 154231496
8789 221245282
8790 501986731
8791 414590637
8792 783973826
8793 6117486
8794 695184953
8795 478756611
8796 491798448
8797 12708729
8798 767420397
8799 923096567
8800 891858038
8801 12588833
8802 21569426
8803 535777161
8804 183773449
8805 319196965
8806 404252380
8807 548358933
8808 81700036
8809 619696121
8810 216531143
8811 442751905
8812 793607274
8813 802416240
8814 659436449
8815 456354001
8816 520879032
8817 209019646
8818 727198821
8819 13336652
8820 379227643
8821 887343107
8822 784352326
8823 853440771
8824 805021510
8825 727377675
8826 707171699
8827 719929088
8828 305120636
8829 311105576
8830 471890985
8831 444307396
8832 56600857
8833 492379778
8834 519652217
8835 837341815
8836 177774580
8837 695319623
8838 752937101
8839 674014182
8840 83678675
8841 273790508
8842 671343051
8843 853040031
8844 717118294
8845 237678213
8846 13166501
8847 680814310
8848 220161016
8849 973072435
8850 736804318
8851 657140999
8852 344193358
8853 657757965
8854 166710373
8855 317270268
8856 180921800
8857 748150061
8858 920935667
8859 61722684
8860 770634637
8861 875618402
8862 663966572
8863 290256860
8864 722992232
8865 36759689
8866 947987385
8867 633619989
8868 976682359
8869 797072089
8870 588169176
8871 89877926
8872 798002090
8873 637950773
8874 959905672
8875 665805411
8876 454769113
8877 878727287
8878 906651071
8879 7613782
8880 25976763
8881 299965341
8882 642226610
8883 761709334
8884 912413945
8885 539271959
8886 540495792
8887 362884245
8888 631590874
8889 242070579
8890 966036764
8891 919067395
8892 145509191
8893 793211455
8894 226140602
8895 676740003
8896 657814808
8897 779855837
8898 310551332
8899 542208889
8900 395607078
8901 142825335
8902 245196506
8903 781981961
8904 321435258
8905 108746286
8906 287600332
8907 824156598
8908 853793769
8909 115311034
8910 280678899
8911 235343312
8912 269628483
8913 255664624
8914 998185859
8915 292766168
8916 701907885
8917 814099940
8918 363328498
8919 926829460
8920 288052686
8921 811112949
8922 372765294
8923 714734479
8924 882208333
8925 361449533
8926 648532090
8927 814484422
8928 813275870
8929 132019291
8930 246190916
8931 523070626
8932 698605401
8933 882542847
8934 502942507
8935 417209114
8936 385680450
8937 699405293
8938 465598418
8939 378795706
8940 990925744
8941 167083088
8942 648515029
8943 499966484
8944 12542567
8945 205882986
8946 730823625
8947 634310085
8948 548633459
8949 859638278
8950 630380854
8951 50195954
8952 753837923
8953 101327467
8954 875494856
8955 163537990
8956 320115498
8957 734044286
8958 613951624
8959 583936250
8960 758695735
8961 180544822
8962 906704781
8963 414663256
8964 966246450
8965 436297920
8966 846952303
8967 981578298
8968 280989318
8969 241999511
8970 878222781
8971 933046139
8972 462181225
8973 872653862
8974 647088339
8975 310995845
8976 879597602
8977 578244
8978 167226759
8979 271057476
8980 424053149
8981 57639925
8982 118453682
8983 652672242
8984 51274062
8985 150546498
8986 408483316
8987 603252408
8988 943872663
8989 639375775
8990 19450002
8991 261928952
8992 761764932
8993 515654023
8994 801174768
8995 874672117
8996 452662705
8997 944698661
8998 236822508
8999 732410733
9000 474806040
9001 439398613
9002 918128988
9003 751507089
9004 305656052
9005 290316301
9006 452297668
9007 303822634
9008 308588777
9009 144401072
9010 840413357
9011 404887113
9012 85889874
9013 95094127
9014 406810941
9015 198795559
9016 727668839
9017 718250768
9018 769969021
9019 278626146
9020 809859816
9021 292520277
9022 710356247
9023 120271974
9024 720160117
9025 624777323
9026 410475652
9027 966777306
9028 996596831
9029 284648799
9030 184423252
9031 779919548
9032 69832061
9033 685458726
9034 220939814
9035 123842806
9036 795232265
9037 163391487
9038 529825637
9039 472932620
9040 522391753
9041 889228249
9042 8744951
9043 773004956
9044 536662575
9045 249991046
9046 835725702
9047 400256616
9048 68103906
9049 888181305
9050 686336127
9051 683742405
9052 419835838
9053 235159939
9054 708107087
9055 248614514
9056 434500899
9057 143970176
9058 470775578
9059 526225854
9060 789071550
9061 123382104
9062 354775636
9063 403528173
9064 857440738
9065 307838294
9066 853574443
9067 296781178
9068 606075157
9069 852466293
9070 115317156
9071 660399969
9072 77860874
9073 929033743
9074 556830015
9075 901465577
9076 978050325
9077 928887298
9078 356207124
9079 796731199
9080 186711264
9081 747228428
9082 216736919
9083 6987996
9084 883666227
9085 367312939
9086 712261076
9087 147504110
9088 154392800
9089 510778541
9090 266208477
9091 930470224
9092 880695432
9093 935139289
9094 450658703
9095 268598183
9096 459051730
9097 105368165
9098 665950857
9099 740662427
9100 654320622
9101 67214658
9102 361735199
9103 766903620
9104 293195502
9105 853955446
9106 597012133
9107 127056851
9108 597850395
9109 405197863
9110 847141026
9111 116145091
9112 837348201
9113 716326690
9114 452319572
9115 863726091
9116 937176394
9117 82399380
9118 834000729
9119 234209983
9120 920274708
9121 201422820
9122 913966743
9123 932260263
9124 667908256
9125 687088884
9126 228730286
9127 466583539
9128 669614169
9129 933897991
9130 940677699
9131 432225052
9132 642421502
9133 224188988
9134 115778546
9135 746659354
9136 587741278
9137 645228456
9138 510505452
9139 619452125
9140 714022925
9141 348442025
9142 987643797
9143 342898213
9144 733925110
9145 210960085
9146 611433295
9147 640376136
9148 44383988
9149 138987773
9150 503663843
9151 966724738
9152 403852302
9153 348429525
9154 844678274
9155 290262599
9156 595297515
9157 733967237
9158 203620066
9159 69956670
9160 30691996
9161 141254491
9162 460371494
9163 759320909
9164 179245662
9165 856636380
9166 312156005
9167 806208145
9168 526615861
9169 704088685
9170 787739826
9171 260185697
9172 127732478
9173 106347155
9174 48035004
9175 997233241
9176 977298263
9177 358624195
9178 741247995
9179 243601742
9180 923374773
9181 872657383
9182 53075792
9183 723774460
9184 896509197
9185 603263233
9186 27065563
9187 100751727
9188 566165713
9189 827712893
9190 984160449
9191 480436705
9192 783987659
9193 904166180
9194 498480360
9195 243525595
9196 750841801
9197 804310494
9198 760198367
9199 991240423
9200 210830724
9201 200161492
9202 574988533
9203 357340038
9204 955550343
9205 779185489
9206 823413217
9207 248857051
9208 468462718
9209 628602547
9210 346018691
9211 998915884
9212 450746087
9213 196215056
9214 387611769
9215 585092829
9216 292470163
9217 727750330
9218 165070459
9219 532353168
9220 38937529
9221 292191011
9222 507471039
9223 310786898
9224 984388624
9225 332664881
9226 219802679
9227 559472049
9228 649250245
9229 494447330
9230 718971981
9231 821737156
9232 571949397
9233 688480591
9234 936398869
9235 524935984
9236 539317191
9237 745208270
9238 242240195
9239 479439544
9240 132260065
9241 510672340
9242 676409960
9243 83768712
9244 887213818
9245 699651803
9246 446090153
9247 215862199
9248 559577683
9249 612831846
9250 704841668
9251 168465372
9252 994386156
9253 919743999
9254 986618434
9255 104022470
9256 762327228
9257 80100822
9258 299072093
9259 333135930
9260 449495215
9261 936214840
9262 849029400
9263 722037944
9264 356415045
9265 822211272
9266 19130667
9267 654657587
9268 814998750
9269 318742477
9270 33174160
9271 122674984
9272 986909713
9273 610213850
9274 824137672
9275 55704037
9276 809576506
9277 387557479
9278 181287324
9279 971558517
9280 761608829
9281 37097174
9282 428275206
9283 422210936
9284 602155526
9285 47182913
9286 370361638
9287 272468785
9288 81081395
9289 914556647
9290 90103769
9291 167986087
9292 670045098
9293 693107512
9294 208113119
9295 371452188
9296 4345051
9297 392057894
9298 439305361
9299 32196609
9300 5552428
9301 417780977
9302 515873343
9303 403665054
9304 493451697
9305 572321324
9306 655818894
9307 577662722
9308 851265508
9309 75120251
9310 707690887
9311 387838662
9312 950333936
9313 603110594
9314 667558694
9315 920411508
9316 952913602
9317 492208566
9318 221176693
9319 936023548
9320 980685064
9321 567446311
9322 373045711
9323 221872374
9324 421044234
9325 555362463
9326 597431628
9327 937208175
9328 623183921
9329 101369932
9330 651828680
9331 293574559
9332 390180872
9333 44869023
9334 900764652
9335 519777548
9336 670270876
9337 749610698
9338 263294307
9339 951576065
9340 762553397
9341 386794593
9342 226950188
9343 457522860
9344 356091711
9345 732028122
9346 943606362
9347 130480260
9348 291745937
9349 462760684
9350 145302219
9351 315106881
9352 104999115
9353 96381142
9354 949404330
9355 841309478
9356 375102417
9357 41067724
9358 271486957
9359 525598059
9360 144155895
9361 344344202
9362 312710949
9363 374041878
9364 756529653
9365 900009477
9366 565877601
9367 299758716
9368 194452272
9369 126866535
9370 329699040
9371 655575583
9372 258956537
9373 335486773
9374 596097329
9375 702112726
9376 315636351
9377 827022498
9378 444191719
9379 161525667
9380 709763344
9381 250810330
9382 830997301
9383 364627955
9384 848305932
9385 557773040
9386 462210961
9387 920833554
9388 59302593
9389 994087760
9390 609576400
9391 805008508
9392 288474563
9393 916462816
9394 590133949
9395 36940224
9396 774564002
9397 140394326
9398 413518706
9399 151952581
9400 638811553
9401 157166345
9402 106313301
9403 996574989
9404 798389436
9405 893262413
9406 909255848
9407 753039517
9408 7485543
9409 449092186
9410 397206740
9411 786839390
9412 167203308
9413 953796130
9414 606205088
9415 806582833
9416 586873823
9417 574276771
9418 12915797
9419 37705589
9420 784953529
9421 739544546
9422 629619451
9423 842486897
9424 26013006
9425 989389266
9426 459650529
9427 285325498
9428 96433973
9429 72431832
9430 560626569
9431 919981536
9432 215986151
9433 737908661
9434 897174273
9435 555579545
9436 470086591
9437 737438099
9438 61669432
9439 113651910
9440 779905257
9441 226095453
9442 695512866
9443 611789324
9444 939430887
9445 799941576
9446 3966523
9447 458583969
9448 320690281
9449 693184170
9450 833447506
9451 266432751
9452 317868090
9453 389065591
9454 714569701
9455 382207704
9456 167814910
9457 260933964
9458 680316522
9459 317255663
9460 579154674
9461 196388770
9462 677890309
9463 914603468
9464 333772381
9465 336450040
9466 647911361
9467 665265937
9468 964590144
9469 352482067
9470 330743149
9471 900098969
9472 50045389
9473 840131317
9474 292370271
9475 809630992
9476 289533610
9477 169934341
9478 950157138
9479 466939756
9480 728450097
9481 990819860
9482 250171004
9483 439467257
9484 184826215
9485 857763258
9486 153440309
9487 884208731
9488 806481339
9489 114119627
9490 154908534
9491 785397024
9492 919277196
9493 556167441
9494 376121224
9495 159695494
9496 278864745
9497 361858327
9498 438839996
9499 211912413
9500 495358903
9501 303496303
9502 754203332
9503 672695407
9504 370743705
9505 880880682
9506 384302662
9507 890081293
9508 764096530
9509 953766065
9510 855511597
9511 619841801
9512 364011037
9513 743064992
9514 634855269
9515 122497035
9516 481332264
9517 284480140
9518 620135888
9519 8520891
9520 270066597
9521 213668153
9522 890207155
9523 615458903
9524 217063942
9525 52954925
9526 644489123
9527 189479085
9528 264191948
9529 483712858
9530 359429779
9531 636681713
9532 539723461
9533 604248267
9534 711379170
9535 817026915
9536 217738604
9537 808827509
9538 579542902
9539 127970021
9540 782700140
9541 124299762
9542 815612915
9543 157395168
9544 362753809
9545 247485137
9546 553719471
9547 837349059
9548 336223242
9549 119734593
9550 115447042
9551 896486618
9552 847170985
9553 933463412
9554 985154521
9555 545171494
9556 530901512
9557 75305431
9558 781579307
9559 571703612
9560 933172206
9561 422251872
9562 529504104
9563 771234905
9564 634215224
9565 418262610
9566 345230121
9567 524560242
9568 189857371
9569 146015945
9570 503352648
9571 948346785
9572 295845137
9573 598570789
9574 51922780
9575 115938698
9576 684115612
9577 357439891
9578 211367357
9579 141301437
9580 617835773
9581 121125641
9582 318456770
9583 181800259
9584 123105004
9585 374189989
9586 159429604
9587 481241200
9588 333526119
9589 605827983
9590 750983810
9591 534382639
9592 836880766
9593 210482434
9594 168438093
9595 366954137
9596 823971229
9597 155345489
9598 962033443
9599 902468390
9600 483903157
9601 229820799
9602 425847123
9603 217209700
9604 506947565
9605 804848283
9606 719431398
9607 515452652
9608 942769114
9609 742414440
9610 669991582
9611 21779601
9612 402074949
9613 258090834
9614 507509346
9615 795248786
9616 80832259
9617 254048684
9618 578519442
9619 756635206
9620 10674110
9621 851862694
9622 467404010
9623 405191474
9624 857287163
9625 30455412
9626 274730118
9627 179227863
9628 377279161
9629 495896948
9630 506036506
9631 363886662
9632 123452194
9633 772966292
9634 300543963
9635 828616009
9636 486758709
9637 386315855
9638 113741564
9639 266725836
9640 94165232
9641 103104255
9642 443799249
9643 176709146
9644 553948599
9645 180206449
9646 580344365
9647 47730128
9648 365549943
9649 767304273
9650 918889771
9651 49555795
9652 956309736
9653 26295748
9654 323433377
9655 623815916
9656 277122197
9657 370511758
9658 407689995
9659 247457874
9660 626478651
9661 146574242
9662 836943759
9663 214511977
9664 474336603
9665 143242361
9666 451218605
9667 218490515
9668 850150524
9669 727664032
9670 563721162
9671 850947846
9672 328073145
9673 365790842
9674 976745845
9675 597202443
9676 793060614
9677 403827041
9678 780128505
9679 755962362
9680 924016777
9681 704176825
9682 268434064
9683 274215326
9684 162053015
9685 108066282
9686 995336101
9687 945071004
9688 487644751
9689 324014021
9690 463213541
9691 803497454
9692 972270617
9693 142016342
9694 208726369
9695 154137619
9696 571741224
9697 512663786
9698 777634662
9699 171775176
9700 441986249
9701 848941364
9702 134909387
9703 578472057
9704 351626005
9705 806743351
9706 813482913
9707 762985490
9708 98597169
9709 392619575
9710 877368317
9711 76656556
9712 195646054
9713 651541332
9714 19460262
9715 800978108
9716 599620029
9717 758268829
9718 264454428
9719 300962058
9720 877686543
9721 172496127
9722 854479546
9723 527297272
9724 769888132
9725 10643838
9726 600887190
9727 423194159
9728 269645407
9729 640297806
9730 806622963
9731 334871264
9732 253255391
9733 460975323
9734 218750727
9735 384262911
9736 494177352
9737 547994655
9738 466997506
9739 768622909
9740 333679757
9741 568277449
9742 971200892
9743 154732270
9744 403297776
9745 81111458
9746 900455321
9747 499830793
9748 235984206
9749 20967201
9750 308580143
9751 702138947
9752 928327539
9753 960098636
9754 844053930
9755 24069427
9756 679605861
9757 948795408
9758 607345695
9759 406935959
9760 909255408
9761 553226632
9762 799322125
9763 146809375
9764 159857062
9765 540324499
9766 415707630
9767 389651953
9768 98294522
9769 496819427
9770 721171717
9771 807572302
9772 189731169
9773 662599675
9774 650502718
9775 188821111
9776 545329409
9777 172115090
9778 621423185
9779 688659865
9780 370428807
9781 754828525
9782 550566947
9783 865697266
9784 51904017
9785 542797675
9786 66651647
9787 82395014
9788 955433439
9789 855342670
9790 466449515
9791 892537895
9792 962918769
9793 926072214
9794 353574626
9795 80924305
9796 742834597
9797 715862895
9798 39855601
9799 848864003
9800 131323433
9801 558108111
9802 337396106
9803 96466779
9804 134708632
9805 343054083
9806 722755678
9807 604445521
9808 555971090
9809 145596739
9810 534177329
9811 961542837
9812 938775520
9813 343084681
9814 509709232
9815 220949522
9816 861168203
9817 223367373
9818 957467502
9819 265871162
9820 125194730
9821 326971618
9822 556856979
9823 671163244
9824 127471070
9825 36914769
9826 238852405
9827 588811415
9828 589641848
9829 520873835
9830 453891029
9831 955009766
9832 443490515
9833 462706464
9834 664545036
9835 2508455
9836 954227729
9837 606475353
9838 503893903
9839 324301711
9840 180717271
9841 757200068
9842 477203006
9843 130024116
9844 270248494
9845 369723895
9846 560498903
9847 609604148
9848 943289014
9849 274989442
9850 673883493
9851 165047387
9852 40647813
9853 720001239
9854 96949183
9855 133766640
9856 559964261
9857 892073600
9858 204323789
9859 825863929
9860 954520719
9861 962879566
9862 185412591
9863 119982864
9864 553540614
9865 405272186
9866 997411418
9867 291992333
9868 170499190
9869 131921228
9870 222892194
9871 981441021
9872 959984365
9873 217750504
9874 184076288
9875 257614430
9876 847477803
9877 807616593
9878 99548278
9879 848123844
9880 148875064
9881 387111514
9882 973345638
9883 18368249
9884 854541471
9885 371371793
9886 510470916
9887 259756207
9888 995798292
9889 884317866
9890 860631594
9891 35814358
9892 274301
9893 713103696
9894 195507165
9895 990364607
9896 8422812
9897 15644697
9898 362952962
9899 172403661
9900 604990751
9901 8732178
9902 710809141
9903 728637819
9904 137352225
9905 167562933
9906 117043928
9907 789722251
9908 151770838
9909 887924117
9910 834052738
9911 745565555
9912 246798140
9913 505038385
9914 878784305
9915 526592230
9916 671437036
9917 553361138
9918 556661675
9919 660877487
9920 445811256
9921 515928723
9922 375823173
9923 613641688
9924 131958695
9925 687744337
9926 20611157
9927 179458706
9928 398551810
9929 259241697
9930 51490607
9931 527064111
9932 383607301
9933 972346334
9934 964397827
9935 791183123
9936 972359060
9937 988531742
9938 503718605
9939 947067844
9940 470695091
9941 540293937
9942 649214522
9943 66217752
9944 676699620
9945 524595500
9946 901055002
9947 484458664
9948 357507453
9949 704740270
9950 149430656
9951 108820777
9952 742163020
9953 940327730
9954 950586028
9955 554308897
9956 340208398
9957 583598638
9958 174240523
9959 517413969
9960 181203668
9961 189769765
9962 302574403
9963 498411105
9964 514736704
9965 974734897
9966 884560690
9967 241601874
9968 175114842
9969 309780580
9970 793565218
9971 807029648
9972 479472604
9973 909511656
9974 976820871
9975 680160522
9976 229945062
9977 579117412
9978 786439330
9979 104877248
9980 155511885
9981 959919248
9982 630167626
9983 792067388
9984 931246988
9985 630877127
9986 70106588
9987 191691085
9988 838011658
9989 878321774
9990 622984259
9991 389656414
9992 102381481
9993 613440543
9994 406806618
9995 339890480
9996 363920190
9997 314324904
9998 133637190
9999 680977887
10000 684766717
10001 156530242
10002 175380019
10003 330793981
10004 330731122
10005 547226542
10006 71035705
10007 351919305
10008 186858706
10009 815740424
10010 422810690
10011 235909527
10012 478057708
10013 724950361
10014 40935499
10015 332977729
10016 38081397
10017 877344560
10018 57695100
10019 686378297
10020 502469497
10021 112228156
10022 720400876
10023 555421952
10024 707411468
10025 346028756
10026 163464427
10027 421236599
10028 870931649
10029 458779919
10030 26374035
10031 704218128
10032 143564025
10033 844981059
10034 902022069
10035 722185594
10036 659057763
10037 619869972
10038 315725743
10039 412252442
10040 844093052
10041 662088928
10042 933314724
10043 186968190
10044 531797826
10045 714297673
10046 325892168
10047 557222332
10048 107475243
10049 599867699
10050 507963578
10051 7874715
10052 794857407
10053 324067687
10054 79872892
10055 354451113
10056 63195643
10057 807701912
10058 351472393
10059 7290422
10060 253055381
10061 972489748
10062 22828644
10063 875712459
10064 983778168
10065 198136357
10066 142968052
10067 740021415
10068 20529624
10069 892356779
10070 906053633
10071 290275200
10072 89781583
10073 705034422
10074 981674463
10075 892463974
10076 475060769
10077 652012440
10078 196719629
10079 682743917
10080 727203242
10081 422892839
10082 17176148
10083 689163531
10084 142735960
10085 657402354
10086 870965336
10087 504573289
10088 316332452
10089 259630913
10090 654028489
10091 843036543
10092 280740367
10093 880263600
10094 859126980
10095 43553126
10096 842037717
10097 43932760
10098 296346887
10099 22528322
10100 620882476
10101 46024395
10102 944156151
10103 665518183
10104 964976002
10105 613486618
10106 300941133
10107 416714380
10108 496007665
10109 231889438
10110 123831176
10111 725876544
10112 671705632
10113 322092959
10114 513392911
10115 281281954
10116 872929549
10117 823629868
10118 437869024
10119 391084994
10120 472291201
10121 48328780
10122 647728278
10123 995230426
10124 661090676
10125 716592658
10126 904001008
10127 394304105
10128 816581925
10129 737960181
10130 67770881
10131 622057141
10132 332544896
10133 878931748
10134 690526424
10135 807821229
10136 23894036
10137 629632525
10138 173254333
10139 217922048
10140 388655850
10141 479577706
10142 329544943
10143 813704644
10144 747738339
10145 231686670
10146 394287967
10147 498594249
10148 267652623
10149 664525426
10150 731897780
10151 322991655
10152 992778452
10153 27772972
10154 142129696
10155 926469728
10156 533950620
10157 790514277
10158 328419784
10159 64551217
10160 177071375
10161 891752043
10162 743832872
10163 320928632
10164 534205701
10165 664849864
10166 878972151
10167 334853365
10168 209031085
10169 343679501
10170 318743352
10171 178390443
10172 168728471
10173 802101300
10174 904198215
10175 396342442
10176 146767847
10177 610306273
10178 78726847
10179 22671196
10180 533878801
10181 25937784
10182 67663222
10183 414325537
10184 621265712
10185 230110567
10186 555381467
10187 507512728
10188 68739460
10189 574404080
10190 606372788
10191 715522668
10192 415276446
10193 721275581
10194 350323222
10195 987331859
10196 78415253
10197 645566187
10198 195794629
10199 726012896
10200 864131825
10201 912045493
10202 624487979
10203 135960832
10204 446578005
10205 636503513
10206 298997115
10207 1435203
10208 931010209
10209 876362851
10210 478689713
10211 51591252
10212 319027797
10213 75768840
10214 257429693
10215 636789721
10216 807135330
10217 613024666
10218 669299037
10219 994640058
10220 138857096
10221 61684655
10222 149113087
10223 741279104
10224 889788978
10225 734220159
10226 415188012
10227 361739868
10228 436629901
10229 717345593
10230 764000227
10231 850047587
10232 827483652
10233 123067674
10234 797585128
10235 622226457
10236 179688860
10237 101178944
10238 31392217
10239 673848869
10240 508174501
10241 433362475
10242 895940580
10243 445196043
10244 926588922
10245 958282460
10246 110889025
10247 508663966
10248 208250455
10249 389099320
10250 605621728
10251 384224165
10252 901305276
10253 827873042
10254 364038618
10255 88351157
10256 490881098
10257 939671502
10258 275750040
10259 247741061
10260 85197575
10261 392998966
10262 291412542
10263 359380016
10264 482874411
10265 951229103
10266 82825875
10267 206803274
10268 919621848
10269 442663963
10270 491782289
10271 219980361
10272 467249596
10273 57743857
10274 75163160
10275 723952334
10276 158760014
10277 144084637
10278 805860066
10279 126226058
10280 900142286
10281 828824063
10282 994049051
10283 607538334
10284 618556940
10285 321896042
10286 659844436
10287 658843771
10288 601508798
10289 833092479
10290 779336016
10291 340999412
10292 8500060
10293 224099727
10294 506169224
10295 885708746
10296 383875454
10297 343511292
10298 899381747
10299 269370661
10300 792828595
10301 360170456
10302 392811142
10303 481438182
10304 905630105
10305 316602752
10306 406207408
10307 161248647
10308 832373878
10309 714993070
10310 269634502
10311 608964063
10312 411669051
10313 543229919
10314 192599785
10315 580495274
10316 246130525
10317 682208820
10318 180352647
10319 564093633
10320 935393822
10321 831937416
10322 836932190
10323 856700138
10324 359216201
10325 317387945
10326 232509999
10327 447173007
10328 42002066
10329 555206971
10330 188952323
10331 281431854
10332 14436800
10333 876114046
10334 127021858
10335 907486930
10336 921801345
10337 410476004
10338 459403009
10339 728952927
10340 604227287
10341 94131458
10342 870962065
10343 583685542
10344 717720241
10345 84287896
10346 346552969
10347 976088944
10348 685110021
10349 761120742
10350 751327269
10351 633462556
10352 531804400
10353 164333336
10354 45492007
10355 954208492
10356 88519585
10357 285425642
10358 387405322
10359 665202632
10360 993580138
10361 237896343
10362 87791766
10363 545074969
10364 260547568
10365 546284669
10366 70091249
10367 199880859
10368 135141920
10369 333693738
10370 82583912
10371 277709780
10372 40867661
10373 523928330
10374 888776450
10375 184883169
10376 811074722
10377 56706415
10378 399966916
10379 389649789
10380 841630265
10381 321493844
10382 267202754
10383 236255723
10384 602888043
10385 637704148
10386 378198075
10387 786462118
10388 909687996
10389 676320295
10390 202441963
10391 86524506
10392 247431364
10393 643533909
10394 622855084
10395 742746450
10396 306826106
10397 160288442
10398 586209400
10399 549233800
10400 280832314
10401 616343294
10402 352341201
10403 240497256
10404 994861252
10405 19490333
10406 555156258
10407 908909215
10408 440198011
10409 831650456
10410 283044718
10411 666211583
10412 614717167
10413 529632523
10414 517148186
10415 783018601
10416 754300826
10417 204165533
10418 192871510
10419 801317104
10420 248070260
10421 204762369
10422 388528763
10423 141347669
10424 499740380
10425 203716974
10426 387412767
10427 201116352
10428 301591217
10429 711404924
10430 291152668
10431 449516414
10432 545989520
10433 367625376
10434 84517120
10435 764871908
10436 686984727
10437 777879525
10438 586166690
10439 392350790
10440 450962568
10441 269063699
10442 403076203
10443 905464099
10444 352338525
10445 236774046
10446 137979849
10447 798204368
10448 210776499
10449 916013185
10450 619795550
10451 514668832
10452 314426179
10453 857744326
10454 369238971
10455 794011355
10456 559152760
10457 743569707
10458 41965304
10459 567788692
10460 521461575
10461 855989570
10462 17045955
10463 375367316
10464 206107604
10465 942481211
10466 459675829
10467 502600
10468 589982244
10469 727885452
10470 123153698
10471 993904453
10472 402237164
10473 73686734
10474 421901345
10475 952240881
10476 297457812
10477 770044820
10478 951008161
10479 125272790
10480 314169348
10481 887415998
10482 687663545
10483 479275802
10484 342761677
10485 72786783
10486 440058376
10487 860592641
10488 568612110
10489 640834590
10490 621665042
10491 631501374
10492 273388065
10493 835780770
10494 337242534
10495 188799357
10496 488608867
10497 129811590
10498 854262225
10499 813377510
10500 364413303
10501 187067344
10502 141844422
10503 271700087
10504 26471264
10505 951958322
10506 899814485
10507 112224074
10508 967056519
10509 80405219
10510 880356546
10511 560703904
10512 543070514
10513 276507667
10514 471865530
10515 610838778
10516 339503710
10517 137604479
10518 258868459
10519 339705868
10520 86761689
10521 692784720
10522 974206374
10523 82303587
10524 632097820
10525 377205951
10526 227280658
10527 745119954
10528 192814762
10529 564177564
10530 400961480
10531 160301267
10532 317023128
10533 27302364
10534 931851400
10535 890979739
10536 663787376
10537 214634820
10538 935717899
10539 328819363
10540 922156324
10541 92873887
10542 476309179
10543 376374706
10544 191383672
10545 469862076
10546 466965734
10547 506503127
10548 765625863
10549 729056019
10550 496240420
10551 909558973
10552 962606630
10553 648242509
10554 919429113
10555 622157148
10556 344963868
10557 774536771
10558 608645727
10559 299562111
10560 284055094
10561 95639454
10562 253102589
10563 883867371
10564 185549888
10565 784025857
10566 85924040
10567 180960572
10568 378615695
10569 454798604
10570 223145841
10571 197253557
10572 571029327
10573 551994002
10574 97474320
10575 676502200
10576 288083908
10577 796267771
10578 587716759
10579 696853753
10580 215588788
10581 408265797
10582 616417538
10583 455971041
10584 428848617
10585 141304166
10586 175364271
10587 400489435
10588 899146308
10589 175026467
10590 697351498
10591 143270437
10592 454321349
10593 37265188
10594 848512421
10595 133938538
10596 857060943
10597 355074083
10598 473540964
10599 304365679
10600 758455491
10601 538497020
10602 507370027
10603 245307595
10604 556847454
10605 860767980
10606 420772203
10607 822216585
10608 440066215
10609 2175732
10610 890922524
10611 117359840
10612 910342716
10613 666436569
10614 630239231
10615 135611636
10616 420605894
10617 105118312
10618 698832836
10619 350565261
10620 721862955
10621 404743624
10622 919684403
10623 381418673
10624 470363786
10625 140619620
10626 489678584
10627 19019203
10628 642372911
10629 766443446
10630 673380827
10631 989908498
10632 969032429
10633 848505198
10634 345728122
10635 25036789
10636 337277058
10637 234590443
10638 400761567
10639 326573104
10640 700913653
10641 602858967
10642 430676047
10643 125069619
10644 265091414
10645 423037916
10646 190342604
10647 605228003
10648 506366240
10649 600344988
10650 98189728
10651 246867219
10652 334794568
10653 638826489
10654 209571561
10655 364795937
10656 522859455
10657 179340202
10658 752168320
10659 120195942
10660 75292498
10661 925130169
10662 974326226
10663 778698130
10664 967692901
10665 831453531
10666 755603843
10667 312036292
10668 684860346
10669 572485207
10670 596053989
10671 915823291
10672 350950062
10673 246657809
10674 877177921
10675 313661452
10676 530054459
10677 969860065
10678 413078186
10679 583252291
10680 833346783
10681 608427597
10682 130533688
10683 172679538
10684 449205321
10685 932953168
10686 584083219
10687 152960360
10688 691701824
10689 704130906
10690 102009264
10691 413980946
10692 454195822
10693 68869954
10694 801870596
10695 944134707
10696 801888079
10697 326680581
10698 584144834
10699 530543472
10700 393765306
10701 706240059
10702 361952199
10703 334606419
10704 149347006
10705 576768932
10706 140206633
10707 929741511
10708 541064850
10709 379606436
10710 59703539
10711 50946878
10712 111370819
10713 216699547
10714 905246831
10715 195347425
10716 29565855
10717 814901185
10718 326320269
10719 889552695
10720 53865565
10721 103473291
10722 963576366
10723 530289238
10724 193824598
10725 879028950
10726 995657418
10727 253662321
10728 130521804
10729 329895387
10730 448965303
10731 267893701
10732 828546967
10733 679968485
10734 85963152
10735 177278518
10736 949801306
10737 849627635
10738 223906887
10739 816660318
10740 502149606
10741 425208516
10742 985113800
10743 349270058
10744 297393568
10745 359633721
10746 200139730
10747 118615986
10748 812694658
10749 955032049
10750 713973213
10751 83872642
10752 374713041
10753 627735819
10754 14572453
10755 378427503
10756 727592646
10757 647626297
10758 852206676
10759 483437306
10760 131332677
10761 609797272
10762 664194087
10763 573192003
10764 539160785
10765 948322607
10766 932816835
10767 160264855
10768 908133334
10769 381214817
10770 972220139
10771 722167243
10772 556904976
10773 145652393
10774 135834143
10775 365534526
10776 923093334
10777 101152074
10778 966243923
10779 658280511
10780 672676028
10781 516146242
10782 583022180
10783 755134096
10784 583556409
10785 32136440
10786 478361220
10787 923307553
10788 401222550
10789 806281424
10790 377831752
10791 978915360
10792 645084741
10793 554417166
10794 675612128
10795 152081020
10796 2291789
10797 120092821
10798 102075116
10799 832197149
10800 803638649
10801 720398781
10802 608584385
10803 713740826
10804 668754867
10805 981165105
10806 523829383
10807 216628450
10808 29622423
10809 59184349
10810 807314405
10811 814732394
10812 102845679
10813 671029887
10814 180705697
10815 455170811
10816 297901513
10817 951001539
10818 751941458
10819 566993105
10820 581191283
10821 471780933
10822 268944145
10823 94764106
10824 947275559
10825 452434545
10826 598526247
10827 585122396
10828 122746264
10829 127931927
10830 67708106
10831 232991928
10832 133077719
10833 434995462
10834 436178163
10835 830182819
10836 415353412
10837 739585515
10838 776296824
10839 821239613
10840 687593723
10841 589138540
10842 868414314
10843 831151922
10844 670492642
10845 71098126
10846 773239432
10847 381250723
10848 530713948
10849 98261969
10850 877229071
10851 142399738
10852 243491440
10853 209252203
10854 494456804
10855 989980773
10856 821821793
10857 773813846
10858 402731305
10859 542687215
10860 512146590
10861 794265665
10862 719458418
10863 775387367
10864 153038069
10865 990123425
10866 547455938
10867 187298912
10868 459791899
10869 934408962
10870 241793387
10871 694552174
10872 518095787
10873 101222420
10874 955843923
10875 319211048
10876 210080673
10877 79441450
10878 839842574
10879 796345173
10880 594822751
10881 288995548
10882 915585642
10883 168557613
10884 401678062
10885 963135768
10886 539179028
10887 243478986
10888 459360837
10889 35828887
10890 964466471
10891 657405630
10892 697517416
10893 963470237
10894 853080014
10895 153370852
10896 858719438
10897 742658853
10898 382878197
10899 203660922
10900 35275590
10901 650608768
10902 188308648
10903 447012494
10904 952455425
10905 920799674
10906 427529718
10907 479975513
10908 889990983
10909 648334374
10910 803021854
10911 154451365
10912 521296908
10913 488513274
10914 837843124
10915 634764581
10916 861379150
10917 764637045
10918 921943815
10919 548068124
10920 70558533
10921 873312865
10922 782232009
10923 332408860
10924 661810660
10925 862612913
10926 137847637
10927 405538116
10928 210926062
10929 853316437
10930 698605477
10931 169757398
10932 511410539
10933 21493591
10934 362144424
10935 411738077
10936 11615066
10937 888865925
10938 417793765
10939 554858977
10940 724756431
10941 427561265
10942 817343900
10943 766309953
10944 438923165
10945 197318253
10946 711533082
10947 48490099
10948 317507498
10949 289487757
10950 338489078
10951 447311147
10952 233206111
10953 209517527
10954 441480206
10955 424690273
10956 588206976
10957 403562673
10958 123870370
10959 665772288
10960 303664379
10961 291661925
10962 316304564
10963 446664251
10964 438402626
10965 725077187
10966 939427053
10967 441485426
10968 977678460
10969 363703887
10970 117334246
10971 85934609
10972 779217991
10973 892922613
10974 506447109
10975 91875456
10976 594017527
10977 51302480
10978 598926533
10979 377341354
10980 357459827
10981 352753290
10982 495370772
10983 221859228
10984 469201303
10985 441750262
10986 959357274
10987 683643463
10988 150349253
10989 512860989
10990 786103421
10991 939458785
10992 192959978
10993 297914472
10994 821861859
10995 746291110
10996 710105284
10997 497033647
10998 884074753
10999 402133594
11000 543657605
11001 898139918
11002 559386569
11003 564087657
11004 174798573
11005 470596272
11006 49174965
11007 594800136
11008 296695120
11009 128856352
11010 722075544
11011 383571753
11012 261873089
11013 162856640
11014 833234486
11015 128119044
11016 104575952
11017 332145916
11018 541030737
11019 589884585
11020 573140871
11021 108001518
11022 914849914
11023 839246313
11024 295944175
11025 643163453
11026 512251853
11027 315964801
11028 720713393
11029 558833303
11030 306746846
11031 480975946
11032 826986756
11033 219167253
11034 449749024
11035 400811851
11036 919792282
11037 588606402
11038 670653048
11039 697696205
11040 471205170
11041 490332825
11042 38106861
11043 382058728
11044 56462752
11045 107862421
11046 555941154
11047 869698366
11048 378695416
11049 343003853
11050 100205995
11051 360190261
11052 396383067
11053 146340558
11054 31061155
11055 20096728
11056 794336467
11057 909750314
11058 778838011
11059 625342073
11060 932903689
11061 294442875
11062 6455385
11063 41666833
11064 245850263
11065 218267098
11066 462101222
11067 211610116
11068 166087382
11069 288296874
11070 974568739
11071 986759589
11072 46618585
11073 519665948
11074 23938784
11075 18932047
11076 18026615
11077 918511798
11078 159356571
11079 486167697
11080 554437188
11081 849468305
11082 659790416
11083 9510155
11084 182481529
11085 331996061
11086 945526454
11087 731670307
11088 578565938
11089 331821007
11090 444290057
11091 270765473
11092 377017687
11093 877716642
11094 397972108
11095 884108731
11096 16868517
11097 671956310
11098 50877940
11099 587464735
11100 718893843
11101 285735932
11102 673186973
11103 895345795
11104 203320659
11105 75827082
11106 353090506
11107 875741645
11108 484874404
11109 233950491
11110 592920304
11111 630826927
11112 819291881
11113 398274691
11114 869745485
11115 353500236
11116 403779912
11117 164478971
11118 457524456
11119 929316253
11120 646290649
11121 140087540
11122 305131484
11123 500562056
11124 705543895
11125 285957754
11126 405108925
11127 546305297
11128 982957546
11129 979165760
11130 466837885
11131 324766448
11132 374478541
11133 449409611
11134 226757709
11135 484783496
11136 36166236
11137 690111252
11138 499007821
11139 978651407
11140 201593106
11141 554694486
11142 182806716
11143 771635637
11144 865160057
11145 260217120
11146 477297526
11147 68462525
11148 141309945
11149 968857874
11150 516545310
11151 928760518
11152 841331683
11153 341696530
11154 53162800
11155 263883857
11156 683139011
11157 785417708
11158 413161039
11159 526543944
11160 935669769
11161 785019724
11162 155582781
11163 381938093
11164 142266970
11165 447108077
11166 698906315
11167 11543731
11168 319568749
11169 615032438
11170 24679945
11171 383957256
11172 799387747
11173 441332316
11174 713819515
11175 565987630
11176 654087505
11177 382280487
11178 808203884
11179 750354188
11180 819263053
11181 49013265
11182 428303406
11183 324379848
11184 408128618
11185 121916518
11186 187920333
11187 111299564
11188 958585325
11189 778717420
11190 357064165
11191 982564336
11192 95965520
11193 284140039
11194 453982579
11195 639436187
11196 106601771
11197 431926837
11198 322648367
11199 604627001
11200 880318847
11201 720502476
11202 381026188
11203 746102229
11204 712603534
11205 495350501
11206 258222015
11207 141016862
11208 554272721
11209 356137491
11210 786838397
11211 681280456
11212 718207977
11213 7762149
11214 45416549
11215 707615482
11216 461558213
11217 690296636
11218 860733950
11219 224722260
11220 958551969
11221 557071562
11222 334518793
11223 57752352
11224 195936143
11225 103190136
11226 960893428
11227 873346112
11228 292970283
11229 822616669
11230 508964332
11231 889182879
11232 497535554
11233 908688376
11234 961348993
11235 868226952
11236 744568422
11237 276458071
11238 198244711
11239 262338998
11240 916524518
11241 87137097
11242 691669821
11243 211243198
11244 866692491
11245 254777216
11246 631304163
11247 499877201
11248 945148789
11249 591216673
11250 517643873
11251 533413511
11252 841860782
11253 491454643
11254 978928416
11255 712570525
11256 654295382
11257 564472812
11258 167299324
11259 740235577
11260 137300690
11261 932495855
11262 4520587
11263 952586776
11264 319470655
11265 625714901
11266 743587225
11267 423280928
11268 784391332
11269 608924781
11270 874296437
11271 454431356
11272 698336521
11273 716443471
11274 971741164
11275 689376900
11276 117852826
11277 851950643
11278 248410797
11279 960439254
11280 32627674
11281 395759810
11282 404575882
11283 307896280
11284 606092583
11285 664677678
11286 285901058
11287 27770376
11288 7557111
11289 98919189
11290 267091609
11291 266716577
11292 562286996
11293 47373186
11294 470665566
11295 68291538
11296 703651178
11297 191264223
11298 624280053
11299 819071070
11300 742230759
11301 812289667
11302 798661834
11303 261069406
11304 866898072
11305 574156018
11306 465119380
11307 493510967
11308 454581002
11309 917072734
11310 32931066
11311 211057633
11312 562702057
11313 727204263
11314 800250370
11315 933428515
11316 397251519
11317 886755310
11318 327551954
11319 41102594
11320 897953242
11321 84166785
11322 616131672
11323 632036586
11324 315039414
11325 276455885
11326 580688281
11327 760923126
11328 751647867
11329 418671451
11330 19013104
11331 450659840
11332 909725050
11333 399270279
11334 328889368
11335 965094014
11336 261285451
11337 910465061
11338 966466129
11339 680008135
11340 951825425
11341 744605295
11342 630749655
11343 782609015
11344 688802245
11345 31916819
11346 249322947
11347 743085511
11348 562302037
11349 600330564
11350 966917702
11351 964925635
11352 785641963
11353 231069671
11354 446304943
11355 697862536
11356 254501100
11357 454464218
11358 379902488
11359 252786452
11360 750383426
11361 811309164
11362 178121304
11363 883594496
11364 561794385
11365 398678497
11366 663139773
11367 114217879
11368 389253864
11369 973516147
11370 574394419
11371 305078992
11372 447100334
11373 58557729
11374 60414172
11375 852302782
11376 685183392
11377 208982480
11378 95070142
11379 12593777
11380 167164090
11381 476114277
11382 918906408
11383 420300126
11384 460655460
11385 717189999
11386 350344663
11387 788121385
11388 781513353
11389 573922583
11390 834927316
11391 826326355
11392 853150859
11393 657465033
11394 901056968
11395 965448400
11396 679216291
11397 227607410
11398 721571426
11399 108269193
11400 933555423
11401 920470411
11402 395912444
11403 788732609
11404 872550090
11405 650366669
11406 473562403
11407 610387116
11408 983045466
11409 389240815
11410 961967268
11411 458819816
11412 861399549
11413 906282184
11414 250002918
11415 381983610
11416 375391469
11417 927964328
11418 1826825
11419 326476814
11420 339480524
11421 715186559
11422 791029205
11423 911218545
11424 68793865
11425 62125384
11426 604612665
11427 149999584
11428 893735947
11429 314248612
11430 8180302
11431 188917520
11432 410211047
11433 689122023
11434 408663632
11435 275209998
11436 702082547
11437 558888641
11438 705942854
11439 326471663
11440 642555071
11441 797597995
11442 339177105
11443 11240702
11444 576393025
11445 155597387
11446 231607639
11447 312366399
11448 178364474
11449 736138160
11450 997940764
11451 198898588
11452 165425745
11453 96330635
11454 907309180
11455 716216831
11456 968421692
11457 389311865
11458 727466564
11459 187081629
11460 933999261
11461 386171930
11462 325772610
11463 324617897
11464 425571444
11465 373587474
11466 778942949
11467 646048722
11468 707021879
11469 709992465
11470 584307713
11471 548730512
11472 351233047
11473 962813872
11474 4310476
11475 116206585
11476 990391951
11477 530805957
11478 555234906
11479 828883899
11480 322368454
11481 122842449
11482 942371660
11483 582228859
11484 73983178
11485 996768283
11486 28716243
11487 937154204
11488 221354688
11489 288359549
11490 239803213
11491 49716915
11492 255566656
11493 707768102
11494 754746883
11495 535377023
11496 110395608
11497 611571927
11498 424262207
11499 554094999
11500 298716254
11501 631035732
11502 780829822
11503 241921238
11504 639162565
11505 988136564
11506 947736330
11507 652446414
11508 796457678
11509 392890750
11510 914347735
11511 896366789
11512 639518994
11513 890815398
11514 281784607
11515 922307541
11516 385221160
11517 691474477
11518 778933709
11519 392568939
11520 68541255
11521 875836867
11522 300656867
11523 30309455
11524 505404394
11525 771415207
11526 316635741
11527 842441295
11528 543400458
11529 552287716
11530 878012
11531 662655057
11532 939032353
11533 387582582
11534 120411734
11535 718829701
11536 744390001
11537 940877584
11538 514024238
11539 13911356
11540 720731661
11541 47892493
11542 772441135
11543 322374520
11544 306431100
11545 860448460
11546 888170333
11547 579742116
11548 863127585
11549 900932900
11550 641405586
11551 261517904
11552 300094212
11553 365700707
11554 764891627
11555 345924649
11556 919954107
11557 389196049
11558 121737293
11559 636715732
11560 800915374
11561 564780820
11562 823267036
11563 55232296
11564 890507740
11565 445170494
11566 434615902
11567 692086858
11568 618620234
11569 166769747
11570 43724927
11571 526374119
11572 418360227
11573 86206166
11574 766903869
11575 780007308
11576 321180943
11577 964012775
11578 632740610
11579 980351119
11580 971365542
11581 927627154
11582 533419125
11583 890284519
11584 847335002
11585 691200709
11586 705893076
11587 394972420
11588 471596422
11589 381251609
11590 694673819
11591 370240052
11592 166040748
11593 37216493
11594 115762596
11595 652990805
11596 950728525
11597 388535406
11598 100166059
11599 40262374
11600 407452119
11601 139915897
11602 190809204
11603 294017468
11604 448522689
11605 780936536
11606 820966892
11607 704544105
11608 326517813
11609 940039033
11610 631328609
11611 371437628
11612 321907269
11613 881931971
11614 373129062
11615 756155041
11616 707269640
11617 486505198
11618 412050730
11619 126572766
11620 654489867
11621 45052115
11622 474810602
11623 932701356
11624 419144263
11625 676942366
11626 736540769
11627 312041939
11628 968136041
11629 399082652
11630 270799203
11631 992763244
11632 453498154
11633 748655802
11634 631005057
11635 370919746
11636 579608007
11637 840091397
11638 712310845
11639 224442310
11640 132842812
11641 32043023
11642 464507069
11643 785529917
11644 568060889
11645 838699952
11646 657684786
11647 132513675
11648 465577353
11649 119081853
11650 345895661
11651 932168278
11652 615663277
11653 944369913
11654 920861058
11655 530885705
11656 30461987
11657 941363241
11658 700191975
11659 517189548
11660 289465239
11661 604606540
11662 869248779
11663 961787176
11664 365860027
11665 631866870
11666 613022685
11667 450588320
11668 163752797
11669 781090354
11670 231719415
11671 135820176
11672 725897210
11673 709974690
11674 537479238
11675 567920426
11676 142396442
11677 274447235
11678 711513512
11679 969594670
11680 367771926
11681 28317906
11682 208054067
11683 260432882
11684 883827269
11685 645715823
11686 735514946
11687 982012865
11688 799326381
11689 961820515
11690 269165728
11691 991478689
11692 869339650
11693 744596349
11694 618922904
11695 758292234
11696 836094226
11697 542181621
11698 931272929
11699 910660909
11700 299011267
11701 326108327
11702 282980944
11703 890821965
11704 9096096
11705 287780586
11706 322555062
11707 957309968
11708 799189170
11709 350348680
11710 158417697
11711 205500282
11712 351196821
11713 824189717
11714 315109842
11715 351120426
11716 67831478
11717 393443317
11718 90172238
11719 15566326
11720 504101813
11721 739068506
11722 170898469
11723 560421226
11724 564435137
11725 91495727
11726 142301119
11727 694794660
11728 152279062
11729 200798697
11730 711340891
11731 139987599
11732 348519736
11733 920125765
11734 922664958
11735 966805826
11736 257790991
11737 695383595
11738 771454541
11739 158487832
11740 557684816
11741 240906459
11742 104394251
11743 403312967
11744 205025420
11745 692084284
11746 566736478
11747 664983935
11748 980584770
11749 850157976
11750 980929675
11751 659727387
11752 503994551
11753 408529309
11754 968266872
11755 312335933
11756 790026547
11757 298047785
11758 223012228
11759 12284191
11760 94142350
11761 365583591
11762 752469510
11763 626662541
11764 627288146
11765 195245602
11766 896799210
11767 908063803
11768 288605845
11769 572806800
11770 36500950
11771 208962925
11772 994870991
11773 257429761
11774 417781368
11775 675801989
11776 964002740
11777 578077715
11778 308750674
11779 275784762
11780 581707133
11781 38353310
11782 369177486
11783 395746731
11784 791392502
11785 954438785
11786 398947623
11787 189945434
11788 352544079
11789 718670172
11790 793980609
11791 544450288
11792 129999412
11793 889813281
11794 908849361
11795 861333819
11796 419777970
11797 581902922
11798 127744852
11799 529301544
11800 190977002
11801 444984828
11802 695514600
11803 555357117
11804 628655000
11805 112622583
11806 972606518
11807 317587150
11808 230450458
11809 823549501
11810 713102553
11811 922965830
11812 213328392
11813 582300441
11814 735314623
11815 778878061
11816 607651183
11817 386710489
11818 739063908
11819 283329830
11820 678225430
11821 71037306
11822 716386732
11823 72705789
11824 956418883
11825 909939611
11826 72487531
11827 577479631
11828 298578651
11829 986155879
11830 516759484
11831 252662814
11832 384884759
11833 643230028
11834 941785664
11835 604722123
11836 420660135
11837 182008578
11838 6357872
11839 237967965
11840 269658870
11841 828725396
11842 269821598
11843 956448892
11844 596309683
11845 419701305
11846 284796338
11847 889766760
11848 864469132
11849 429523768
11850 159998853
11851 449640391
11852 681739184
11853 743527592
11854 174947852
11855 56675757
11856 675127507
11857 169670606
11858 62691128
11859 213667091
11860 275733921
11861 639318389
11862 534890295
11863 644840221
11864 479025061
11865 330041519
11866 748020873
11867 368627791
11868 986377045
11869 655767974
11870 277365676
11871 770183484
11872 695616666
11873 469809520
11874 673660244
11875 211881336
11876 107679757
11877 492155804
11878 216276285
11879 60082987
11880 449909709
11881 761474965
11882 862046120
11883 329569757
11884 381301283
11885 560554395
11886 502361707
11887 625841545
11888 111126496
11889 566155913
11890 70648466
11891 510718142
11892 472099172
11893 794707672
11894 963711129
11895 270714703
11896 477578357
11897 377122185
11898 727409071
11899 478775731
11900 934361258
11901 578758157
11902 93064666
11903 400985007
11904 936978719
11905 407907465
11906 803357507
11907 471683869
11908 709618992
11909 172156928
11910 344671993
11911 911350485
11912 9057314
11913 358287164
11914 43079565
11915 159495494
11916 48040887
11917 753265215
11918 26779998
11919 254192731
11920 585223785
11921 625683241
11922 870603010
11923 949349134
11924 234349857
11925 845968501
11926 837512724
11927 539640770
11928 397389751
11929 753835303
11930 432596265
11931 831831048
11932 51222939
11933 197751734
11934 689756281
11935 99251999
11936 144112466
11937 805022741
11938 506903877
11939 595777812
11940 587272108
11941 194053319
11942 244646935
11943 115779474
11944 252203026
11945 473864130
11946 207783167
11947 409514380
11948 29149489
11949 648181305
11950 503566124
11951 359625854
11952 354116234
11953 873220997
11954 606660573
11955 227667456
11956 253364374
11957 346881356
11958 202036802
11959 867577077
11960 54726486
11961 581656216
11962 90465417
11963 228278263
11964 199753533
11965 655435757
11966 646164193
11967 433300508
11968 156109519
11969 941184502
11970 175036679
11971 128538144
11972 149715676
11973 480079993
11974 358730327
11975 776801034
11976 57954497
11977 119352763
11978 688208128
11979 1920969
11980 491449490
11981 3038795
11982 643461643
11983 504283762
11984 358453848
11985 469627037
11986 816385105
11987 843538008
11988 336379440
11989 177357370
11990 83846779
11991 497032744
11992 916342165
11993 195665324
11994 555586320
11995 367305276
11996 344231475
11997 940683238
11998 297429703
11999 15794273
12000 499616310
12001 942289097
12002 992776375
12003 467889191
12004 646413198
12005 366449131
12006 151908779
12007 92565413
12008 511484474
12009 309193115
12010 18951241
12011 956384031
12012 117593202
12013 195456826
12014 428762603
12015 447573481
12016 286995367
12017 195952704
12018 125526302
12019 678087386
12020 672934476
12021 496605512
12022 821708527
12023 295755233
12024 992323057
12025 892751531
12026 470498733
12027 636241812
12028 945620461
12029 536630833
12030 585298269
12031 179807632
12032 602732626
12033 920435937
12034 526053470
12035 93875166
12036 478655784
12037 587356627
12038 173349995
12039 371650849
12040 668760988
12041 985220500
12042 915690001
12043 687340026
12044 456927602
12045 504883446
12046 751535481
12047 742550190
12048 619261098
12049 74746737
12050 714682671
12051 369078204
12052 483850614
12053 985450217
12054 880013788
12055 81022479
12056 958936479
12057 247546891
12058 464688882
12059 564696546
12060 556250350
12061 175334321
12062 170087210
12063 361140496
12064 925008223
12065 763310089
12066 590993602
12067 403056290
12068 419100386
12069 807088482
12070 45622728
12071 580950004
12072 585121458
12073 262664735
12074 792024843
12075 203398494
12076 99928829
12077 654472994
12078 604677651
12079 924247522
12080 442621076
12081 612725056
12082 963442535
12083 699916247
12084 939811489
12085 972257777
12086 582389439
12087 211970267
12088 696634060
12089 143968035
12090 757015530
12091 279645975
12092 876593497
12093 855854381
12094 961408932
12095 425969023
12096 223396861
12097 37999061
12098 45120531
12099 107094697
12100 206764183
12101 445611161
12102 406027367
12103 228905416
12104 932487168
12105 183057344
12106 653850296
12107 582778922
12108 828519251
12109 209168766
12110 437362365
12111 411604749
12112 767249007
12113 127282639
12114 936231907
12115 59610907
12116 380256354
12117 148707530
12118 860640450
12119 147831872
12120 399754693
12121 159905240
12122 620595180
12123 127673816
12124 557513489
12125 27255228
12126 378994589
12127 338761781
12128 437426996
12129 312028052
12130 967884106
12131 382482146
12132 175948821
12133 277775486
12134 904069876
12135 662394626
12136 72578980
12137 510997485
12138 446173295
12139 288912051
12140 280882841
12141 635858489
12142 697746438
12143 523299484
12144 751193090
12145 229068207
12146 652537110
12147 450583226
12148 503085010
12149 868053904
12150 636201054
12151 78762637
12152 693281815
12153 95039470
12154 403108063
12155 248295189
12156 120705456
12157 637535459
12158 181031209
12159 311095073
12160 324869442
12161 748914762
12162 174592209
12163 786884420
12164 936017167
12165 377312104
12166 850618809
12167 527383435
12168 796660000
12169 308094548
12170 128673708
12171 37314505
12172 608331061
12173 826485527
12174 91154682
12175 497856874
12176 19608527
12177 641249354
12178 645934202
12179 574634790
12180 625697680
12181 977727172
12182 230516694
12183 186669032
12184 744923244
12185 766907319
12186 712028911
12187 88632673
12188 958897521
12189 530972814
12190 537538651
12191 193233274
12192 847849668
12193 64924054
12194 843628884
12195 453695690
12196 97210133
12197 775448580
12198 238124860
12199 129032184
12200 103495069
12201 507084863
12202 607761637
12203 474112716
12204 962722932
12205 901136789
12206 431213844
12207 652298791
12208 852600019
12209 565111400
12210 253465141
12211 17418299
12212 688817593
12213 616854187
12214 517972542
12215 789583763
12216 630118670
12217 868441603
12218 719813245
12219 799904192
12220 336120281
12221 983433671
12222 722968654
12223 619593586
12224 259295460
12225 516851230
12226 566076931
12227 929568293
12228 751645351
12229 444323484
12230 224905753
12231 135216763
12232 811084507
12233 928663629
12234 943981605
12235 520321363
12236 677009033
12237 343830057
12238 532001644
12239 803291960
12240 58922301
12241 980456294
12242 608133375
12243 349586315
12244 286533067
12245 764325423
12246 153496163
12247 23174149
12248 197088363
12249 811005459
12250 283491073
12251 353956302
12252 101578678
12253 927192575
12254 702538830
12255 239645239
12256 697783465
12257 482648915
12258 541055564
12259 548368753
12260 538036150
12261 70306309
12262 549893592
12263 581622158
12264 591436741
12265 329264786
12266 984322115
12267 169590698
12268 954632312
12269 777990451
12270 875113785
12271 792723941
12272 379812824
12273 818289033
12274 981210521
12275 969669965
12276 775901363
12277 499948689
12278 82241860
12279 143032908
12280 919100312
12281 461693868
12282 88243653
12283 979207938
12284 880286630
12285 15955119
12286 915867749
12287 468088096
12288 13053823
12289 535803597
12290 698963650
12291 779750470
12292 182060540
12293 161688236
12294 751199763
12295 196640592
12296 9963529
12297 604287254
12298 656632392
12299 883755502
12300 278405222
12301 929745426
12302 630307235
12303 473893492
12304 712030919
12305 881274898
12306 997890932
12307 970799159
12308 115665076
12309 578887886
12310 984647150
12311 965304310
12312 878435547
12313 248090132
12314 932942913
12315 718944866
12316 993881302
12317 556836130
12318 92250455
12319 747212420
12320 469361661
12321 725057285
12322 980977967
12323 631672370
12324 222206222
12325 428479808
12326 285341175
12327 640223610
12328 337310971
12329 188435478
12330 232207784
12331 162153724
12332 298385903
12333 652347912
12334 113083939
12335 667626491
12336 745070344
12337 73472291
12338 353779331
12339 504586012
12340 834651751
12341 568913795
12342 456810733
12343 604949722
12344 601144287
12345 917524663
12346 546367163
12347 743142122
12348 272260221
12349 19262607
12350 714090261
12351 879388493
12352 867753717
12353 773069085
12354 492850115
12355 699112364
12356 531998021
12357 799840528
12358 493817083
12359 803256440
12360 863561625
12361 758029916
12362 279145452
12363 78666212
12364 695159969
12365 759927231
12366 470142077
12367 363776276
12368 197817859
12369 962815230
12370 848988693
12371 561899423
12372 798444976
12373 326677445
12374 338202224
12375 527195655
12376 349010869
12377 289530042
12378 747663753
12379 74351766
12380 282621478
12381 750445056
12382 913608723
12383 166884545
12384 585903495
12385 616027093
12386 370130673
12387 935842965
12388 848374220
12389 381902105
12390 337013424
12391 574322713
12392 354415997
12393 10046185
12394 474297404
12395 797523098
12396 997706918
12397 812729451
12398 56928581
12399 905869659
12400 523250993
12401 169332443
12402 605332832
12403 163659522
12404 342532101
12405 917956343
12406 194196733
12407 573003416
12408 684767386
12409 587176132
12410 628107835
12411 288243460
12412 716452892
12413 180875283
12414 883285548
12415 451081488
12416 715520721
12417 489807638
12418 820567095
12419 630284560
12420 430567528
12421 325222624
12422 919076578
12423 129351505
12424 925691956
12425 959026084
12426 494535993
12427 593317741
12428 898615632
12429 929826628
12430 591762075
12431 828746274
12432 609328584
12433 653163508
12434 561501043
12435 681126672
12436 725056678
12437 783414738
12438 158229766
12439 227779616
12440 64084031
12441 555038973
12442 101281684
12443 220479552
12444 549543990
12445 262778496
12446 471416966
12447 598912964
12448 206424579
12449 640027531
12450 714560806
12451 243067893
12452 474715368
12453 982818346
12454 310226496
12455 710714234
12456 936607095
12457 175988437
12458 781033520
12459 873283404
12460 832885005
12461 981473539
12462 25906299
12463 777682519
12464 758794754
12465 169285955
12466 592125994
12467 904664623
12468 336087380
12469 428692731
12470 10182942
12471 377972549
12472 722424620
12473 361943248
12474 85703770
12475 312469989
12476 39592122
12477 246739107
12478 379724928
12479 528067988
12480 817930699
12481 7580036
12482 236369435
12483 237874716
12484 852249119
12485 733812427
12486 20813259
12487 483615358
12488 54460791
12489 496824890
12490 512886467
12491 249230373
12492 534623204
12493 813870973
12494 633163322
12495 208650631
12496 901794551
12497 261226297
12498 475198916
12499 204413927
12500 299472949
12501 616665134
12502 253098186
12503 502919921
12504 263577403
12505 928151259
12506 260091656
12507 725719711
12508 590855648
12509 11194091
12510 345191582
12511 535380892
12512 417538172
12513 69065340
12514 949327830
12515 353159289
12516 968000149
12517 664084987
12518 489166636
12519 853109189
12520 151067001
12521 996725195
12522 369094021
12523 816268342
12524 185362966
12525 713608147
12526 860185092
12527 894379889
12528 509398427
12529 512198626
12530 558010234
12531 870405954
12532 418963922
12533 250217530
12534 802748136
12535 647922437
12536 740889406
12537 198150342
12538 433252802
12539 66212359
12540 656400840
12541 653812534
12542 6267385
12543 993344711
12544 349974487
12545 880696885
12546 339113643
12547 162799909
12548 210314395
12549 40606495
12550 460332086
12551 746591306
12552 855299709
12553 89756461
12554 163934363
12555 684693662
12556 146890758
12557 419858925
12558 315596637
12559 292154105
12560 995796652
12561 795373268
12562 210164261
12563 978251689
12564 136714409
12565 431865210
12566 80442538
12567 922394296
12568 568863483
12569 378001395
12570 997300562
12571 185911031
12572 642959659
12573 490572268
12574 974203108
12575 956719066
12576 364819614
12577 135322566
12578 23403492
12579 686784625
12580 868397182
12581 235678986
12582 493830465
12583 638648113
12584 105784109
12585 149287402
12586 355293635
12587 611989003
12588 744123601
12589 143377511
12590 207784685
12591 866921483
12592 601157101
12593 331164865
12594 140981632
12595 133358158
12596 101311558
12597 19835158
12598 699427715
12599 682332295
12600 523110229
12601 57378826
12602 686696198
12603 657196376
12604 268023937
12605 493612074
12606 113363094
12607 589610654
12608 425610188
12609 281335216
12610 354290023
12611 594923038
12612 632883944
12613 143275017
12614 899079519
12615 565986772
12616 964945189
12617 346420023
12618 330212848
12619 791793476
12620 512629991
12621 440440211
12622 798398724
12623 661295115
12624 658888329
12625 834480447
12626 303735477
12627 702092889
12628 231378655
12629 512645190
12630 783217582
12631 463536893
12632 936641439
12633 432119853
12634 815380735
12635 310411866
12636 64168747
12637 66476441
12638 4377709
12639 137751964
12640 18637972
12641 325611664
12642 440075417
12643 355523688
12644 536335874
12645 230605947
12646 473086285
12647 607547551
12648 739186744
12649 865236643
12650 362618423
12651 627586745
12652 909926074
12653 397883919
12654 792648086
12655 70905052
12656 630285195
12657 206170313
12658 469411834
12659 827029630
12660 384543742
12661 750982322
12662 651018037
12663 773672781
12664 960065658
12665 317634819
12666 443216088
12667 149666206
12668 75969889
12669 178192338
12670 15282718
12671 166252817
12672 224583080
12673 841223911
12674 78823637
12675 73569964
12676 342587544
12677 58257759
12678 832232591
12679 137663474
12680 446967384
12681 236733683
12682 765933361
12683 352025627
12684 935604656
12685 816301745
12686 659622424
12687 466632016
12688 358501891
12689 111988200
12690 706676437
12691 299881462
12692 801424590
12693 54308368
12694 549044065
12695 761134089
12696 507208552
12697 242427016
12698 574358587
12699 250697579
12700 458647089
12701 998073264
12702 692363419
12703 448562723
12704 873552362
12705 181602814
12706 632711481
12707 219620477
12708 922375784
12709 203930760
12710 40935927
12711 366944556
12712 923850643
12713 359652727
12714 620068479
12715 348301597
12716 926600289
12717 29488969
12718 265663002
12719 78712546
12720 724925423
12721 821614998
12722 244828897
12723 297486359
12724 606146815
12725 683509205
12726 967962703
12727 729837163
12728 14011764
12729 212341307
12730 527841231
12731 149455308
12732 992964959
12733 872161468
12734 522437515
12735 536073552
12736 471996955
12737 877932920
12738 489172372
12739 610966620
12740 846298156
12741 400103770
12742 392676438
12743 587561029
12744 803949317
12745 897853495
12746 165435998
12747 645576190
12748 244558497
12749 634465564
12750 369902115
12751 227992813
12752 970645815
12753 622862787
12754 937970192
12755 382262576
12756 38720506
12757 401514628
12758 68912402
12759 307961518
12760 727092324
12761 202293984
12762 777061570
12763 80089560
12764 127733302
12765 186132149
12766 261400724
12767 638644372
12768 954617890
12769 433013879
12770 267773084
12771 350270281
12772 765663348
12773 192681249
12774 144967376
12775 399163529
12776 461633293
12777 99121583
12778 829230988
12779 473168519
12780 363270952
12781 584615606
12782 844814924
12783 378903601
12784 753045665
12785 517859345
12786 10964969
12787 836289469
12788 152953751
12789 115725723
12790 700930370
12791 586875319
12792 412543535
12793 218465581
12794 97310280
12795 571787681
12796 795462736
12797 634042286
12798 337007460
12799 706446518
12800 607837453
12801 595851582
12802 176058245
12803 55239010
12804 52347201
12805 235661639
12806 979399983
12807 760397818
12808 701623181
12809 133111692
12810 164455109
12811 804136965
12812 347125129
12813 389593410
12814 549989398
12815 257225278
12816 205740387
12817 286422799
12818 345088652
12819 85768697
12820 894905751
12821 743596232
12822 427472618
12823 116036610
12824 81948146
12825 981204408
12826 962361714
12827 739561547
12828 660828421
12829 432189755
12830 799458080
12831 901473533
12832 845100140
12833 965471966
12834 747125641
12835 952300576
12836 593458221
12837 217524362
12838 457529250
12839 435994409
12840 499231315
12841 535283261
12842 157411989
12843 867317463
12844 697556723
12845 103803667
12846 576900715
12847 853258962
12848 548865915
12849 628864895
12850 173231961
12851 223528757
12852 630789339
12853 477566703
12854 426988096
12855 693214484
12856 777483524
12857 123971240
12858 706276043
12859 492771197
12860 586645770
12861 282051137
12862 429496369
12863 126690355
12864 333119675
12865 915896859
12866 982442482
12867 185781734
12868 520525437
12869 197832690
12870 535904884
12871 81059062
12872 293457996
12873 829461087
12874 396137084
12875 822577681
12876 667940072
12877 886278068
12878 907220244
12879 109058644
12880 599120254
12881 399749468
12882 436592382
12883 455379125
12884 811049019
12885 153323833
12886 996292174
12887 320081029
12888 303468636
12889 377703813
12890 844464256
12891 184477365
12892 555262824
12893 77018335
12894 242416196
12895 925782948
12896 760315352
12897 579414300
12898 695305697
12899 474139077
12900 528655969
12901 220014952
12902 311150945
12903 733125090
12904 41969548
12905 754131696
12906 261970963
12907 134349250
12908 85131551
12909 691080456
12910 152225731
12911 865940516
12912 897378156
12913 311443655
12914 944632973
12915 996013717
12916 782285827
12917 135942010
12918 481872339
12919 691096002
12920 738589723
12921 224303030
12922 914260260
12923 445605576
12924 20687191
12925 470089253
12926 119311947
12927 247918144
12928 909834907
12929 910337285
12930 823359028
12931 982553808
12932 531625444
12933 789644638
12934 859207843
12935 34056814
12936 749276270
12937 215335106
12938 912161160
12939 311145595
12940 175458194
12941 80542677
12942 350627718
12943 466756777
12944 57737793
12945 495206023
12946 981549063
12947 93358942
12948 142212950
12949 406189063
12950 17832696
12951 605528835
12952 471373580
12953 743138958
12954 748098924
12955 412297410
12956 667333822
12957 517023356
12958 352823722
12959 385861357
12960 598473072
12961 689602445
12962 875729459
12963 13234817
12964 882928577
12965 895103909
12966 31616057
12967 770377629
12968 674637293
12969 601798631
12970 127469420
12971 144630177
12972 668730327
12973 76822743
12974 310750019
12975 264132523
12976 647231983
12977 276840099
12978 80863208
12979 156397524
12980 316136523
12981 864441086
12982 617576516
12983 470581710
12984 64551144
12985 135906250
12986 387990128
12987 691186278
12988 116541417
12989 634080800
12990 656963618
12991 944141895
12992 739867114
12993 480733483
12994 11424480
12995 285483403
12996 378574016
12997 950846290
12998 151318124
12999 4354739
13000 83240660
13001 240765111
13002 46464185
13003 231052786
13004 801304766
13005 758460919
13006 310545035
13007 804180568
13008 891496304
13009 629097443
13010 589608327
13011 974879095
13012 853571585
13013 690372203
13014 951023200
13015 109979044
13016 7626926
13017 812580796
13018 766691249
13019 925894884
13020 770927387
13021 388616965
13022 808723749
13023 571769932
13024 653506356
13025 102049355
13026 416393145
13027 593589577
13028 936033149
13029 557203376
13030 664695332
13031 105286039
13032 397560332
13033 144840184
13034 572727141
13035 337137325
13036 812553184
13037 42750901
13038 591642869
13039 517263513
13040 800905871
13041 566913106
13042 882678025
13043 699307021
13044 460505801
13045 200105977
13046 633046884
13047 818072431
13048 457590034
13049 277554401
13050 771643938
13051 427929060
13052 40798241
13053 45593797
13054 519005963
13055 289336270
13056 821277009
13057 688570754
13058 172957580
13059 454633622
13060 421641428
13061 542375346
13062 36774446
13063 746062085
13064 804807792
13065 319750536
13066 25942677
13067 105244769
13068 628977368
13069 783369721
13070 240491500
13071 990863415
13072 544429814
13073 569531118
13074 931375158
13075 174178859
13076 469427063
13077 433105430
13078 706977931
13079 698767208
13080 375032879
13081 307074988
13082 719881058
13083 746473654
13084 472128208
13085 719399746
13086 70798126
13087 274635766
13088 860620937
13089 92718871
13090 13865815
13091 916164644
13092 541846757
13093 670370414
13094 416051392
13095 292631649
13096 985041959
13097 971680685
13098 794925949
13099 589179350
13100 864054116
13101 413820356
13102 152046220
13103 156194991
13104 629682457
13105 584161384
13106 830191947
13107 230657343
13108 305972598
13109 68711097
13110 644900875
13111 202589337
13112 845714370
13113 802139302
13114 301686104
13115 949939180
13116 241635201
13117 705153332
13118 239815544
13119 566588636
13120 935540224
13121 225416982
13122 906161273
13123 547451643
13124 194838594
13125 720881677
13126 766914888
13127 992841263
13128 490576710
13129 975771204
13130 367372528
13131 33228725
13132 115877553
13133 418558299
13134 658086013
13135 997280693
13136 830431111
13137 396261136
13138 877872735
13139 608257340
13140 10838077
13141 548967254
13142 25324686
13143 185565739
13144 362162064
13145 467425653
13146 912022519
13147 544440415
13148 877690324
13149 265490816
13150 820499384
13151 251907413
13152 250087603
13153 777333045
13154 962466508
13155 850831750
13156 568067153
13157 772383222
13158 78904742
13159 529251566
13160 587324824
13161 701082839
13162 983753706
13163 501907332
13164 574159157
13165 63063851
13166 659942055
13167 746670294
13168 626304308
13169 530321103
13170 746750550
13171 165694526
13172 624905500
13173 626374572
13174 786629512
13175 115412008
13176 15018436
13177 533434913
13178 516508581
13179 218766555
13180 694412691
13181 724282306
13182 591384410
13183 432056823
13184 832417029
13185 852808077
13186 713713149
13187 192454665
13188 451107247
13189 405037856
13190 896222278
13191 212410085
13192 331456856
13193 7101520
13194 904485472
13195 805749130
13196 349824605
13197 850275462
13198 35191751
13199 894000500
13200 175720091
13201 456878876
13202 692275835
13203 442881043
13204 755722139
13205 613495638
13206 392518492
13207 566987090
13208 721381398
13209 295819882
13210 320947915
13211 816895615
13212 907176280
13213 334960864
13214 427335441
13215 925769941
13216 766640102
13217 212173164
13218 13797673
13219 24960484
13220 736059571
13221 946231637
13222 53738702
13223 290653010
13224 272029890
13225 307181308
13226 851271665
13227 790759728
13228 198555227
13229 859201223
13230 813123537
13231 883140749
13232 821386495
13233 170702260
13234 342345327
13235 734277321
13236 913446344
13237 885447966
13238 539602505
13239 183311648
13240 809717503
13241 225957486
13242 35466056
13243 667638239
13244 60492831
13245 745433297
13246 433837582
13247 880729626
13248 182969173
13249 122925338
13250 777839086
13251 50669752
13252 773451896
13253 776519384
13254 885111280
13255 619307266
13256 222154544
13257 791464393
13258 155962337
13259 801792263
13260 21844202
13261 713072771
13262 44444100
13263 542333588
13264 48231636
13265 535372033
13266 731452243
13267 659792073
13268 803785108
13269 356040534
13270 513802439
13271 414515479
13272 745405744
13273 279014873
13274 798047145
13275 350737642
13276 6507556
13277 803634632
13278 341694065
13279 25167912
13280 970760188
13281 862028402
13282 765850941
13283 251451313
13284 227827621
13285 658165111
13286 194805037
13287 329499282
13288 770211899
13289 635311035
13290 19422349
13291 486735141
13292 375764868
13293 796250091
13294 720607914
13295 683339964
13296 610974676
13297 579930482
13298 555143698
13299 135567531
13300 315188406
13301 10445328
13302 953533320
13303 962352428
13304 927734314
13305 609557309
13306 340085951
13307 148035795
13308 178889288
13309 963747136
13310 784845441
13311 748245128
13312 91207644
13313 36987626
13314 602703895
13315 574106346
13316 101679174
13317 821228778
13318 193701439
13319 747355599
13320 351778054
13321 44420395
13322 544542895
13323 527638125
13324 817923552
13325 21185200
13326 657568605
13327 258131821
13328 732995552
13329 199898877
13330 614632202
13331 302515376
13332 666800429
13333 175409972
13334 375139722
13335 706788697
13336 501826310
13337 12385096
13338 298916367
13339 585910941
13340 357382474
13341 345334222
13342 188075803
13343 114280859
13344 346404810
13345 9980465
13346 289629777
13347 382195508
13348 154604030
13349 721904678
13350 279039374
13351 30226938
13352 579285373
13353 395529408
13354 225982627
13355 789384068
13356 580434227
13357 921970721
13358 658961233
13359 677806459
13360 291216226
13361 699762564
13362 82872683
13363 84647671
13364 255419036
13365 21575697
13366 864710602
13367 198912131
13368 354717867
13369 815623433
13370 188365014
13371 940298969
13372 468957904
13373 799388584
13374 307615414
13375 154885252
13376 804514971
13377 470288193
13378 820532617
13379 135441124
13380 721253168
13381 202288076
13382 640467734
13383 931607493
13384 665951593
13385 873314778
13386 353578351
13387 231468453
13388 50616857
13389 90380003
13390 997977752
13391 324340849
13392 753192108
13393 623581246
13394 487236461
13395 391161439
13396 95309984
13397 352023779
13398 950889856
13399 829735412
13400 97275419
13401 824940737
13402 289540066
13403 774223951
13404 405257274
13405 188916177
13406 905292164
13407 551086637
13408 336634647
13409 465858314
13410 148210276
13411 307230940
13412 866630029
13413 699088111
13414 54204392
13415 888352409
13416 467956245
13417 405081008
13418 358775967
13419 232599080
13420 301975714
13421 567726183
13422 821927654
13423 753425989
13424 39475950
13425 160149668
13426 690342160
13427 189866194
13428 866717973
13429 656295871
13430 525266041
13431 729228439
13432 304757888
13433 983840076
13434 658330525
13435 192585667
13436 912959897
13437 760019623
13438 943661935
13439 174910217
13440 178866266
13441 685577748
13442 942437671
13443 454263813
13444 588092766
13445 219482421
13446 499528166
13447 311283108
13448 450312765
13449 917751514
13450 141974370
13451 334124664
13452 480316361
13453 22424689
13454 322710422
13455 149073967
13456 567209405
13457 904598380
13458 595738666
13459 370325253
13460 758417584
13461 227679872
13462 501783336
13463 632081748
13464 307307511
13465 699883663
13466 560231477
13467 875913152
13468 472120823
13469 454139516
13470 39344472
13471 323034967
13472 645971917
13473 876608614
13474 273838086
13475 591922275
13476 755915547
13477 72338739
13478 627644809
13479 154913379
13480 591922293
13481 589870232
13482 829779561
13483 407024275
13484 153479279
13485 768507467
13486 177534098
13487 74257906
13488 382619938
13489 917377117
13490 735448731
13491 413369969
13492 236181981
13493 505027636
13494 663231900
13495 668353381
13496 845463469
13497 915953440
13498 203019846
13499 476735740
13500 476277831
13501 391402116
13502 557890862
13503 497252144
13504 917429758
13505 266158428
13506 248702486
13507 652085859
13508 79149957
13509 402880054
13510 977330754
13511 156591592
13512 593956573
13513 665183088
13514 799117186
13515 485733167
13516 970621308
13517 52113381
13518 543256764
13519 800655071
13520 693221262
13521 285408911
13522 212205860
13523 279271496
13524 197653998
13525 330598683
13526 50091619
13527 69270219
13528 489055394
13529 859166041
13530 50858038
13531 500359892
13532 954321421
13533 205666755
13534 226863702
13535 241210698
13536 203531376
13537 884757993
13538 206006946
13539 925921631
13540 818904016
13541 460192114
13542 581376959
13543 695286988
13544 792541847
13545 362836038
13546 337847345
13547 280058536
13548 521538672
13549 654827050
13550 298316381
13551 639838016
13552 279663305
13553 290064788
13554 717996992
13555 323142291
13556 589980340
13557 232366962
13558 780659220
13559 437069786
13560 948223011
13561 411971373
13562 684722348
13563 709852389
13564 480663660
13565 457132003
13566 565438905
13567 188601164
13568 80279231
13569 766476491
13570 555493298
13571 807027837
13572 966711028
13573 987231278
13574 217356710
13575 889849789
13576 355757881
13577 208459341
13578 907178266
13579 803382444
13580 826414656
13581 189261075
13582 62144825
13583 656113989
13584 31614579
13585 943604161
13586 342310581
13587 983102038
13588 759252230
13589 767114981
13590 59666121
13591 38480919
13592 762806646
13593 508745120
13594 138420111
13595 354711187
13596 638626518
13597 280606343
13598 43011051
13599 947381951
13600 308451709
13601 918631541
13602 496801969
13603 495875062
13604 648557670
13605 324468070
13606 790085215
13607 225656212
13608 757262404
13609 928004431
13610 104338548
13611 450443242
13612 462495441
13613 770783638
13614 194828484
13615 366668267
13616 555743852
13617 450785956
13618 132729465
13619 138090958
13620 643802146
13621 320222207
13622 134220085
13623 580706181
13624 488392342
13625 946612314
13626 123696569
13627 861544375
13628 837064437
13629 656034232
13630 750402696
13631 36196425
13632 679321567
13633 994327349
13634 309058991
13635 69075210
13636 744268336
13637 281169704
13638 815976260
13639 741525288
13640 659651758
13641 2933251
13642 935263209
13643 964186186
13644 590038156
13645 387184183
13646 744683105
13647 734126492
13648 567823010
13649 979538904
13650 304382395
13651 209072245
13652 877699695
13653 995558759
13654 876347546
13655 153001796
13656 66684413
13657 896351990
13658 999108382
13659 472126978
13660 136817593
13661 375561181
13662 358123810
13663 624421144
13664 246043907
13665 339352743
13666 217539641
13667 454712399
13668 517826654
13669 646471078
13670 988911535
13671 720524003
13672 918066999
13673 208421970
13674 909327156
13675 801802688
13676 92421152
13677 78491814
13678 52855660
13679 278513693
13680 88151594
13681 274737059
13682 906559659
13683 158982426
13684 606558698
13685 120954564
13686 350696673
13687 614313031
13688 44361826
13689 887826256
13690 762863799
13691 957421394
13692 577346919
13693 649588099
13694 703241536
13695 494062836
13696 640741989
13697 668640380
13698 254993902
13699 998022313
13700 397742342
13701 596764874
13702 567041114
13703 860976649
13704 685937973
13705 745266141
13706 954245737
13707 481189403
13708 686610026
13709 36358160
13710 634446604
13711 871867117
13712 613346541
13713 880070302
13714 230540664
13715 349547611
13716 28147493
13717 347916039
13718 430591300
13719 348706144
13720 33805580
13721 450591246
13722 871707668
13723 162858390
13724 593907930
13725 758156726
13726 62369930
13727 852032313
13728 906488655
13729 748979594
13730 286039293
13731 275041772
13732 960052601
13733 975804935
13734 626380808
13735 457222432
13736 742879077
13737 534292830
13738 33775198
13739 608338407
13740 13849062
13741 420376829
13742 911171968
13743 639183924
13744 71809565
13745 257816394
13746 204034797
13747 328300706
13748 591837053
13749 657779724
13750 723642564
13751 857194376
13752 337272295
13753 212014906
13754 864908365
13755 337131339
13756 481257995
13757 617401426
13758 440272313
13759 932608764
13760 723087927
13761 851188076
13762 743915990
13763 27222205
13764 961717341
13765 844392046
13766 944173128
13767 464637932
13768 119367631
13769 690290262
13770 840779055
13771 311806868
13772 732307109
13773 451367144
13774 44199267
13775 699496868
13776 919511623
13777 76167097
13778 743279708
13779 493526721
13780 249939010
13781 918123060
13782 410983952
13783 920638511
13784 662844087
13785 332906005
13786 934376070
13787 342952166
13788 364192973
13789 426066474
13790 881127520
13791 629555420
13792 818053531
13793 639454710
13794 294890022
13795 163844829
13796 774131680
13797 319130077
13798 256652398
13799 291008714
13800 108323611
13801 735195616
13802 549782202
13803 183178084
13804 977212842
13805 313093767
13806 197535414
13807 158092497
13808 902069179
13809 778739115
13810 1657301
13811 147755031
13812 169153812
13813 159309047
13814 122260643
13815 153280726
13816 817577107
13817 272015275
13818 329548314
13819 33963249
13820 893954659
13821 198719748
13822 282788623
13823 517554631
13824 45816916
13825 460633203
13826 782849384
13827 701111992
13828 281950874
13829 270833511
13830 519729875
13831 755487646
13832 718862998
13833 836108350
13834 947533631
13835 881222744
13836 720203725
13837 681380964
13838 37656789
13839 694073411
13840 212499998
13841 856510471
13842 755100930
13843 392173813
13844 314648585
13845 127445316
13846 55310720
13847 333222748
13848 385340596
13849 962542065
13850 284553881
13851 395386657
13852 561410962
13853 111736765
13854 770143418
13855 48504583
13856 808467292
13857 707583237
13858 262314467
13859 669076218
13860 24726453
13861 540768598
13862 14760140
13863 451292214
13864 681242394
13865 812260494
13866 64972095
13867 143065355
13868 551903955
13869 626351528
13870 329350242
13871 117355126
13872 833449357
13873 408671853
13874 245713060
13875 260100048
13876 167223478
13877 107497051
13878 517825214
13879 509723365
13880 68083191
13881 339919788
13882 17030563
13883 362887047
13884 307890709
13885 143096019
13886 440902546
13887 651812820
13888 252078947
13889 552050428
13890 889176718
13891 308112645
13892 607713950
13893 732009987
13894 50251501
13895 910557304
13896 197494844
13897 529017402
13898 540079997
13899 371769519
13900 596221480
13901 570731320
13902 206761329
13903 46611290
13904 819577910
13905 856836858
13906 644764786
13907 273558112
13908 226079255
13909 416700143
13910 304312210
13911 101160373
13912 471095576
13913 840581636
13914 706657269
13915 714897513
13916 555997814
13917 236340176
13918 222421000
13919 387161385
13920 671501303
13921 131778675
13922 628301788
13923 26980733
13924 346225128
13925 684375977
13926 850750143
13927 375571737
13928 892135826
13929 792143817
13930 490247549
13931 906937820
13932 44422465
13933 800839363
13934 539566012
13935 484428518
13936 489604289
13937 24234352
13938 363980323
13939 750311496
13940 562095506
13941 282321963
13942 188366893
13943 232943173
13944 84465902
13945 120089995
13946 877799941
13947 984556693
13948 706574169
13949 334503242
13950 464256317
13951 2122788
13952 890145811
13953 174293212
13954 247276755
13955 996110484
13956 922275577
13957 573514848
13958 453934277
13959 364816772
13960 301807489
13961 321660476
13962 222384157
13963 189779262
13964 916414952
13965 66231429
13966 159715245
13967 402854188
13968 468051146
13969 665652673
13970 38317290
13971 715223964
13972 841829317
13973 995242446
13974 11925865
13975 841342438
13976 936729415
13977 563966215
13978 286508454
13979 450380178
13980 116576738
13981 384521887
13982 947646256
13983 178533395
13984 54845964
13985 389740643
13986 58471245
13987 26706211
13988 754971228
13989 799075529
13990 724955829
13991 807349749
13992 92382586
13993 409319699
13994 26628188
13995 634502723
13996 786284056
13997 748708958
13998 892549649
13999 996376966
14000 841214644
14001 978302128
14002 163033642
14003 947079104
14004 476334401
14005 681965571
14006 776780116
14007 533479348
14008 155202032
14009 180337188
14010 72784703
14011 356381092
14012 782769287
14013 573503603
14014 672584681
14015 588164996
14016 847678337
14017 689998252
14018 841493557
14019 339996471
14020 652743657
14021 492812820
14022 758779667
14023 168399667
14024 959103707
14025 814982155
14026 92703717
14027 829245562
14028 762376209
14029 450340006
14030 381060462
14031 770369842
14032 981744441
14033 82788228
14034 916885648
14035 638110602
14036 555701039
14037 721470710
14038 97128844
14039 822659403
14040 753260128
14041 497832118
14042 880435591
14043 681405014
14044 977199729
14045 808695646
14046 649786354
14047 798850854
14048 667037652
14049 547539125
14050 163193887
14051 874850350
14052 506168517
14053 925268210
14054 347162259
14055 881023402
14056 288161054
14057 595963895
14058 814847857
14059 475020977
14060 716658439
14061 601406354
14062 530501815
14063 839908420
14064 229781096
14065 991085605
14066 716678539
14067 779853247
14068 69469176
14069 26024980
14070 660100460
14071 395270684
14072 881177456
14073 648358661
14074 784584463
14075 713096040
14076 917473742
14077 879792461
14078 326807541
14079 781928260
14080 698455118
14081 912944322
14082 929954292
14083 32894082
14084 697627387
14085 549861732
14086 376163699
14087 41943862
14088 81136403
14089 553541420
14090 588249177
14091 382133787
14092 324340334
14093 129672498
14094 296404700
14095 491576737
14096 279763387
14097 699782515
14098 605656336
14099 861276805
14100 327827212
14101 335414612
14102 373146172
14103 468312505
14104 674221164
14105 491967928
14106 72398744
14107 365517450
14108 678588532
14109 934955537
14110 527632615
14111 837986562
14112 141254986
14113 416457026
14114 349063593
14115 228423638
14116 100741897
14117 179779558
14118 134084002
14119 797686998
14120 600733579
14121 4292120
14122 858470886
14123 500810345
14124 925905793
14125 512137019
14126 826508266
14127 402769590
14128 621886383
14129 928727433
14130 62039954
14131 384479
14132 625182643
14133 144336970
14134 520060134
14135 220695778
14136 685228836
14137 437266743
14138 564475253
14139 848848943
14140 549252156
14141 877192706
14142 64531560
14143 836706453
14144 314996082
14145 970029948
14146 704453328
14147 662311428
14148 835325272
14149 620115026
14150 796312725
14151 915481808
14152 960731128
14153 343168998
14154 975431268
14155 61429711
14156 384672211
14157 854387242
14158 98330016
14159 861956310
14160 668075502
14161 651734488
14162 891075892
14163 363542173
14164 726152640
14165 815131506
14166 435454181
14167 359455850
14168 761224427
14169 281128724
14170 935701583
14171 821719248
14172 688802083
14173 726256131
14174 394750136
14175 168301235
14176 830917495
14177 781703324
14178 776226323
14179 904030702
14180 753871502
14181 475683583
14182 486780033
14183 666102514
14184 829789577
14185 126572626
14186 517556405
14187 387943696
14188 696309778
14189 714691749
14190 138961860
14191 502359808
14192 972710603
14193 194122321
14194 379121343
14195 475531119
14196 568935045
14197 349858235
14198 755860263
14199 166600975
14200 933002278
14201 233550734
14202 939062006
14203 890810545
14204 822085104
14205 742592086
14206 236495745
14207 868766335
14208 582055272
14209 740486049
14210 780844511
14211 454073140
14212 908390948
14213 871108711
14214 739497569
14215 343047865
14216 991174688
14217 958657556
14218 331502561
14219 764439926
14220 341607286
14221 795186325
14222 706895461
14223 695612735
14224 550046310
14225 577814944
14226 861303130
14227 592192972
14228 3632661
14229 903568125
14230 463575039
14231 642117006
14232 833817104
14233 330318629
14234 391621820
14235 948261901
14236 212835081
14237 59572666
14238 324518372
14239 817715877
14240 922404966
14241 193705963
14242 431822049
14243 528608236
14244 844597752
14245 48841787
14246 937414075
14247 99855097
14248 644974538
14249 356645061
14250 236057237
14251 828119633
14252 41641153
14253 315922304
14254 63833440
14255 22480612
14256 979432515
14257 965852466
14258 874267088
14259 399507649
14260 387171684
14261 540699684
14262 911155397
14263 125491391
14264 777293701
14265 785469889
14266 204242971
14267 917862310
14268 501959276
14269 626087894
14270 168932458
14271 410666986
14272 513286792
14273 663788652
14274 746915785
14275 91552418
14276 253000409
14277 233418579
14278 346188414
14279 652699311
14280 216223854
14281 960007303
14282 673524840
14283 617049648
14284 321883830
14285 942575917
14286 71881325
14287 120902910
14288 334043382
14289 513169264
14290 388044669
14291 215205763
14292 708262240
14293 221959308
14294 51452118
14295 276333572
14296 195329817
14297 802404209
14298 99657971
14299 419878504
14300 718769884
14301 50700017
14302 137773972
14303 681259852
14304 633582845
14305 333640257
14306 905151468
14307 167045612
14308 28139024
14309 231401988
14310 840379159
14311 584569374
14312 505312523
14313 226224315
14314 403726416
14315 742958230
14316 247121196
14317 329356469
14318 333905972
14319 449534534
14320 383638869
14321 451200783
14322 457604960
14323 515529188
14324 489555610
14325 449267170
14326 16967664
14327 873146694
14328 57955996
14329 576717049
14330 42715253
14331 789467124
14332 474940719
14333 231558673
14334 919872080
14335 550351337
14336 20478398
14337 57463166
14338 804003218
14339 372451255
14340 448955122
14341 717747708
14342 866859911
14343 315532257
14344 933847245
14345 614607150
14346 981116884
14347 510890197
14348 655851176
14349 62223545
14350 28327061
14351 735386997
14352 773745501
14353 735709259
14354 31311608
14355 788301086
14356 316166770
14357 665721378
14358 27160926
14359 395141176
14360 658615486
14361 415098462
14362 471623515
14363 341719716
14364 45562847
14365 436275278
14366 4738648
14367 778722997
14368 709037517
14369 120439641
14370 514278573
14371 21630994
14372 798641008
14373 987027504
14374 910175185
14375 131443771
14376 6435795
14377 413757779
14378 314993001
14379 519830052
14380 218927702
14381 187507416
14382 9329685
14383 513792419
14384 99940916
14385 916167093
14386 59381544
14387 528309101
14388 64722387
14389 7289728
14390 464867767
14391 408501234
14392 879937013
14393 202947258
14394 612834867
14395 567453733
14396 982267479
14397 372249064
14398 32393567
14399 612693925
14400 37802316
14401 218860233
14402 397295058
14403 958667721
14404 9515979
14405 747149390
14406 558997387
14407 400620515
14408 435227138
14409 904384178
14410 252760057
14411 939114166
14412 834166765
14413 799920766
14414 828438045
14415 943496778
14416 13737776
14417 486856323
14418 55976440
14419 647973631
14420 984533502
14421 390974350
14422 437045256
14423 644708507
14424 450066482
14425 124306748
14426 650379914
14427 978455899
14428 338253166
14429 663301255
14430 830082653
14431 370958487
14432 648377809
14433 637711899
14434 779906003
14435 460148952
14436 556665422
14437 954285187
14438 98398961
14439 18204521
14440 811927727
14441 192138413
14442 45812737
14443 56814211
14444 740141928
14445 350807245
14446 31028935
14447 118257012
14448 735189148
14449 820650052
14450 454585387
14451 13801497
14452 319375954
14453 924020667
14454 693259806
14455 728969427
14456 955435270
14457 665539330
14458 451746106
14459 341435112
14460 271525822
14461 470786774
14462 280649543
14463 871974070
14464 9337243
14465 766025670
14466 507315449
14467 93016340
14468 635384378
14469 839027033
14470 738255104
14471 713029394
14472 524911951
14473 231680685
14474 3064485
14475 941827617
14476 164434722
14477 796897922
14478 70355024
14479 197249170
14480 154118579
14481 704752914
14482 259779746
14483 20778984
14484 146184033
14485 50228378
14486 426108113
14487 939613193
14488 348220964
14489 369478614
14490 652772338
14491 610795146
14492 655703773
14493 94636759
14494 48770027
14495 355300978
14496 279734183
14497 647471616
14498 565402778
14499 220420961
14500 269744622
14501 511378465
14502 688584286
14503 825721798
14504 559530942
14505 944167439
14506 33139632
14507 342003270
14508 301397510
14509 271468262
14510 76464576
14511 579479346
14512 363032237
14513 486125970
14514 717492189
14515 300480661
14516 509643894
14517 874213436
14518 436682109
14519 929885473
14520 732822418
14521 529916102
14522 774997367
14523 617196622
14524 96888979
14525 408922767
14526 147940014
14527 323688817
14528 952038218
14529 383298735
14530 959981336
14531 982634391
14532 54680713
14533 779262853
14534 678140061
14535 496509608
14536 115013860
14537 220764442
14538 974136812
14539 742142552
14540 218864719
14541 667311445
14542 35311005
14543 62024074
14544 156564428
14545 64567686
14546 301271295
14547 267135332
14548 829519084
14549 409296456
14550 162713361
14551 566801059
14552 608320975
14553 309679912
14554 891362029
14555 678972046
14556 88375025
14557 471463201
14558 995886299
14559 510612777
14560 908369053
14561 459770736
14562 359558596
14563 798530397
14564 766058766
14565 203491857
14566 511446972
14567 710670032
14568 141784612
14569 663515774
14570 901778649
14571 627620668
14572 136461175
14573 708671660
14574 986151232
14575 724690558
14576 183316454
14577 72288034
14578 513416292
14579 277226179
14580 362264885
14581 168913122
14582 726228344
14583 504791969
14584 581328208
14585 469464750
14586 338456719
14587 218622230
14588 717540822
14589 554726445
14590 745249940
14591 362087668
14592 593084148
14593 80990236
14594 278914613
14595 531460004
14596 150728027
14597 835339627
14598 126131964
14599 461966223
14600 833620236
14601 933280851
14602 928795536
14603 641001404
14604 899927214
14605 317706729
14606 592447655
14607 732785428
14608 14076108
14609 725385546
14610 531983823
14611 32923330
14612 610504606
14613 106535327
14614 403123963
14615 561108077
14616 146645184
14617 856154713
14618 982054449
14619 74190161
14620 151354727
14621 305009866
14622 749829500
14623 231515579
14624 999956948
14625 569041836
14626 583086033
14627 718612646
14628 948263359
14629 585678126
14630 854991416
14631 917496323
14632 627352805
14633 97059405
14634 800338786
14635 609679854
14636 868493870
14637 837539447
14638 979624821
14639 824938502
14640 562085995
14641 973193391
14642 701704522
14643 752120875
14644 65072357
14645 217262728
14646 797605719
14647 642200549
14648 219579439
14649 191999358
14650 423986008
14651 484371965
14652 266655816
14653 78294927
14654 537349513
14655 858324897
14656 123720382
14657 272828345
14658 555815903
14659 196992415
14660 232421007
14661 251761612
14662 895850217
14663 603353447
14664 471801528
14665 670353759
14666 476957332
14667 32652727
14668 593398282
14669 559112663
14670 831381406
14671 622389110
14672 70629732
14673 436120850
14674 530342913
14675 666782383
14676 999772999
14677 531657000
14678 65063543
14679 314441817
14680 764556396
14681 121543524
14682 999669233
14683 205937448
14684 44031856
14685 294336975
14686 781386430
14687 132673914
14688 724718885
14689 850583572
14690 184805835
14691 824106296
14692 838673750
14693 411453075
14694 468922264
14695 371960704
14696 761493433
14697 981253940
14698 941110339
14699 397608943
14700 661093963
14701 651606599
14702 469409272
14703 778278707
14704 299789529
14705 793753523
14706 443631340
14707 712669156
14708 682464887
14709 140834567
14710 208339547
14711 427713280
14712 365713401
14713 985929266
14714 354119599
14715 978056575
14716 830565234
14717 40260361
14718 337596434
14719 628735157
14720 352814582
14721 28951918
14722 147443373
14723 811236757
14724 840061719
14725 55694613
14726 815362563
14727 887232569
14728 284185549
14729 671498876
14730 903575025
14731 932321635
14732 568028138
14733 363187474
14734 32374788
14735 254267144
14736 339346251
14737 131070510
14738 192470215
14739 541824372
14740 940793181
14741 477843329
14742 175125401
14743 541058803
14744 518768885
14745 185119725
14746 631435641
14747 16191570
14748 232499677
14749 458470819
14750 250712294
14751 272539770
14752 307746400
14753 812391553
14754 884960601
14755 450362794
14756 552195133
14757 566884711
14758 314942179
14759 430499145
14760 174074155
14761 733351650
14762 736473108
14763 338213981
14764 999361898
14765 791015581
14766 932778181
14767 924030815
14768 151497985
14769 544486023
14770 85334390
14771 913072243
14772 965136099
14773 175930744
14774 119580741
14775 327902873
14776 320574876
14777 421249802
14778 986555525
14779 676045793
14780 968278186
14781 327663022
14782 861426547
14783 566391139
14784 407347235
14785 850751290
14786 777503680
14787 249713684
14788 624529930
14789 929021144
14790 827987050
14791 444834989
14792 998229467
14793 98089248
14794 493655719
14795 99738936
14796 194677003
14797 866899705
14798 131859164
14799 283978498
14800 310614740
14801 92265816
14802 102166559
14803 61093830
14804 966265631
14805 60255210
14806 581281384
14807 343375635
14808 774831293
14809 489035045
14810 784394467
14811 159813937
14812 31318472
14813 898738764
14814 736994292
14815 919273894
14816 747408035
14817 637628679
14818 60116051
14819 448473059
14820 123089402
14821 202397181
14822 558812813
14823 846324840
14824 875923536
14825 669284589
14826 173422323
14827 771664945
14828 305733295
14829 25291364
14830 703541510
14831 64011978
14832 981118306
14833 56286948
14834 801165001
14835 51375296
14836 188418494
14837 9821307
14838 219545505
14839 313713988
14840 937697854
14841 272636865
14842 69099677
14843 685971379
14844 655553455
14845 352884413
14846 320194223
14847 863667325
14848 194220218
14849 814865242
14850 157262337
14851 327916082
14852 130110388
14853 117013542
14854 896827238
14855 394960671
14856 281482931
14857 224889537
14858 556426436
14859 227382210
14860 265237948
14861 818615272
14862 196335039
14863 917876818
14864 629091386
14865 84244587
14866 789449067
14867 401592718
14868 941297038
14869 890465504
14870 717595419
14871 246238346
14872 777170258
14873 191829276
14874 456752992
14875 979327425
14876 272440664
14877 345204354
14878 465628914
14879 887689231
14880 166846380
14881 594139357
14882 687515045
14883 60926737
14884 852329629
14885 96663459
14886 516273920
14887 418395353
14888 24035992
14889 517021135
14890 556558148
14891 122970320
14892 256100848
14893 7661767
14894 466715710
14895 400249853
14896 189120710
14897 71727033
14898 852953277
14899 768520263
14900 486917937
14901 142483622
14902 902836552
14903 861822021
14904 986345066
14905 952775052
14906 127654851
14907 414144673
14908 476841175
14909 441003035
14910 462372885
14911 97780894
14912 152266546
14913 21374574
14914 339875986
14915 849734506
14916 409423391
14917 207675768
14918 230875413
14919 226633752
14920 882544819
14921 88699031
14922 835684900
14923 827236413
14924 52592768
14925 364536779
14926 770835378
14927 896922676
14928 611863112
14929 162687479
14930 333106736
14931 485376480
14932 738365793
14933 696229149
14934 346769091
14935 550139785
14936 20878982
14937 249122067
14938 466944034
14939 358811320
14940 24122226
14941 29886233
14942 9570993
14943 25571732
14944 920653113
14945 591588326
14946 735808335
14947 440169011
14948 335123974
14949 948567868
14950 541479682
14951 509789364
14952 71832613
14953 599287865
14954 50590478
14955 668940774
14956 35801485
14957 82508799
14958 214680305
14959 521440795
14960 605231394
14961 132191592
14962 730361166
14963 431570297
14964 558138444
14965 518548215
14966 795981444
14967 830918978
14968 88832475
14969 60350045
14970 552249623
14971 742274872
14972 601000459
14973 760420281
14974 133256837
14975 778326843
14976 605883262
14977 368399112
14978 449160963
14979 257662676
14980 818185423
14981 801071139
14982 375609272
14983 65222178
14984 675495731
14985 661781684
14986 137657724
14987 486243532
14988 540401878
14989 268126901
14990 878416260
14991 788957534
14992 941489324
14993 117247808
14994 890499485
14995 950193116
14996 987853911
14997 449458507
14998 10355145
14999 836389908
15000 575370647
15001 198658270
15002 457976038
15003 673548306
15004 957128563
15005 366035571
15006 569538441
15007 847912023
15008 258997004
15009 706476229
15010 66315993
15011 513530195
15012 182483366
15013 794224286
15014 21614144
15015 729476462
15016 832961295
15017 635550641
15018 366367059
15019 621270586
15020 756828047
15021 978834763
15022 934037061
15023 993791197
15024 138891014
15025 994048432
15026 886133745
15027 477041666
15028 634500572
15029 762426485
15030 475637862
15031 273183490
15032 800290582
15033 732103472
15034 786622079
15035 881466421
15036 156869492
15037 973517262
15038 880660084
15039 106508483
15040 312696989
15041 878052084
15042 614018076
15043 463890443
15044 19448108
15045 129694183
15046 424667010
15047 985006397
15048 359632679
15049 560213779
15050 565073639
15051 367959027
15052 57609573
15053 947367156
15054 470682889
15055 164330857
15056 245414344
15057 665331258
15058 483538203
15059 430005248
15060 315167151
15061 557296210
15062 886063956
15063 698522150
15064 139282831
15065 12663764
15066 270549195
15067 263845637
15068 841608520
15069 450391441
15070 211295095
15071 705801235
15072 292035491
15073 286568712
15074 53393199
15075 220302715
15076 220923694
15077 282550116
15078 45476556
15079 348295130
15080 10588333
15081 886763419
15082 330526712
15083 687157627
15084 2086031
15085 524989724
15086 287712592
15087 28813937
15088 36777102
15089 802390915
15090 412452695
15091 779223392
15092 763735571
15093 847846994
15094 274414660
15095 621273373
15096 37336217
15097 822947366
15098 922181824
15099 290366
15100 615943357
15101 375902464
15102 157595702
15103 121490846
15104 335211652
15105 799325057
15106 598603044
15107 668394040
15108 147699466
15109 641542841
15110 137107910
15111 281700287
15112 636483534
15113 517796812
15114 174668082
15115 823133825
15116 44552810
15117 986452257
15118 973780411
15119 354462758
15120 821548886
15121 97552
15122 791691952
15123 189893807
15124 445171024
15125 428114870
15126 991651860
15127 551906552
15128 441158312
15129 971916072
15130 890667070
15131 981890913
15132 359263824
15133 143713367
15134 726302971
15135 680713823
15136 76379681
15137 822460788
15138 997893802
15139 155313922
15140 33811883
15141 78156676
15142 375355174
15143 467953135
15144 974259984
15145 310530486
15146 570843310
15147 432411613
15148 356789854
15149 680496879
15150 641777049
15151 329362385
15152 862907536
15153 551691822
15154 937853533
15155 960077017
15156 302357363
15157 827856651
15158 541852978
15159 541007032
15160 583677523
15161 668169807
15162 718069329
15163 429848657
15164 105952997
15165 992029516
15166 591080591
15167 744329475
15168 827497417
15169 648709873
15170 109298063
15171 656137685
15172 32552376
15173 918423065
15174 963573587
15175 809269903
15176 985043793
15177 761700789
15178 196915315
15179 204693443
15180 657509091
15181 469371604
15182 555955247
15183 404019831
15184 845985931
15185 126796462
15186 1092531
15187 939568627
15188 359585625
15189 292028484
15190 28788938
15191 952631069
15192 591096544
15193 567797596
15194 722048909
15195 179080632
15196 220173553
15197 589499642
15198 56981373
15199 398249123
15200 950505060
15201 272849379
15202 754793475
15203 759938554
15204 312673333
15205 369700285
15206 220129611
15207 737993944
15208 14077436
15209 240586265
15210 180309
15211 507615859
15212 29493967
15213 972152992
15214 539679496
15215 765542587
15216 319932062
15217 553021025
15218 849424460
15219 814699202
15220 770640097
15221 271147505
15222 851371517
15223 819275131
15224 783711980
15225 224853437
15226 29896944
15227 944114256
15228 349859147
15229 705927046
15230 728477884
15231 238874005
15232 140422854
15233 142084880
15234 35303837
15235 831382207
15236 558349486
15237 531887667
15238 714483335
15239 795843770
15240 338871800
15241 657750332
15242 143261246
15243 386679922
15244 769824846
15245 481810967
15246 749752951
15247 180971204
15248 785177653
15249 878472275
15250 899434897
15251 388846818
15252 713426597
15253 427625573
15254 129586089
15255 200473156
15256 439497615
15257 799379470
15258 275300998
15259 189622140
15260 249736937
15261 412544424
15262 966747382
15263 656145332
15264 370458869
15265 130038002
15266 340168984
15267 36187550
15268 499393656
15269 890812817
15270 37006478
15271 991511068
15272 367713600
15273 254848720
15274 608110729
15275 392930272
15276 979915783
15277 177288248
15278 831587761
15279 72291484
15280 145028113
15281 730098303
15282 667256521
15283 497452333
15284 818094125
15285 57914037
15286 815014402
15287 667209813
15288 128509310
15289 479591504
15290 714604988
15291 928301886
15292 192971354
15293 33492279
15294 24334243
15295 738958091
15296 899844764
15297 959105315
15298 794478714
15299 886913521
15300 769460136
15301 329986779
15302 720625206
15303 899392758
15304 341562559
15305 801933878
15306 32041410
15307 152819787
15308 718676998
15309 563330539
15310 559899799
15311 565278330
15312 442194860
15313 424963652
15314 890363301
15315 424939968
15316 162502640
15317 201153484
15318 722526320
15319 909045403
15320 68181144
15321 65619866
15322 928829884
15323 106140653
15324 832528169
15325 525753846
15326 796719260
15327 295782955
15328 604823437
15329 933792935
15330 486391995
15331 464466974
15332 388753533
15333 792030376
15334 284533554
15335 246967902
15336 580220497
15337 743920252
15338 394503986
15339 474022608
15340 301806164
15341 100684577
15342 543981841
15343 389078285
15344 880950098
15345 969094640
15346 869366506
15347 254507189
15348 378486973
15349 250121795
15350 979864781
15351 597546577
15352 388858287
15353 121777870
15354 173779906
15355 395235585
15356 597327701
15357 225957536
15358 418485374
15359 567787729
15360 801697280
15361 607676043
15362 970947300
15363 536663895
15364 531434377
15365 414310153
15366 417366678
15367 107443255
15368 571820054
15369 919803100
15370 106651789
15371 489982549
15372 345859314
15373 773239779
15374 770874531
15375 322104289
15376 622293629
15377 80451231
15378 209522741
15379 629962323
15380 894783317
15381 336270057
15382 989057438
15383 910444291
15384 971693447
15385 209721949
15386 14700474
15387 852921629
15388 647438444
15389 583640532
15390 464289774
15391 797149711
15392 230766012
15393 489900528
15394 742796976
15395 73425626
15396 915347496
15397 264250879
15398 868922675
15399 137392340
15400 845170369
15401 833877139
15402 61213650
15403 625865619
15404 950763238
15405 978403134
15406 327787641
15407 602239770
15408 911312583
15409 935192082
15410 620866787
15411 131358092
15412 236505706
15413 415899589
15414 928438927
15415 989254303
15416 580664493
15417 502608329
15418 340851330
15419 706744339
15420 940399466
15421 127969902
15422 759666805
15423 725241321
15424 550049120
15425 352068579
15426 119421794
15427 625162524
15428 374293486
15429 743434207
15430 819198460
15431 974955108
15432 77327871
15433 163792443
15434 905425756
15435 865678095
15436 217628878
15437 747813363
15438 492441949
15439 786619961
15440 826778210
15441 572440702
15442 14763523
15443 993366246
15444 462654318
15445 539690197
15446 317148720
15447 133836346
15448 288469650
15449 687209917
15450 96847635
15451 788376730
15452 219219810
15453 188726906
15454 987015349
15455 911630229
15456 534524716
15457 945374905
15458 172219401
15459 479578245
15460 429686198
15461 32177328
15462 592400576
15463 831458136
15464 440781146
15465 538648468
15466 465934795
15467 137366921
15468 178203301
15469 368474607
15470 601044755
15471 501817187
15472 795162419
15473 667219956
15474 774420277
15475 730446898
15476 65012190
15477 732848276
15478 153657714
15479 54418311
15480 29181685
15481 879445648
15482 676736870
15483 50091023
15484 476994018
15485 386717730
15486 462561745
15487 5928757
15488 238775822
15489 741714149
15490 440171167
15491 42289185
15492 350530135
15493 826280181
15494 12952621
15495 827725230
15496 378462544
15497 10893269
15498 781949888
15499 922041794
15500 869613452
15501 661815933
15502 561156476
15503 992977514
15504 411310413
15505 778440468
15506 960263359
15507 887950568
15508 820379557
15509 929228494
15510 593048789
15511 14730672
15512 757802091
15513 539829940
15514 521088494
15515 749414857
15516 451981046
15517 870170093
15518 947078069
15519 456364003
15520 343921735
15521 805472455
15522 810307624
15523 268321753
15524 95590291
15525 840139893
15526 959294698
15527 622767367
15528 614613650
15529 892924927
15530 68442449
15531 984864979
15532 874724887
15533 728053845
15534 707521309
15535 525471346
15536 618481938
15537 725397148
15538 282762050
15539 2807607
15540 114644141
15541 231642683
15542 936174165
15543 42869700
15544 75632495
15545 826939600
15546 76890208
15547 743429603
15548 688819810
15549 351897525
15550 326350690
15551 473036033
15552 581930132
15553 710128257
15554 748142821
15555 493689709
15556 480718287
15557 474415683
15558 125854836
15559 566466691
15560 275266910
15561 196644435
15562 440036
15563 345459173
15564 424860645
15565 126308612
15566 885808484
15567 539126659
15568 137155344
15569 704958958
15570 665038603
15571 910755013
15572 23429505
15573 605804383
15574 134806567
15575 225924953
15576 384720444
15577 904187660
15578 171269665
15579 177031584
15580 174933423
15581 411455256
15582 741596680
15583 107881313
15584 761948496
15585 349353505
15586 50206506
15587 500054337
15588 910178714
15589 880649291
15590 343408039
15591 207089816
15592 538866969
15593 815910958
15594 254629403
15595 731620433
15596 342502926
15597 143801192
15598 790377275
15599 29192601
15600 744018508
15601 722855297
15602 922301150
15603 370202192
15604 411773346
15605 773106349
15606 190142629
15607 264045136
15608 604009487
15609 838291411
15610 248303331
15611 55651830
15612 755358348
15613 187929832
15614 725938040
15615 29313617
15616 591303597
15617 877772418
15618 499779637
15619 140607223
15620 485887745
15621 815226906
15622 997204960
15623 392619847
15624 866867897
15625 710441085
15626 748160157
15627 289749193
15628 63585923
15629 740592502
15630 891522156
15631 945333213
15632 883404979
15633 757390878
15634 639912676
15635 357908939
15636 725881802
15637 428223781
15638 763115265
15639 76851459
15640 446004334
15641 376182320
15642 298922380
15643 702089428
15644 444391270
15645 801639844
15646 59521345
15647 682672496
15648 619971554
15649 746292961
15650 364457975
15651 952453552
15652 567286588
15653 495092641
15654 330800428
15655 431534646
15656 369988434
15657 483708514
15658 791332108
15659 742064625
15660 569926900
15661 987740654
15662 189384609
15663 716533205
15664 276786795
15665 394405885
15666 849511375
15667 966877
15668 337077245
15669 563764464
15670 837008309
15671 950536161
15672 374316934
15673 900050088
15674 819283387
15675 553453669
15676 876141137
15677 715552759
15678 888696212
15679 739344596
15680 738820458
15681 768588158
15682 770931501
15683 188933608
15684 189808218
15685 745843396
15686 424948171
15687 91563090
15688 208922500
15689 966902434
15690 94058563
15691 806975879
15692 972680771
15693 801375996
15694 479536682
15695 27428060
15696 514404299
15697 273552492
15698 476167696
15699 246555547
15700 311084781
15701 146044125
15702 185160244
15703 990321517
15704 554724332
15705 470822323
15706 136123103
15707 204328098
15708 882469401
15709 175062736
15710 782957647
15711 854203504
15712 170258741
15713 632758836
15714 167704235
15715 351382624
15716 232799493
15717 723541324
15718 651521270
15719 991290559
15720 129770936
15721 509193203
15722 792239416
15723 379597153
15724 351271327
15725 929482920
15726 12126906
15727 611843880
15728 395510980
15729 283139429
15730 220508581
15731 203028246
15732 297110414
15733 374388017
15734 362444480
15735 943648207
15736 850171165
15737 503170662
15738 770001106
15739 336348521
15740 984442790
15741 366796630
15742 537408499
15743 28723820
15744 987542618
15745 437490482
15746 325748407
15747 338362558
15748 639872062
15749 718308442
15750 647290031
15751 773591086
15752 640891402
15753 854008342
15754 760695958
15755 216588097
15756 78882010
15757 56976319
15758 616488588
15759 895601034
15760 617716754
15761 824001733
15762 450609578
15763 650904177
15764 589520050
15765 297826698
15766 803277909
15767 260465036
15768 883755436
15769 32465769
15770 217973080
15771 334751251
15772 845757481
15773 525226323
15774 469309455
15775 7184127
15776 784129971
15777 241405876
15778 152936846
15779 127957090
15780 990789485
15781 238086556
15782 440857275
15783 17701209
15784 844362181
15785 973558648
15786 771782511
15787 999829320
15788 30563409
15789 714372275
15790 977130450
15791 886332577
15792 917822664
15793 195022116
15794 717456993
15795 690719640
15796 256985739
15797 988863402
15798 765247093
15799 980236514
15800 250907274
15801 361152034
15802 165203982
15803 867911499
15804 14635069
15805 502046557
15806 798089993
15807 230032830
15808 789784317
15809 585991596
15810 13797599
15811 165720194
15812 215396354
15813 351200597
15814 853350777
15815 478246956
15816 199876845
15817 589781069
15818 13426575
15819 397525407
15820 139255339
15821 214355486
15822 342931803
15823 646661174
15824 514778205
15825 146710811
15826 576987699
15827 359394724
15828 903000034
15829 587277017
15830 683309270
15831 297607069
15832 679336336
15833 480390588
15834 297527763
15835 590627455
15836 821364862
15837 454112504
15838 221162135
15839 208093790
15840 689424209
15841 563961424
15842 393164245
15843 81575613
15844 928637195
15845 258559873
15846 919631458
15847 609755718
15848 217633082
15849 871824409
15850 708058745
15851 283989826
15852 746032787
15853 532381806
15854 516558306
15855 105958420
15856 728178394
15857 298970133
15858 299360255
15859 806067669
15860 454620000
15861 256978280
15862 495618643
15863 211806695
15864 220243146
15865 825946073
15866 258540808
15867 750468348
15868 952539083
15869 954108687
15870 794661735
15871 541654388
15872 982354845
15873 458775483
15874 232521582
15875 120276185
15876 191798337
15877 566075591
15878 718118439
15879 917917996
15880 580969025
15881 338819625
15882 559036119
15883 111736260
15884 631195904
15885 865432073
15886 741238300
15887 733186819
15888 428274064
15889 16665037
15890 114818346
15891 68901465
15892 40927499
15893 620981249
15894 671790331
15895 885261894
15896 454309198
15897 27616140
15898 359574309
15899 228461016
15900 478283226
15901 614533482
15902 171742416
15903 633815989
15904 564627849
15905 147218349
15906 217427436
15907 480042422
15908 165853607
15909 719121701
15910 168569781
15911 795114623
15912 695937854
15913 839316285
15914 535642593
15915 370478785
15916 141659092
15917 636113515
15918 24372418
15919 102179599
15920 487555034
15921 569896764
15922 957486456
15923 780507220
15924 907180526
15925 804821545
15926 711174444
15927 968964033
15928 708687442
15929 598096802
15930 900790057
15931 819893712
15932 3939415
15933 866441405
15934 32957233
15935 905030469
15936 999440739
15937 180040890
15938 185480889
15939 399227238
15940 748625766
15941 495706002
15942 57973648
15943 882235697
15944 465623550
15945 722244974
15946 954556004
15947 318333197
15948 218232164
15949 800950591
15950 271819479
15951 617598152
15952 643249904
15953 394789317
15954 8409404
15955 105539981
15956 615939239
15957 105957328
15958 358901852
15959 735249235
15960 938300564
15961 888664439
15962 276529510
15963 763271388
15964 564089528
15965 150811856
15966 399616563
15967 53544914
15968 790231680
15969 543874605
15970 757951540
15971 501884010
15972 897546816
15973 447269974
15974 704651753
15975 715752506
15976 459298343
15977 486431581
15978 781687258
15979 924118359
15980 832631685
15981 150193562
15982 182301421
15983 311370855
15984 648577901
15985 447224935
15986 89705795
15987 641295071
15988 471579269
15989 892468156
15990 452787446
15991 776284266
15992 645705509
15993 402285151
15994 890623364
15995 541941860
15996 344638123
15997 764929736
15998 573270190
15999 333495087
16000 555700343
16001 411494558
16002 169968162
16003 241459910
16004 468888283
16005 888643475
16006 249871562
16007 770902824
16008 102789182
16009 964510453
16010 217800124
16011 547467273
16012 391605589
16013 118333077
16014 286564351
16015 612475562
16016 815690982
16017 153565431
16018 830955179
16019 987648734
16020 231730638
16021 807585162
16022 988437220
16023 202686744
16024 668221640
16025 774753069
16026 279905275
16027 684360744
16028 739785236
16029 277025899
16030 568484016
16031 279489301
16032 827504711
16033 130061937
16034 420645845
16035 876209899
16036 286548342
16037 657124917
16038 472200070
16039 587502495
16040 380798332
16041 306881048
16042 280440893
16043 694267861
16044 946729848
16045 80532732
16046 79076001
16047 73809697
16048 997894954
16049 996876056
16050 940805255
16051 136648497
16052 105193183
16053 751082489
16054 46245844
16055 573342672
16056 581338910
16057 40643017
16058 210528506
16059 619924001
16060 503733204
16061 682759770
16062 804065831
16063 583472373
16064 46948927
16065 685725746
16066 993251646
16067 586986162
16068 59941598
16069 950638519
16070 166327575
16071 702894326
16072 620038863
16073 702813581
16074 806599227
16075 197810084
16076 385566210
16077 658912223
16078 910109623
16079 715120067
16080 281223882
16081 77989046
16082 615269171
16083 277800598
16084 23695241
16085 4346859
16086 220601811
16087 279674201
16088 365460000
16089 801167247
16090 779022670
16091 281395714
16092 344967442
16093 125801890
16094 275034375
16095 337709315
16096 53394183
16097 846216576
16098 781933586
16099 836546717
16100 546650021
16101 260036514
16102 601176644
16103 855878196
16104 687598592
16105 995382160
16106 454536195
16107 347634484
16108 827075885
16109 204888444
16110 282375965
16111 81628
16112 14861235
16113 352586772
16114 938289288
16115 613068220
16116 359668962
16117 228366533
16118 990203352
16119 545833139
16120 761551955
16121 827171448
16122 756387473
16123 825766419
16124 434031185
16125 404545263
16126 876143011
16127 202724758
16128 776661100
16129 92400075
16130 290280313
16131 597922196
16132 164332718
16133 527304440
16134 978972468
16135 609644473
16136 815702885
16137 464816130
16138 638903924
16139 761693661
16140 913406811
16141 628695956
16142 577827313
16143 249857790
16144 492676363
16145 865593278
16146 698351132
16147 703498548
16148 383944133
16149 907537584
16150 479489789
16151 440098263
16152 261771161
16153 427610540
16154 323764406
16155 847462933
16156 418204661
16157 454116067
16158 326302558
16159 894396706
16160 19448200
16161 691507436
16162 704118980
16163 139897272
16164 852402609
16165 825513123
16166 77048552
16167 539779573
16168 20899847
16169 953625957
16170 47511642
16171 576240561
16172 582711193
16173 505257692
16174 687680608
16175 941130551
16176 954018639
16177 261896799
16178 774706036
16179 167198078
16180 100837122
16181 773750631
16182 671112678
16183 946725570
16184 313425432
16185 249150832
16186 44299578
16187 699578771
16188 387693550
16189 339923257
16190 754866767
16191 415830417
16192 891870225
16193 287076671
16194 924793486
16195 951357133
16196 686642888
16197 620870698
16198 172120880
16199 832718046
16200 579710249
16201 14939581
16202 997991353
16203 766091247
16204 774229676
16205 398627062
16206 459363315
16207 695070967
16208 457503204
16209 891464775
16210 433085906
16211 472064129
16212 854491318
16213 415567253
16214 77910364
16215 139313672
16216 915927349
16217 249284111
16218 66683747
16219 775541652
16220 971004792
16221 896189950
16222 43742718
16223 799079476
16224 23160028
16225 844677657
16226 821640457
16227 717598448
16228 256253103
16229 870621
16230 6929518
16231 408354920
16232 902303967
16233 185154113
16234 523323106
16235 15812833
16236 98154780
16237 44086344
16238 162044085
16239 797044037
16240 208883776
16241 17486248
16242 293771467
16243 816714820
16244 853251205
16245 941777030
16246 788556160
16247 194513067
16248 479005298
16249 941936145
16250 262284780
16251 165286624
16252 245099101
16253 810010337
16254 92209043
16255 675994318
16256 901587945
16257 423719295
16258 125297646
16259 451044336
16260 517470398
16261 8120093
16262 218551731
16263 727269050
16264 608332546
16265 965199515
16266 907907836
16267 102347071
16268 141196213
16269 205833987
16270 424430077
16271 975432063
16272 844379161
16273 950011816
16274 221091582
16275 262030432
16276 82027266
16277 873770008
16278 971514319
16279 796779008
16280 450475757
16281 398875842
16282 350034103
16283 704860391
16284 994196763
16285 499660564
16286 791412330
16287 892491764
16288 872223934
16289 383832792
16290 344312375
16291 898560680
16292 12155194
16293 799651020
16294 428057742
16295 413706128
16296 825473370
16297 99286083
16298 288144293
16299 251752504
16300 202776653
16301 933196974
16302 364272450
16303 188789474
16304 811458773
16305 396057347
16306 53613064
16307 786618674
16308 51142455
16309 451147887
16310 421143239
16311 214913429
16312 46182220
16313 989053113
16314 866553784
16315 4515106
16316 200873526
16317 489662249
16318 272788438
16319 146982222
16320 114910351
16321 152232202
16322 26312326
16323 679836077
16324 283259002
16325 562904483
16326 302087898
16327 279614081
16328 118891180
16329 73912394
16330 467870943
16331 346681163
16332 664864289
16333 556819069
16334 361701168
16335 374810237
16336 852502862
16337 394109640
16338 774095844
16339 735178393
16340 286197322
16341 759699584
16342 391697599
16343 361690025
16344 573893924
16345 937615446
16346 827643825
16347 610341199
16348 220685427
16349 694138307
16350 949830810
16351 844119568
16352 99139912
16353 747174679
16354 826599993
16355 332034382
16356 950716155
16357 791128663
16358 225199304
16359 6673803
16360 682223323
16361 631880609
16362 350779560
16363 984365861
16364 21303031
16365 797358249
16366 304720230
16367 837489261
16368 368392889
16369 637132360
16370 927372792
16371 361411562
16372 749481632
16373 115396243
16374 217402721
16375 300414232
16376 288213662
16377 28844769
16378 670110338
16379 641687999
16380 971877089
16381 304367599
16382 284048872
16383 770003746
16384 97217118
16385 420834755
16386 41276433
16387 527964784
16388 324140201
16389 404728461
16390 594344897
16391 89383104
16392 544061351
16393 952248647
16394 673742666
16395 985090769
16396 532746926
16397 56997545
16398 53783785
16399 882785905
16400 472407975
16401 503543033
16402 277894449
16403 69976868
16404 347381304
16405 738536961
16406 980139333
16407 256981661
16408 297207803
16409 553028323
16410 129669507
16411 720615078
16412 364839530
16413 27793964
16414 694965480
16415 902662620
16416 330828689
16417 146726281
16418 907619100
16419 240869147
16420 389731893
16421 160233466
16422 987948654
16423 761839595
16424 829781702
16425 276881607
16426 299397584
16427 426840291
16428 766600100
16429 886094389
16430 217537154
16431 80054768
16432 906885195
16433 588062343
16434 518255490
16435 505098846
16436 469173392
16437 659035359
16438 989017649
16439 534292913
16440 437385130
16441 864723482
16442 384529206
16443 555443381
16444 893711307
16445 4285854
16446 290927508
16447 22102574
16448 148721376
16449 792789712
16450 811157635
16451 974754062
16452 329391046
16453 420906728
16454 988576432
16455 630559656
16456 879915398
16457 245212348
16458 908060540
16459 773939225
16460 327425299
16461 826204678
16462 797845471
16463 718736719
16464 202791594
16465 55325593
16466 431799732
16467 659275617
16468 816182945
16469 626818226
16470 926497879
16471 971266393
16472 172533300
16473 968663597
16474 265705187
16475 830988302
16476 166870718
16477 896934601
16478 627018992
16479 755213805
16480 134574873
16481 487525008
16482 955329270
16483 528695928
16484 958276842
16485 338858671
16486 332727642
16487 891435887
16488 709644254
16489 171148659
16490 98028989
16491 92389805
16492 244487048
16493 13905614
16494 237846560
16495 107656778
16496 222412217
16497 653324992
16498 327590081
16499 207390399
16500 365092932
16501 513317598
16502 888484437
16503 991991050
16504 965743402
16505 426000239
16506 981037384
16507 22673849
16508 10874829
16509 389345055
16510 239449690
16511 983856007
16512 745155392
16513 935295722
16514 57942467
16515 348590301
16516 649257235
16517 440415436
16518 415391431
16519 274620907
16520 116024451
16521 872556506
16522 282046953
16523 945382080
16524 226931601
16525 380638281
16526 26699847
16527 722332490
16528 356479709
16529 724429251
16530 428070394
16531 682240911
16532 947091711
16533 734723997
16534 45664209
16535 978115496
16536 35569342
16537 922293592
16538 74625399
16539 642147560
16540 358222146
16541 808858373
16542 292796273
16543 843932983
16544 463184834
16545 707818871
16546 452706482
16547 789599949
16548 773846486
16549 452488050
16550 250976810
16551 871877587
16552 696979053
16553 273003114
16554 833436871
16555 419371715
16556 788981322
16557 178724678
16558 179075947
16559 343422055
16560 423381444
16561 850782315
16562 108892836
16563 820139900
16564 801542304
16565 433185036
16566 605344168
16567 665276510
16568 748045191
16569 174909093
16570 131027724
16571 880468055
16572 27646772
16573 232540448
16574 822410378
16575 556121694
16576 242718437
16577 74942583
16578 248172341
16579 215853858
16580 288887757
16581 747480431
16582 723903205
16583 557815115
16584 256213599
16585 54220433
16586 319510515
16587 447414320
16588 665616931
16589 122093577
16590 856269751
16591 98944109
16592 421847216
16593 725243317
16594 239307095
16595 749477335
16596 973839425
16597 918375210
16598 815798059
16599 104334508
16600 392833610
16601 162916
16602 676194780
16603 602195877
16604 208138568
16605 801982743
16606 399116230
16607 885534773
16608 649624530
16609 352098355
16610 886410970
16611 121859291
16612 205673299
16613 764074141
16614 590384112
16615 819579634
16616 238503805
16617 999026194
16618 699508244
16619 509513261
16620 589779131
16621 832416174
16622 971874368
16623 18732343
16624 93970311
16625 681980571
16626 69481017
16627 87029361
16628 160750968
16629 449528330
16630 986905727
16631 107730330
16632 46952443
16633 488093425
16634 573191891
16635 349833879
16636 233772181
16637 908956491
16638 704364467
16639 845376278
16640 350817643
16641 657487874
16642 173607950
16643 956167676
16644 256919205
16645 768134062
16646 194512991
16647 225839670
16648 454567372
16649 951745047
16650 759249528
16651 320139489
16652 196309323
16653 692356748
16654 152718191
16655 408389921
16656 753208443
16657 805214059
16658 944833739
16659 260065116
16660 46365885
16661 712042465
16662 22232493
16663 607487792
16664 714894690
16665 89158080
16666 898489327
16667 110933898
16668 121095881
16669 720738860
16670 133635238
16671 159636175
16672 789915981
16673 199999532
16674 823729783
16675 614793812
16676 353280754
16677 411654702
16678 723183410
16679 15627005
16680 398750330
16681 187197805
16682 826898708
16683 116148572
16684 421407039
16685 292419207
16686 420326028
16687 667208908
16688 13881300
16689 882317143
16690 977206962
16691 122835144
16692 612608413
16693 862137327
16694 564438036
16695 864554159
16696 67749997
16697 874203059
16698 762123414
16699 625578185
16700 36866223
16701 548202382
16702 357351885
16703 344463426
16704 905352535
16705 802159792
16706 534544930
16707 286548265
16708 289115750
16709 534228601
16710 476628832
16711 554480346
16712 756820493
16713 213803240
16714 345295782
16715 567546360
16716 618442355
16717 6804599
16718 603864791
16719 518110815
16720 254028593
16721 394488384
16722 931003951
16723 920871988
16724 887101316
16725 446328122
16726 716303690
16727 280779095
16728 623218841
16729 101126260
16730 410361696
16731 835140272
16732 616169598
16733 399832298
16734 34848565
16735 710923415
16736 51575749
16737 387133130
16738 734986299
16739 188856193
16740 459607917
16741 61804368
16742 684615670
16743 200563576
16744 857805271
16745 88457393
16746 275297255
16747 283657840
16748 44799146
16749 156106421
16750 462531751
16751 21130531
16752 101092992
16753 150472732
16754 653981933
16755 134959009
16756 611603535
16757 690526831
16758 249873549
16759 203607738
16760 743585623
16761 677831903
16762 131986702
16763 852933044
16764 506847603
16765 277542289
16766 200825812
16767 872604435
16768 275564117
16769 43212016
16770 217971397
16771 973683679
16772 83871261
16773 123014915
16774 480169550
16775 122977251
16776 137161072
16777 620008086
16778 248825610
16779 599414453
16780 844084047
16781 28446039
16782 807382543
16783 825914787
16784 988838260
16785 41038842
16786 520827852
16787 598562813
16788 347801598
16789 361440577
16790 532972323
16791 452792214
16792 608094260
16793 506525937
16794 139045725
16795 860590896
16796 546960712
16797 522784519
16798 312975245
16799 134552208
16800 511507164
16801 589428370
16802 696497140
16803 481901363
16804 788561697
16805 377000645
16806 638866605
16807 631861159
16808 826072293
16809 152046179
16810 265017057
16811 388738869
16812 939348137
16813 465331411
16814 397610510
16815 905670304
16816 481810913
16817 105340420
16818 858517542
16819 281329806
16820 225521120
16821 653672257
16822 453947250
16823 54203455
16824 484661201
16825 278678842
16826 887407195
16827 990036306
16828 92988175
16829 814189404
16830 671416978
16831 901397111
16832 470637836
16833 944741492
16834 62968151
16835 348685715
16836 969743370
16837 724771028
16838 993241256
16839 824015937
16840 533881354
16841 401908562
16842 476950690
16843 392780697
16844 259331511
16845 26621247
16846 518527209
16847 949415815
16848 150012380
16849 939324668
16850 155631427
16851 818717443
16852 31055829
16853 602131394
16854 503073766
16855 255484578
16856 269351538
16857 488209966
16858 239973373
16859 205025118
16860 95203043
16861 964906279
16862 877764484
16863 509476730
16864 340849353
16865 663841886
16866 199561526
16867 988943259
16868 251524270
16869 451453829
16870 517679153
16871 631630141
16872 854258932
16873 701182387
16874 369516938
16875 281007705
16876 454956564
16877 248743669
16878 489641674
16879 646711070
16880 605546130
16881 931118264
16882 962887785
16883 613529693
16884 817440498
16885 98361205
16886 612663462
16887 119597947
16888 128399395
16889 788555860
16890 661439729
16891 627857341
16892 638948465
16893 888852506
16894 791176897
16895 554700413
16896 981403726
16897 917228679
16898 717626569
16899 406543535
16900 309618028
16901 905261197
16902 676645299
16903 396383453
16904 983665135
16905 935479635
16906 413289534
16907 589362354
16908 85017651
16909 834259629
16910 810242413
16911 691147214
16912 854013739
16913 400802587
16914 831465463
16915 474208855
16916 766114926
16917 268603484
16918 752330971
16919 759018143
16920 408022712
16921 783366293
16922 150954029
16923 502523770
16924 120080927
16925 993423004
16926 342192634
16927 33362932
16928 967242481
16929 484867075
16930 95730567
16931 233834910
16932 947052382
16933 858702950
16934 72331638
16935 563680017
16936 567516920
16937 65132613
16938 141803054
16939 330533247
16940 524179660
16941 827148108
16942 19171625
16943 994675582
16944 724629432
16945 109919578
16946 595428144
16947 881319579
16948 831044517
16949 70967928
16950 930881330
16951 104561783
16952 536037107
16953 149973792
16954 694422604
16955 882538683
16956 499267233
16957 776046
16958 611404881
16959 428224094
16960 825662843
16961 641608876
16962 584669336
16963 345762821
16964 358450457
16965 143051481
16966 487860302
16967 435805665
16968 592057346
16969 613894344
16970 346127004
16971 948087991
16972 41403451
16973 653252297
16974 816505399
16975 626162663
16976 103216825
16977 606842745
16978 439318070
16979 942664939
16980 282005752
16981 887785441
16982 139750082
16983 228170646
16984 374308299
16985 20278479
16986 434375480
16987 945313919
16988 533900876
16989 252514051
16990 257389903
16991 661973103
16992 718522288
16993 704771116
16994 604461274
16995 373361994
16996 676407358
16997 259920490
16998 321841190
16999 422156401
17000 170053825
17001 637848414
17002 181184288
17003 609709740
17004 869233854
17005 280431638
17006 224265405
17007 238795679
17008 586113690
17009 911115416
17010 994288939
17011 223252079
17012 152371588
17013 219091064
17014 277464843
17015 822710310
17016 100961130
17017 977001858
17018 734014601
17019 330797137
17020 797575584
17021 970290514
17022 308829245
17023 908623882
17024 392729190
17025 713312754
17026 859830624
17027 184245178
17028 558413039
17029 105066848
17030 388907443
17031 772527374
17032 763451563
17033 713013055
17034 19866847
17035 71725417
17036 957580821
17037 897927595
17038 562011202
17039 484118468
17040 713740422
17041 835798606
17042 1919930
17043 230980554
17044 357367192
17045 372941125
17046 893466000
17047 743917622
17048 695939870
17049 231657701
17050 770155623
17051 930071115
17052 808325187
17053 330004397
17054 365559532
17055 623035912
17056 285940621
17057 599380020
17058 573527946
17059 979129380
17060 572692899
17061 766481899
17062 281609431
17063 287002298
17064 952803056
17065 118460297
17066 177952840
17067 696332810
17068 330369220
17069 973846939
17070 617393491
17071 240731566
17072 320751882
17073 408969354
17074 240382263
17075 690540172
17076 377374900
17077 256158382
17078 543195269
17079 993404165
17080 288207437
17081 101759060
17082 758273531
17083 38181539
17084 627189968
17085 479550343
17086 513093638
17087 19142535
17088 575733100
17089 892018521
17090 344023607
17091 767718108
17092 891234115
17093 661560656
17094 299023998
17095 100087831
17096 922151406
17097 206615617
17098 605504761
17099 172093324
17100 251584039
17101 115589882
17102 23479854
17103 849634845
17104 277126005
17105 623128653
17106 253483545
17107 456080042
17108 152123622
17109 503649729
17110 984967195
17111 505957822
17112 385404013
17113 28451532
17114 926593440
17115 129669569
17116 830598153
17117 790108556
17118 282131274
17119 647082200
17120 653437127
17121 738095344
17122 428579189
17123 846493681
17124 925452846
17125 879468693
17126 497406717
17127 556462136
17128 289727077
17129 80953096
17130 578003135
17131 133872976
17132 830517842
17133 990907731
17134 387454769
17135 748532628
17136 612012452
17137 459589692
17138 310558298
17139 94665411
17140 598818386
17141 67527855
17142 127565327
17143 576300855
17144 806136591
17145 116072141
17146 88764761
17147 372000617
17148 771579417
17149 748169754
17150 191589597
17151 270015322
17152 748462603
17153 185987906
17154 696881944
17155 561729937
17156 246078359
17157 284849875
17158 353706031
17159 396183719
17160 775829912
17161 348933334
17162 605300522
17163 354831535
17164 732347385
17165 305962740
17166 444610848
17167 259069835
17168 348748198
17169 658694195
17170 21387538
17171 497121421
17172 652456787
17173 482333146
17174 868633764
17175 623123131
17176 726624941
17177 692570741
17178 490091330
17179 626976582
17180 58086131
17181 61684809
17182 211937899
17183 922887780
17184 540610612
17185 296396612
17186 353848863
17187 552913159
17188 154815167
17189 725180647
17190 890793128
17191 318230963
17192 868852535
17193 402791238
17194 552069074
17195 399835319
17196 208776655
17197 444455217
17198 179244474
17199 129211540
17200 838364692
17201 561497918
17202 540644772
17203 905382682
17204 389396418
17205 924144862
17206 620344061
17207 444449189
17208 397085693
17209 409049600
17210 708503002
17211 445832029
17212 842536044
17213 696148836
17214 84261986
17215 353152411
17216 52990083
17217 74571236
17218 959609108
17219 430536675
17220 151677545
17221 183625933
17222 277243029
17223 782254430
17224 436210723
17225 792412536
17226 596521783
17227 458521225
17228 331642692
17229 875749666
17230 985320696
17231 582546421
17232 382085031
17233 804171191
17234 575201573
17235 591899705
17236 399300942
17237 109441823
17238 250976088
17239 38795105
17240 19486984
17241 423154988
17242 78935898
17243 972333308
17244 706624074
17245 267917937
17246 465128216
17247 430568503
17248 719959597
17249 549264042
17250 873902864
17251 394102616
17252 988643110
17253 88944775
17254 159399971
17255 293515416
17256 642155617
17257 757034670
17258 277363167
17259 753351045
17260 470950203
17261 501110074
17262 963047907
17263 460205232
17264 500910269
17265 301460059
17266 232920994
17267 26642153
17268 25086790
17269 729399604
17270 463987414
17271 633871024
17272 283860143
17273 34592826
17274 871960222
17275 345426357
17276 148327832
17277 460772922
17278 770796163
17279 498280599
17280 119313119
17281 188837833
17282 839989296
17283 144345417
17284 70601437
17285 683319463
17286 509751041
17287 768958860
17288 118274580
17289 722023557
17290 327571013
17291 682611892
17292 455919032
17293 498553870
17294 115811500
17295 23583401
17296 742965324
17297 511849910
17298 314287795
17299 698866288
17300 331140697
17301 594876834
17302 944269092
17303 121450323
17304 896240781
17305 953095640
17306 280249108
17307 666658504
17308 110008319
17309 377912143
17310 548192087
17311 570975966
17312 629939762
17313 842383634
17314 527922683
17315 875456603
17316 851483675
17317 308632425
17318 304540724
17319 88149416
17320 275990067
17321 220800608
17322 660395035
17323 798267702
17324 407770709
17325 119937515
17326 72413720
17327 85681986
17328 73338283
17329 515978472
17330 496256388
17331 217680658
17332 484620226
17333 269093132
17334 519348447
17335 481512946
17336 750391691
17337 771215866
17338 157143577
17339 613710420
17340 604962553
17341 42610975
17342 225035687
17343 929606539
17344 316054270
17345 802228901
17346 341643879
17347 308163071
17348 209835327
17349 757011581
17350 93213558
17351 878183191
17352 979264890
17353 744126630
17354 171264658
17355 858296035
17356 823176239
17357 746098798
17358 519726390
17359 917031347
17360 929467035
17361 32319071
17362 147513502
17363 27811538
17364 323441775
17365 703891913
17366 641903799
17367 42120304
17368 313548827
17369 475236817
17370 446687583
17371 987134471
17372 879202491
17373 3567454
17374 379872523
17375 293312939
17376 459429243
17377 434738183
17378 436497238
17379 313359784
17380 469102221
17381 998011591
17382 933023133
17383 917457431
17384 812290754
17385 104051178
17386 783946901
17387 738266000
17388 118800266
17389 582673833
17390 197707520
17391 408607376
17392 892329404
17393 583078293
17394 704533488
17395 424356626
17396 671263079
17397 407686759
17398 666293220
17399 889702146
17400 389895483
17401 205770708
17402 127372332
17403 693891231
17404 161394371
17405 596690343
17406 748129669
17407 150957542
17408 491925923
17409 549155161
17410 694186744
17411 309508083
17412 199945037
17413 679637382
17414 502174193
17415 792648143
17416 418204594
17417 230764925
17418 224029141
17419 130276149
17420 68206637
17421 510351615
17422 276902398
17423 970135180
17424 646401700
17425 287978713
17426 29742775
17427 449105847
17428 748625686
17429 692755232
17430 969709115
17431 309027747
17432 772459384
17433 857468648
17434 292486176
17435 354779981
17436 355085479
17437 106859197
17438 436083317
17439 639522756
17440 378828079
17441 708546436
17442 127435566
17443 753880104
17444 141415259
17445 81079278
17446 446247604
17447 311939478
17448 990533241
17449 204329698
17450 412548228
17451 23680142
17452 447760079
17453 994745882
17454 822602554
17455 941415220
17456 764867144
17457 421446934
17458 250962776
17459 884898180
17460 87524603
17461 155987209
17462 531044902
17463 134077201
17464 85811148
17465 525733807
17466 127403713
17467 392550501
17468 877210704
17469 537337619
17470 943026034
17471 470440802
17472 699427814
17473 417771853
17474 600127091
17475 783155133
17476 350349955
17477 8770470
17478 92450981
17479 2056912
17480 986163886
17481 813878442
17482 489397784
17483 521206031
17484 652144207
17485 35517631
17486 847482888
17487 733291781
17488 704723637
17489 897128689
17490 256565211
17491 868022564
17492 682092459
17493 20624833
17494 830941972
17495 115736650
17496 74574519
17497 108590874
17498 995292706
17499 740927110
17500 290911144
17501 241080905
17502 727952308
17503 234201996
17504 165486800
17505 708641740
17506 746683357
17507 864929804
17508 15051676
17509 466840097
17510 324280176
17511 403339489
17512 983855663
17513 13170453
17514 455999173
17515 840215896
17516 625325897
17517 698242229
17518 363536546
17519 4258973
17520 575611305
17521 521433
17522 344440146
17523 787121896
17524 403710908
17525 10345263
17526 637745730
17527 951623627
17528 86777811
17529 648503678
17530 445142402
17531 202483907
17532 831750784
17533 48346339
17534 271552218
17535 990556504
17536 180944021
17537 691954462
17538 536365809
17539 624038485
17540 372420874
17541 614070038
17542 628071368
17543 339967729
17544 1932084
17545 256079948
17546 515627677
17547 770397318
17548 512454141
17549 882984924
17550 564653427
17551 573420085
17552 844271143
17553 561495651
17554 769900123
17555 7052253
17556 500993034
17557 858907654
17558 372346505
17559 402354553
17560 38551987
17561 407314089
17562 325794108
17563 468956845
17564 868993947
17565 457706327
17566 958479089
17567 959479366
17568 292535351
17569 214563778
17570 809614015
17571 980155574
17572 943892130
17573 427899149
17574 59365431
17575 177592061
17576 345084347
17577 455585094
17578 333525289
17579 221874285
17580 464417446
17581 585112339
17582 846773989
17583 203214147
17584 779112756
17585 413872530
17586 45505939
17587 9127002
17588 596984962
17589 105622962
17590 547383135
17591 232946562
17592 304033934
17593 914165132
17594 448036317
17595 456687701
17596 613873305
17597 999181632
17598 967439119
17599 791778752
17600 717222244
17601 6825399
17602 203084177
17603 646156577
17604 750879648
17605 44558033
17606 826106071
17607 440675682
17608 361380262
17609 148378037
17610 483003086
17611 816398532
17612 109230420
17613 354794559
17614 719619089
17615 328928530
17616 170205649
17617 393678728
17618 103460232
17619 461168386
17620 807272619
17621 443891900
17622 390096384
17623 202264269
17624 733863201
17625 674788149
17626 907645228
17627 221507992
17628 274322480
17629 513007641
17630 763896464
17631 231799964
17632 908254052
17633 572570293
17634 907029936
17635 556680777
17636 198734400
17637 276349759
17638 759889024
17639 503280464
17640 667203030
17641 1287426
17642 281813897
17643 537454397
17644 511226825
17645 794904846
17646 368103462
17647 748558988
17648 787046375
17649 104868680
17650 280337704
17651 316672264
17652 412268243
17653 987764531
17654 132200871
17655 491608242
17656 895687392
17657 197518326
17658 380133608
17659 539238603
17660 805469925
17661 531448695
17662 956425478
17663 690553950
17664 911935932
17665 279978920
17666 478552871
17667 287562498
17668 969527828
17669 124088947
17670 480667358
17671 973454933
17672 897548548
17673 92471785
17674 33919048
17675 877724676
17676 832303334
17677 852668180
17678 764845699
17679 214313270
17680 433010208
17681 28312544
17682 483063259
17683 428468398
17684 612831444
17685 233289663
17686 594364644
17687 86164344
17688 593252782
17689 663064957
17690 5616495
17691 609035268
17692 65824889
17693 532170657
17694 558065066
17695 918660473
17696 582169584
17697 192304814
17698 599596605
17699 91953912
17700 361296195
17701 395339561
17702 943453899
17703 634015844
17704 1267741
17705 169421046
17706 556232055
17707 853457181
17708 563645316
17709 891544531
17710 620634853
17711 96161501
17712 354410466
17713 291797573
17714 452563130
17715 122342247
17716 505033745
17717 254168911
17718 820850620
17719 412746279
17720 694257218
17721 305841996
17722 771070590
17723 94933526
17724 497812087
17725 615090944
17726 646262777
17727 423887791
17728 350636817
17729 509863721
17730 515881632
17731 256736828
17732 887472886
17733 169056895
17734 190845942
17735 850910859
17736 306708730
17737 807711204
17738 705123623
17739 145311725
17740 8447216
17741 88188710
17742 871835665
17743 480657359
17744 215102103
17745 439406969
17746 392960633
17747 537895869
17748 738473339
17749 810660030
17750 383455051
17751 252848999
17752 652565910
17753 754539088
17754 198566028
17755 184547069
17756 70364552
17757 297207417
17758 796249746
17759 716858537
17760 21354106
17761 13152532
17762 725530802
17763 389682611
17764 5428744
17765 990590797
17766 579363847
17767 255192242
17768 488835925
17769 153094746
17770 722542426
17771 279027340
17772 42727972
17773 693778482
17774 328853813
17775 752806381
17776 351078592
17777 716298131
17778 800233677
17779 56257283
17780 977135642
17781 201197662
17782 655229917
17783 785303153
17784 631882869
17785 857025955
17786 367951351
17787 795237610
17788 188615422
17789 953339956
17790 761606030
17791 34964852
17792 506082572
17793 518964123
17794 456531865
17795 410097826
17796 164506084
17797 706228276
17798 648173391
17799 764119449
17800 23425391
17801 845581653
17802 19875642
17803 134420877
17804 931599181
17805 285918644
17806 3945128
17807 949826396
17808 906169437
17809 97844494
17810 217814045
17811 466885158
17812 516135017
17813 485325622
17814 703331607
17815 178103313
17816 832778512
17817 952558920
17818 673727155
17819 825256361
17820 298180889
17821 220460709
17822 179004038
17823 437740153
17824 750852035
17825 524672177
17826 41100712
17827 575564144
17828 271765851
17829 555498323
17830 373560803
17831 530100989
17832 665116543
17833 675884715
17834 700794179
17835 719709754
17836 364040766
17837 180016990
17838 962519423
17839 350397680
17840 974120380
17841 328754435
17842 929187319
17843 707293624
17844 510564939
17845 929063256
17846 828421215
17847 982294492
17848 673828094
17849 866224273
17850 357785137
17851 478773066
17852 642035322
17853 468787963
17854 527423945
17855 222860172
17856 975975240
17857 696155021
17858 145596063
17859 579862264
17860 736587236
17861 950336187
17862 785690947
17863 38082991
17864 222415119
17865 646133278
17866 302881057
17867 946303995
17868 129189866
17869 733014334
17870 539746575
17871 843322831
17872 380945858
17873 75089756
17874 887457011
17875 444639504
17876 714310580
17877 33064729
17878 978073546
17879 709474645
17880 448124911
17881 659262272
17882 838818853
17883 254435729
17884 730215669
17885 358080274
17886 855334897
17887 686919189
17888 336212179
17889 135161745
17890 402766626
17891 715250949
17892 920357281
17893 34788740
17894 549372437
17895 490148084
17896 314927965
17897 93543396
17898 892028983
17899 38033710
17900 935413151
17901 569026605
17902 100128437
17903 725038209
17904 759530203
17905 795950935
17906 815049948
17907 412005932
17908 909317054
17909 482990756
17910 483352852
17911 691874006
17912 883989147
17913 618317520
17914 176947409
17915 92474705
17916 781221029
17917 934580945
17918 178752268
17919 996656956
17920 603128834
17921 522328324
17922 241565011
17923 399408497
17924 319290616
17925 803796375
17926 329894130
17927 380641682
17928 571397476
17929 322939995
17930 369759452
17931 212991694
17932 908365326
17933 30330330
17934 199657634
17935 524943619
17936 939312520
17937 952256214
17938 41904710
17939 31809982
17940 816001315
17941 557532787
17942 698317389
17943 605058331
17944 118950746
17945 284065442
17946 90783677
17947 443038846
17948 531585050
17949 398325502
17950 334439345
17951 961068527
17952 891484331
17953 70827944
17954 668754654
17955 686363574
17956 156245593
17957 662873540
17958 842635518
17959 984028252
17960 274418972
17961 597659397
17962 465389952
17963 203639867
17964 461957790
17965 152030080
17966 550506662
17967 559678933
17968 7751201
17969 307690295
17970 235212679
17971 227117151
17972 525259499
17973 844070238
17974 246196350
17975 415240543
17976 497575796
17977 913832445
17978 411340533
17979 868969680
17980 128829809
17981 320036876
17982 462404188
17983 780702663
17984 96578486
17985 133780177
17986 911198204
17987 486114453
17988 258050765
17989 508950031
17990 145214353
17991 424221160
17992 111001993
17993 443102027
17994 831497438
17995 758839510
17996 48920916
17997 922509020
17998 779805160
17999 76306298
18000 876699015
18001 365629548
18002 278353301
18003 895616642
18004 488242913
18005 657942189
18006 828872156
18007 142474392
18008 688930565
18009 986091247
18010 821336221
18011 826711453
18012 745660959
18013 50254874
18014 392803907
18015 841630268
18016 776193779
18017 984006674
18018 903288799
18019 445426003
18020 521300889
18021 981326954
18022 627941840
18023 136397729
18024 65446902
18025 797723817
18026 381795730
18027 98708991
18028 965367659
18029 545485342
18030 182815714
18031 151331430
18032 927953904
18033 416290770
18034 378096396
18035 515254183
18036 896018890
18037 676876213
18038 675308043
18039 668589363
18040 746589203
18041 316825561
18042 137971176
18043 845588365
18044 784477543
18045 298161820
18046 162930377
18047 242993822
18048 562154898
18049 804896571
18050 897237562
18051 348944541
18052 967625912
18053 263026455
18054 799137525
18055 290926141
18056 557727102
18057 546747646
18058 598427662
18059 671672227
18060 12711534
18061 758327463
18062 547692318
18063 491161910
18064 250444808
18065 185778760
18066 776025590
18067 18384356
18068 549986276
18069 741073407
18070 560521601
18071 246154157
18072 411154459
18073 394646009
18074 32541464
18075 175672844
18076 401367429
18077 572190253
18078 266815096
18079 177873934
18080 392934887
18081 247620955
18082 33372554
18083 672952860
18084 67642292
18085 277517124
18086 337528572
18087 256597950
18088 264122929
18089 183038418
18090 931051076
18091 716062704
18092 68135769
18093 780152547
18094 204795674
18095 822811877
18096 629174625
18097 337950978
18098 514099264
18099 324597543
18100 231848004
18101 691167426
18102 725948270
18103 378154896
18104 381725127
18105 712869614
18106 162924439
18107 511483868
18108 781054476
18109 642504050
18110 258483869
18111 882225325
18112 587861760
18113 701975308
18114 249061782
18115 23234116
18116 196606502
18117 338017290
18118 351247301
18119 832183647
18120 820340597
18121 688816935
18122 625673024
18123 71621039
18124 533464859
18125 701384930
18126 260770675
18127 761470452
18128 218735601
18129 580583472
18130 471800610
18131 62281363
18132 974617646
18133 729827301
18134 362604281
18135 833942384
18136 882164358
18137 418212952
18138 735775550
18139 790973869
18140 286465141
18141 874514629
18142 186910356
18143 339280348
18144 947779496
18145 970868366
18146 830009182
18147 939020639
18148 945507668
18149 616667000
18150 44002477
18151 471333278
18152 729609844
18153 462198805
18154 837573457
18155 309260692
18156 720676146
18157 783244656
18158 119781779
18159 983397016
18160 107435109
18161 660586288
18162 617973566
18163 131733402
18164 33389597
18165 1377430
18166 655555450
18167 382529597
18168 556654443
18169 19390658
18170 516858197
18171 195486074
18172 444355562
18173 102656648
18174 495190712
18175 705483283
18176 835720952
18177 86076132
18178 205161550
18179 180474396
18180 581769573
18181 8121919
18182 238449348
18183 218472034
18184 554360826
18185 785871027
18186 948591393
18187 661509373
18188 447810257
18189 351023021
18190 209652679
18191 66720195
18192 453541062
18193 1895340
18194 185866006
18195 421173026
18196 187218635
18197 513304337
18198 7016414
18199 710466841
18200 793509804
18201 249309442
18202 620441088
18203 735650306
18204 997171825
18205 222154570
18206 339678794
18207 887325339
18208 914646733
18209 142285385
18210 724665090
18211 355155106
18212 402428480
18213 597636852
18214 777756177
18215 911370179
18216 364167250
18217 211735358
18218 667603969
18219 961760449
18220 927505315
18221 314951049
18222 937638257
18223 727276992
18224 946026926
18225 993657403
18226 529928867
18227 902664575
18228 508803727
18229 266448603
18230 27254805
18231 781562407
18232 890000489
18233 41068
18234 956661070
18235 303213658
18236 958210561
18237 934242867
18238 537683451
18239 140840502
18240 534823576
18241 468214496
18242 733319018
18243 496545205
18244 897369427
18245 177608448
18246 708429377
18247 531977845
18248 562459789
18249 859237752
18250 133742387
18251 335516714
18252 763331000
18253 791086670
18254 586970552
18255 548177240
18256 553723865
18257 82163407
18258 273626093
18259 639294521
18260 882404666
18261 982429874
18262 863294978
18263 14182539
18264 61882875
18265 744571598
18266 38164131
18267 26114503
18268 904282371
18269 950227654
18270 970766999
18271 942937065
18272 187008159
18273 280734006
18274 817454472
18275 230120855
18276 68246276
18277 71153400
18278 992149416
18279 972466804
18280 732025351
18281 608200210
18282 407038264
18283 576313255
18284 87764569
18285 377544345
18286 893286379
18287 902785358
18288 924848475
18289 585097122
18290 244539944
18291 210591522
18292 912506917
18293 55267437
18294 973622592
18295 446284555
18296 504189277
18297 720964795
18298 636474229
18299 373957990
18300 648177624
18301 649592032
18302 289514340
18303 215735528
18304 90409163
18305 439125376
18306 493449712
18307 317240236
18308 625447976
18309 465979239
18310 130416499
18311 382326296
18312 431411992
18313 985544809
18314 795412723
18315 502611438
18316 650317401
18317 321331335
18318 527584789
18319 800285276
18320 478966576
18321 186305956
18322 680004277
18323 292196026
18324 686712685
18325 674710363
18326 206951633
18327 831906801
18328 289216651
18329 507601687
18330 137758465
18331 458140445
18332 806987992
18333 395424648
18334 872211863
18335 615511986
18336 790190870
18337 438372682
18338 63737432
18339 814794145
18340 591426627
18341 896498021
18342 67944840
18343 824345710
18344 1759562
18345 310489775
18346 844236725
18347 145135862
18348 779701107
18349 400719767
18350 550290539
18351 539857269
18352 691926512
18353 308752004
18354 741058172
18355 926817740
18356 547539002
18357 486518914
18358 322318023
18359 630732120
18360 600441216
18361 428073995
18362 361617677
18363 573202641
18364 999920655
18365 100385566
18366 2657326
18367 874062076
18368 22234601
18369 219466634
18370 14881228
18371 959034302
18372 566216734
18373 519492273
18374 871352032
18375 12733546
18376 874911882
18377 161023827
18378 75605518
18379 985769410
18380 494068402
18381 141991331
18382 787128703
18383 73889607
18384 759512120
18385 197915935
18386 454083852
18387 146620437
18388 225095700
18389 828902153
18390 558490971
18391 804993885
18392 224606881
18393 473741229
18394 491518419
18395 566531121
18396 617127752
18397 229109363
18398 861855761
18399 348049775
18400 787653266
18401 726965579
18402 278848403
18403 91058158
18404 851486413
18405 38947366
18406 456505845
18407 177177162
18408 84974130
18409 629592006
18410 809727746
18411 807898933
18412 345278392
18413 385678199
18414 261896093
18415 449124666
18416 490222779
18417 544942697
18418 67834287
18419 549009657
18420 279132280
18421 655829312
18422 204111887
18423 585617338
18424 695270057
18425 671704222
18426 999969935
18427 686370361
18428 834007482
18429 33905276
18430 664145894
18431 920609570
18432 928545193
18433 908421731
18434 779238550
18435 142788885
18436 636989695
18437 180100373
18438 82344197
18439 158990582
18440 393443699
18441 642832533
18442 242262630
18443 703079134
18444 906957180
18445 174010695
18446 96615060
18447 134659741
18448 737436979
18449 295274397
18450 402628499
18451 19811119
18452 706795060
18453 59345412
18454 657927254
18455 209861799
18456 543103958
18457 512712006
18458 336307986
18459 354199659
18460 838377713
18461 659769885
18462 127215933
18463 554440834
18464 409259500
18465 298755536
18466 703578980
18467 289859176
18468 759212023
18469 433002624
18470 879963640
18471 41274236
18472 838542947
18473 120118010
18474 887850850
18475 516099231
18476 809752879
18477 352506765
18478 292867150
18479 212754378
18480 959071823
18481 836835260
18482 761404964
18483 311642525
18484 416717877
18485 846736444
18486 200328674
18487 913775383
18488 552214704
18489 626052239
18490 308296850
18491 638974957
18492 10737927
18493 480428133
18494 350951138
18495 732905847
18496 152728644
18497 748937782
18498 196383355
18499 460799390
18500 202647051
18501 977845261
18502 857865889
18503 67932948
18504 621613949
18505 686329962
18506 141207167
18507 441642898
18508 427119867
18509 65551765
18510 129251867
18511 219053264
18512 662198724
18513 169754415
18514 311426739
18515 986423090
18516 425335247
18517 934175751
18518 916660405
18519 36980488
18520 473215246
18521 336869502
18522 669675457
18523 836073735
18524 623200793
18525 979026727
18526 989651041
18527 78553067
18528 887255554
18529 79212159
18530 39482788
18531 144185893
18532 740735301
18533 591208727
18534 973631005
18535 624860140
18536 291968019
18537 939118278
18538 380846268
18539 989130050
18540 965175463
18541 121117107
18542 857946470
18543 95818764
18544 294277383
18545 526866343
18546 718299374
18547 657975932
18548 183096418
18549 620833042
18550 787740970
18551 483307684
18552 531288186
18553 317640201
18554 879639542
18555 435099474
18556 665709973
18557 80949856
18558 954611697
18559 399407639
18560 75237768
18561 808865339
18562 443425363
18563 876474362
18564 760881095
18565 360062908
18566 361579860
18567 176967245
18568 130852702
18569 334270000
18570 807383102
18571 570110485
18572 202129204
18573 689348161
18574 194335664
18575 222027427
18576 221973331
18577 69276563
18578 237950475
18579 147074027
18580 425876069
18581 232811202
18582 749198020
18583 603004647
18584 619121865
18585 723838842
18586 258632769
18587 846713015
18588 794538183
18589 153594597
18590 14250643
18591 583055683
18592 698611063
18593 689556755
18594 320873227
18595 744942950
18596 508334590
18597 22753398
18598 145717624
18599 207756564
18600 399733753
18601 383289624
18602 353159728
18603 66308909
18604 363155708
18605 212562087
18606 68642658
18607 777394341
18608 728758919
18609 47728508
18610 160065310
18611 219986268
18612 874307921
18613 451220797
18614 871024270
18615 25371583
18616 990843727
18617 759353842
18618 507609330
18619 397544086
18620 315612360
18621 573579079
18622 888539332
18623 939390693
18624 569644242
18625 429645642
18626 351259566
18627 693155455
18628 425287456
18629 706775723
18630 917410422
18631 606398330
18632 548152933
18633 697107282
18634 97690976
18635 95871784
18636 525843064
18637 165246243
18638 568649181
18639 814587210
18640 540119773
18641 602035741
18642 959781298
18643 714151735
18644 450975529
18645 386113550
18646 707854688
18647 33232752
18648 505204330
18649 727011102
18650 594692060
18651 977593987
18652 99744317
18653 693127799
18654 815997049
18655 597446293
18656 80420167
18657 135047266
18658 436006863
18659 668536424
18660 345769255
18661 277956611
18662 23941501
18663 3570817
18664 407029684
18665 113846653
18666 424809189
18667 783529923
18668 849056791
18669 588479072
18670 656676377
18671 119174556
18672 445060749
18673 926299732
18674 14933684
18675 548114094
18676 35700764
18677 135426743
18678 790831962
18679 677921485
18680 765865155
18681 717141503
18682 287751884
18683 433688379
18684 736032090
18685 28129498
18686 129409714
18687 349381308
18688 609582530
18689 152351424
18690 436048154
18691 540215270
18692 735570544
18693 596357062
18694 280617035
18695 725184183
18696 861413599
18697 778233501
18698 529598325
18699 420852989
18700 714359835
18701 753474537
18702 636472019
18703 318587481
18704 435172107
18705 971597487
18706 436492750
18707 389298721
18708 317001561
18709 316538085
18710 926903250
18711 290330180
18712 226566514
18713 570344241
18714 986131894
18715 568352109
18716 957777625
18717 561919735
18718 806744825
18719 453177035
18720 251289359
18721 438060133
18722 735895304
18723 354507610
18724 940694610
18725 898492591
18726 727367892
18727 72077263
18728 611294043
18729 603479135
18730 99529216
18731 653353926
18732 376501713
18733 901222625
18734 432553054
18735 789425724
18736 80695234
18737 345992346
18738 671297498
18739 450493006
18740 821340346
18741 957889214
18742 411476125
18743 720795991
18744 39909975
18745 504176551
18746 112323698
18747 984748650
18748 151794890
18749 953269234
18750 810002557
18751 102357394
18752 288469992
18753 956289689
18754 290240593
18755 367139828
18756 162013172
18757 269146289
18758 52374422
18759 21151957
18760 50647858
18761 849294004
18762 782714754
18763 699387006
18764 463739161
18765 100280151
18766 522780777
18767 267784725
18768 512885050
18769 674813469
18770 26064243
18771 943186483
18772 882403373
18773 167979523
18774 571143416
18775 586476798
18776 655469086
18777 95534700
18778 431846135
18779 141678719
18780 862043768
18781 257792805
18782 364860889
18783 339078113
18784 376321852
18785 279150609
18786 8115581
18787 560691004
18788 429630424
18789 941257282
18790 973605229
18791 113112251
18792 285282765
18793 933146142
18794 253933227
18795 435550285
18796 284118827
18797 411760431
18798 91760486
18799 890668373
18800 905453876
18801 818623878
18802 814647606
18803 128830191
18804 217623550
18805 794828485
18806 173957130
18807 84135985
18808 853146984
18809 964160094
18810 783917243
18811 283921535
18812 180816474
18813 521795319
18814 794128710
18815 984268041
18816 809508745
18817 452476844
18818 612394298
18819 963597523
18820 123537880
18821 192329207
18822 56228163
18823 864211686
18824 335144272
18825 14305249
18826 430617874
18827 321233114
18828 770140749
18829 771339663
18830 907888352
18831 86492569
18832 462250458
18833 590371596
18834 105124314
18835 704756198
18836 716721194
18837 477070261
18838 63266894
18839 58140917
18840 991846448
18841 409577645
18842 940327146
18843 474151533
18844 731922002
18845 66205695
18846 527344043
18847 568213096
18848 808782298
18849 59288815
18850 999540871
18851 299513769
18852 950184170
18853 643748290
18854 687553828
18855 740712828
18856 544058905
18857 198372269
18858 408157060
18859 52973605
18860 69508065
18861 113775216
18862 441477740
18863 836886328
18864 840425039
18865 549636812
18866 102270523
18867 204910738
18868 605505185
18869 382832686
18870 768132610
18871 480463754
18872 124085276
18873 470980209
18874 858243018
18875 49738340
18876 815767947
18877 271906984
18878 636037691
18879 745215498
18880 803476843
18881 51313581
18882 230384709
18883 905861751
18884 911114182
18885 457949826
18886 561275575
18887 328644747
18888 382338326
18889 417594681
18890 505385067
18891 202216211
18892 657120762
18893 691302981
18894 308095786
18895 105390993
18896 443048185
18897 168295268
18898 903558375
18899 732836689
18900 525796787
18901 527043391
18902 221846361
18903 385392424
18904 460116527
18905 825465046
18906 862572112
18907 569051053
18908 588307148
18909 127085753
18910 368952942
18911 24652688
18912 721914456
18913 354695774
18914 223474734
18915 587336006
18916 674758510
18917 732063932
18918 928846451
18919 825915733
18920 909127572
18921 118294824
18922 66993687
18923 574228463
18924 521219838
18925 114943414
18926 163387325
18927 80413274
18928 634514127
18929 996894374
18930 908344270
18931 356230773
18932 688068902
18933 96096286
18934 474150053
18935 942308159
18936 652397868
18937 793275148
18938 114074713
18939 441697935
18940 458029000
18941 866527919
18942 938063780
18943 626102451
18944 768911498
18945 393440412
18946 291751138
18947 239772259
18948 875841873
18949 169661572
18950 776292730
18951 276939764
18952 826274167
18953 811894384
18954 382510810
18955 153097255
18956 40695878
18957 125823013
18958 171774141
18959 838386722
18960 910018262
18961 782331823
18962 977435698
18963 626231261
18964 2538711
18965 555092316
18966 660836057
18967 667122921
18968 113409388
18969 290159513
18970 215201943
18971 96425417
18972 145200014
18973 889464322
18974 119149607
18975 997124159
18976 493036112
18977 5436874
18978 919152547
18979 166045497
18980 783515408
18981 293319475
18982 550469853
18983 361099455
18984 314432358
18985 737504632
18986 396958871
18987 595184921
18988 685992009
18989 197645331
18990 815113101
18991 902241589
18992 763354952
18993 127659394
18994 510424921
18995 550954338
18996 258816861
18997 387805279
18998 897769322
18999 595783174
19000 481119956
19001 252204657
19002 645836405
19003 949349487
19004 284058801
19005 153051335
19006 559929692
19007 180252012
19008 447214511
19009 349583414
19010 629903202
19011 525321170
19012 594371295
19013 48755946
19014 362053788
19015 697681788
19016 291927843
19017 997897395
19018 259779574
19019 355888218
19020 27849043
19021 459069207
19022 303128149
19023 951199157
19024 797837238
19025 565865823
19026 182913814
19027 560958705
19028 631224208
19029 173381253
19030 371162878
19031 506033481
19032 180311690
19033 33507952
19034 607389137
19035 946257154
19036 838498642
19037 626947334
19038 914737743
19039 759258312
19040 182865874
19041 509662918
19042 967532488
19043 272947935
19044 806131137
19045 132997286
19046 37883444
19047 711752428
19048 852829711
19049 6619233
19050 107829564
19051 542433681
19052 590970908
19053 190697135
19054 596552741
19055 238859781
19056 703077535
19057 391877859
19058 694215881
19059 971738559
19060 910314038
19061 38914623
19062 267835709
19063 190270439
19064 531031744
19065 276474453
19066 50580768
19067 978679505
19068 972946616
19069 481274940
19070 76971279
19071 417824916
19072 122931637
19073 660890413
19074 138471190
19075 223492021
19076 370362425
19077 157674718
19078 917159608
19079 986252127
19080 912918489
19081 149404391
19082 853451778
19083 260624632
19084 316356059
19085 910212646
19086 931666181
19087 200853131
19088 416522859
19089 72248931
19090 612276372
19091 701123625
19092 653651739
19093 477825076
19094 143338871
19095 364511200
19096 673076643
19097 463837016
19098 482642198
19099 152797099
19100 372688206
19101 255008900
19102 33923004
19103 882363027
19104 620319316
19105 835761857
19106 577362289
19107 300645000
19108 189010740
19109 982640562
19110 366454553
19111 340018822
19112 294806087
19113 965331076
19114 121152308
19115 743548524
19116 172017348
19117 905498808
19118 900252356
19119 258062601
19120 133942738
19121 218090288
19122 511597606
19123 844736523
19124 544700953
19125 601813246
19126 83427539
19127 853955381
19128 862054549
19129 523410094
19130 792339362
19131 630725255
19132 856604401
19133 782893066
19134 88674452
19135 382013325
19136 3698989
19137 467102355
19138 110878698
19139 120093020
19140 17216850
19141 180351056
19142 175936438
19143 776612613
19144 68914114
19145 14785122
19146 309829781
19147 857433548
19148 639216871
19149 660088988
19150 560541246
19151 370411788
19152 174202978
19153 805312396
19154 940433297
19155 688826037
19156 353741270
19157 434490497
19158 382142868
19159 332231525
19160 271511050
19161 137342734
19162 39807150
19163 215061830
19164 780234366
19165 749530582
19166 113973926
19167 375376996
19168 257501141
19169 1261210
19170 660029128
19171 291317041
19172 77171651
19173 985368191
19174 369006383
19175 618773842
19176 337310322
19177 313594105
19178 98602888
19179 7370664
19180 325984264
19181 886991427
19182 107552126
19183 946343400
19184 519133958
19185 204430529
19186 286253151
19187 524128280
19188 501912699
19189 945264561
19190 260828834
19191 257183702
19192 362134181
19193 332030321
19194 834940598
19195 579396024
19196 220304572
19197 151374368
19198 166324012
19199 178528174
19200 571098346
19201 747460640
19202 667352144
19203 25918150
19204 928907562
19205 116407095
19206 810086215
19207 462740128
19208 379392383
19209 306285032
19210 209145854
19211 627224071
19212 446924457
19213 913425390
19214 6589573
19215 756383497
19216 694339527
19217 270405912
19218 471065898
19219 890333444
19220 955894230
19221 414041843
19222 160261611
19223 475379889
19224 889997957
19225 536517268
19226 323326921
19227 836125917
19228 831698198
19229 627622014
19230 194278053
19231 610190834
19232 115542632
19233 177325115
19234 676388259
19235 237043285
19236 335948012
19237 385176079
19238 838126345
19239 487905058
19240 657367904
19241 569242765
19242 778210051
19243 566739972
19244 816628434
19245 612981183
19246 342539597
19247 320921810
19248 522096995
19249 275723289
19250 736331235
19251 852077150
19252 357877021
19253 479119925
19254 579423012
19255 212472733
19256 281946820
19257 533827982
19258 3430298
19259 474665726
19260 27909847
19261 114839918
19262 246560292
19263 460598029
19264 650259115
19265 702556081
19266 336138449
19267 549225823
19268 126047631
19269 163172481
19270 955437865
19271 961364591
19272 574385088
19273 35692471
19274 613186782
19275 759272553
19276 582665968
19277 308719641
19278 568034393
19279 650866556
19280 74526433
19281 788249252
19282 496702396
19283 940304861
19284 675417765
19285 102881842
19286 848452039
19287 293702137
19288 539694893
19289 216890395
19290 505264531
19291 339314450
19292 55688037
19293 223180102
19294 219678606
19295 391994405
19296 47856702
19297 494957590
19298 240570141
19299 806292913
19300 179420087
19301 497182624
19302 719792718
19303 898637884
19304 467362844
19305 371231768
19306 869965527
19307 125107277
19308 726265346
19309 97963400
19310 152360898
19311 584325057
19312 350056118
19313 805692849
19314 15116570
19315 233933272
19316 595781858
19317 394211844
19318 11666228
19319 528250668
19320 678107125
19321 963768503
19322 582085184
19323 602925940
19324 53871848
19325 907558911
19326 558011290
19327 714298303
19328 9457140
19329 445114786
19330 743168571
19331 879901745
19332 418425949
19333 249132940
19334 975098223
19335 776162143
19336 82349778
19337 995671552
19338 722464469
19339 46571530
19340 586865400
19341 662740914
19342 653715357
19343 480962728
19344 869133179
19345 924367220
19346 264367014
19347 888272596
19348 68580210
19349 450097679
19350 914020018
19351 646409549
19352 252703479
19353 979788819
19354 760452473
19355 753855111
19356 869703603
19357 819444502
19358 727192549
19359 370366354
19360 680808246
19361 752164443
19362 73697475
19363 119230911
19364 685727656
19365 953895759
19366 415868747
19367 124764649
19368 235922860
19369 332251315
19370 126455397
19371 681761974
19372 249128023
19373 94476431
19374 754791992
19375 335081194
19376 453016206
19377 332044670
19378 626504340
19379 67724875
19380 774177807
19381 338021439
19382 38610441
19383 112514985
19384 683506499
19385 850540091
19386 713552997
19387 986032092
19388 646789228
19389 355286745
19390 686959369
19391 643139184
19392 866269045
19393 237759395
19394 691886127
19395 741893283
19396 463379119
19397 696800795
19398 212083070
19399 550777976
19400 381501811
19401 995892333
19402 475092372
19403 163233796
19404 89004823
19405 438364875
19406 753444177
19407 51556213
19408 383447815
19409 865005619
19410 495411792
19411 445877458
19412 278402362
19413 313807240
19414 939989571
19415 738595710
19416 387762811
19417 56943121
19418 964517383
19419 91585676
19420 367029703
19421 913525950
19422 361732789
19423 236786214
19424 460063045
19425 868598121
19426 410567950
19427 490823555
19428 207698827
19429 869176215
19430 771401121
19431 921778634
19432 355666324
19433 208135080
19434 923643685
19435 966817404
19436 325692453
19437 513862175
19438 676857368
19439 11453737
19440 10506054
19441 56759868
19442 472641975
19443 760736035
19444 66906656
19445 114760309
19446 934491200
19447 727390157
19448 257941543
19449 929186872
19450 409809643
19451 525396884
19452 136711704
19453 677218570
19454 812953309
19455 264573734
19456 48817102
19457 112144421
19458 387073396
19459 937105511
19460 584702093
19461 879734151
19462 785657890
19463 213308508
19464 674885748
19465 390619243
19466 281165382
19467 484271862
19468 139714874
19469 860012960
19470 506159503
19471 238182536
19472 380993901
19473 356916220
19474 529690037
19475 409766322
19476 879265787
19477 297227598
19478 461343368
19479 883450448
19480 432859437
19481 131315181
19482 736565777
19483 282168238
19484 161254283
19485 2410113
19486 753274269
19487 283834760
19488 930904157
19489 17958862
19490 409401375
19491 734613388
19492 45071587
19493 886807732
19494 783719903
19495 766214718
19496 641830372
19497 961231371
19498 8841188
19499 245091362
19500 2390850
19501 792748339
19502 195708541
19503 195087820
19504 726620595
19505 582566742
19506 448085803
19507 236987395
19508 595815440
19509 210512074
19510 24289637
19511 757261944
19512 645988631
19513 577391849
19514 823451690
19515 443506167
19516 879818010
19517 637365474
19518 403009475
19519 103763055
19520 801502353
19521 238994688
19522 898910744
19523 456871902
19524 461117774
19525 704571551
19526 737068773
19527 507139934
19528 464954155
19529 921480194
19530 801884137
19531 25680061
19532 604483607
19533 919041665
19534 129864550
19535 485397048
19536 323008951
19537 555739167
19538 430008746
19539 947690760
19540 921349575
19541 571474821
19542 64236698
19543 247408634
19544 347614547
19545 952924484
19546 226805354
19547 519984953
19548 892990675
19549 548363509
19550 923504469
19551 763549579
19552 957482663
19553 41630298
19554 301430960
19555 509837295
19556 460632369
19557 207778000
19558 347646005
19559 575336285
19560 930714950
19561 976748911
19562 330480897
19563 313354563
19564 772093320
19565 356329672
19566 739855901
19567 195407743
19568 650535963
19569 806426509
19570 263110766
19571 384216873
19572 60578458
19573 257769364
19574 937055323
19575 771816252
19576 740213462
19577 379027725
19578 103400629
19579 962155568
19580 751691099
19581 509477806
19582 553182715
19583 706753249
19584 656096971
19585 72651990
19586 144474730
19587 545677015
19588 260696268
19589 617599506
19590 738879716
19591 386407469
19592 306434240
19593 147536441
19594 392227150
19595 1241794
19596 337981148
19597 497758643
19598 26820360
19599 237083669
19600 113690823
19601 630261800
19602 382175349
19603 945611066
19604 744066023
19605 133859335
19606 824404233
19607 646137176
19608 47081274
19609 93119333
19610 257170892
19611 289774713
19612 932904367
19613 700426609
19614 932416395
19615 105348384
19616 107693809
19617 886839775
19618 809238076
19619 623850044
19620 138801376
19621 437955145
19622 530208600
19623 74717395
19624 691792990
19625 899847695
19626 648972869
19627 542609634
19628 448438201
19629 140530808
19630 931612416
19631 667826809
19632 400914898
19633 125732872
19634 283043546
19635 338874933
19636 987750418
19637 391090704
19638 953532007
19639 771013397
19640 570715365
19641 825341828
19642 20878975
19643 869915680
19644 529285316
19645 547066639
19646 765364986
19647 261005064
19648 633044215
19649 871124439
19650 288274867
19651 669161525
19652 789683873
19653 906523370
19654 310106660
19655 856619674
19656 416868482
19657 345467065
19658 54275001
19659 991878668
19660 448829912
19661 909585866
19662 991887117
19663 812561519
19664 873111426
19665 442379477
19666 37833278
19667 427062930
19668 851347233
19669 232828223
19670 601826537
19671 860257290
19672 71111929
19673 217231124
19674 82619450
19675 192459584
19676 451269005
19677 576436931
19678 834531025
19679 231126338
19680 358882799
19681 405846684
19682 818001148
19683 546655963
19684 776499885
19685 69426021
19686 524665693
19687 303459812
19688 215905163
19689 751731143
19690 597008058
19691 408847547
19692 286262849
19693 311200870
19694 698815050
19695 755749027
19696 336991145
19697 386791601
19698 488615560
19699 713690630
19700 368675941
19701 799431909
19702 401729212
19703 919651413
19704 661163852
19705 668162440
19706 580405054
19707 479521078
19708 177525057
19709 609219393
19710 821205059
19711 393905043
19712 64741201
19713 145072798
19714 865356396
19715 36453513
19716 550116125
19717 373890721
19718 565436040
19719 226078370
19720 544155363
19721 451208636
19722 839524064
19723 450070980
19724 428250022
19725 715108514
19726 797234771
19727 214072521
19728 828179774
19729 12197214
19730 667089547
19731 944982944
19732 648307028
19733 466225740
19734 737517822
19735 737357620
19736 247209131
19737 105411012
19738 243404197
19739 145089007
19740 772113808
19741 779575411
19742 131781925
19743 841114211
19744 45817613
19745 104217494
19746 560552179
19747 458861594
19748 585603848
19749 947774447
19750 720609985
19751 143525614
19752 409059805
19753 456175048
19754 375505333
19755 920893629
19756 969807907
19757 668485297
19758 49063822
19759 860628294
19760 462085707
19761 731022513
19762 351981834
19763 65320921
19764 428950095
19765 976455153
19766 345571235
19767 406928205
19768 888760390
19769 412780363
19770 513781355
19771 231245901
19772 532827168
19773 463830920
19774 984477483
19775 721082133
19776 804714331
19777 794586563
19778 469793352
19779 356843323
19780 591623286
19781 178494258
19782 675174356
19783 994628788
19784 502955392
19785 47659042
19786 128466009
19787 971441567
19788 519813717
19789 279951576
19790 372682859
19791 794876106
19792 979854999
19793 453104948
19794 531260084
19795 323571003
19796 832532390
19797 407166204
19798 988447262
19799 182778603
19800 824537989
19801 512284239
19802 134587158
19803 7424508
19804 552700577
19805 920331416
19806 885109647
19807 857016758
19808 610916307
19809 85665319
19810 599414181
19811 403599869
19812 434830253
19813 10181455
19814 686313919
19815 154016150
19816 930615856
19817 319514414
19818 279492090
19819 384824332
19820 906226449
19821 10334526
19822 312817862
19823 162341048
19824 834926406
19825 523298910
19826 606448846
19827 601669944
19828 858725047
19829 891067994
19830 568677208
19831 984663849
19832 752648652
19833 756900572
19834 123363275
19835 665056957
19836 765908742
19837 816042103
19838 921535693
19839 214552391
19840 167159260
19841 190806902
19842 350485884
19843 952967724
19844 490054015
19845 103673989
19846 272209378
19847 153415607
19848 977821103
19849 399457643
19850 34598839
19851 998997933
19852 247856152
19853 628900094
19854 369741795
19855 617322020
19856 429209292
19857 340274056
19858 578765601
19859 387262519
19860 30015774
19861 476008988
19862 228815757
19863 414299604
19864 875353085
19865 756528402
19866 505939148
19867 395928544
19868 263888760
19869 49022501
19870 987752543
19871 333234491
19872 52666617
19873 262008017
19874 956385813
19875 321731494
19876 100544196
19877 106146477
19878 419302833
19879 460898614
19880 73955473
19881 501852993
19882 985608437
19883 506074736
19884 60707431
19885 38544808
19886 451375740
19887 696763987
19888 276548079
19889 222187708
19890 834263364
19891 798129780
19892 702694221
19893 987097292
19894 403710150
19895 510232979
19896 841821298
19897 648486762
19898 788808284
19899 635094963
19900 261836923
19901 225926303
19902 384995223
19903 707767272
19904 109593721
19905 76269583
19906 38156532
19907 631114503
19908 661017176
19909 265101931
19910 145235671
19911 486443165
19912 122843823
19913 115830973
19914 642986324
19915 452967517
19916 733590451
19917 641711507
19918 114152343
19919 315668149
19920 403158200
19921 507815325
19922 539977638
19923 871753349
19924 307831171
19925 340611277
19926 894853004
19927 232208276
19928 514933871
19929 429339359
19930 32807601
19931 691861115
19932 201478912
19933 429349907
19934 373929325
19935 681697737
19936 673928875
19937 600212937
19938 745596177
19939 315905209
19940 978669673
19941 84926090
19942 485356373
19943 242787375
19944 709136621
19945 397670203
19946 405431395
19947 881566475
19948 898376725
19949 896951840
19950 237216400
19951 644023954
19952 113988853
19953 291058397
19954 260101455
19955 940436203
19956 969796636
19957 230208313
19958 70441262
19959 262738203
19960 626837113
19961 612398243
19962 297229527
19963 39202699
19964 12675057
19965 256748866
19966 840175446
19967 179562265
19968 454899709
19969 779781941
19970 404261113
19971 757873008
19972 978230646
19973 652336244
19974 10975606
19975 449029957
19976 889994872
19977 57663992
19978 117618853
19979 278603340
19980 89797845
19981 662321995
19982 612733346
19983 337299222
19984 229657322
19985 91150818
19986 34173817
19987 751631089
19988 892437528
19989 356712935
19990 9214317
19991 492739697
19992 624879938
19993 555761343
19994 584229316
19995 78246689
19996 315728640
19997 901845025
19998 201533915
19999 407925028
20000 351761630
20001 471435920
20002 748961433
20003 988556326
20004 599388525
20005 713596973
20006 106211351
20007 215219968
20008 374713898
20009 352733058
20010 932965799
20011 665769272
20012 445246668
20013 547548767
20014 530629716
20015 438324950
20016 221814924
20017 154137427
20018 746118884
20019 982045792
20020 256702118
20021 168800153
20022 896260123
20023 246770106
20024 778582304
20025 226364769
20026 747845412
20027 337368543
20028 224569193
20029 500596386
20030 810229063
20031 704689222
20032 819679398
20033 433625157
20034 605024170
20035 772840169
20036 383096044
20037 498599270
20038 903102075
20039 441862207
20040 831010311
20041 561842730
20042 706004866
20043 363870001
20044 374634788
20045 108517302
20046 777827032
20047 232360136
20048 988447671
20049 299728681
20050 876486471
20051 770395834
20052 236328783
20053 824509127
20054 236177946
20055 526891090
20056 923458796
20057 361336553
20058 536615150
20059 461221321
20060 330505441
20061 563885325
20062 308932808
20063 672679763
20064 861649880
20065 12532997
20066 857061745
20067 702339318
20068 737642319
20069 952348898
20070 266905303
20071 367528139
20072 374625001
20073 93079510
20074 370134993
20075 445314712
20076 161295491
20077 572753166
20078 198918730
20079 508821651
20080 635931678
20081 582342682
20082 151547877
20083 312432104
20084 665882998
20085 182453492
20086 523479014
20087 19177352
20088 648969151
20089 386027152
20090 746954264
20091 738967185
20092 357974940
20093 28488975
20094 566057388
20095 597874648
20096 53195692
20097 588856772
20098 84232753
20099 594393719
20100 907207814
20101 179504764
20102 778138985
20103 312098915
20104 852154800
20105 2855569
20106 380550788
20107 442333491
20108 903223750
20109 960546756
20110 127669740
20111 57278797
20112 742340469
20113 862220315
20114 805187756
20115 222602631
20116 216483390
20117 258356105
20118 459043153
20119 604182729
20120 532657680
20121 442360479
20122 871151900
20123 328531103
20124 659320014
20125 902648167
20126 147431962
20127 56137876
20128 416729350
20129 700233066
20130 934458021
20131 212598824
20132 271930409
20133 615423935
20134 289092755
20135 394286499
20136 683057132
20137 935134590
20138 2955718
20139 617332753
20140 13187084
20141 570656060
20142 784726339
20143 209236731
20144 723010693
20145 439335304
20146 621226619
20147 367875008
20148 974859796
20149 59486428
20150 213373099
20151 731043075
20152 652908204
20153 713577496
20154 767640992
20155 510632065
20156 302698000
20157 112890470
20158 526275992
20159 832529228
20160 258576763
20161 345028271
20162 990782397
20163 114071829
20164 325574881
20165 205682384
20166 629632499
20167 208417115
20168 708656156
20169 746822435
20170 182919617
20171 426351593
20172 685889017
20173 968259677
20174 330074204
20175 414006632
20176 180962394
20177 458207145
20178 602648930
20179 183057256
20180 680717168
20181 660800784
20182 791716034
20183 537376884
20184 973705756
20185 328178447
20186 436833858
20187 865508
20188 704030909
20189 908321027
20190 666551218
20191 751021843
20192 833118420
20193 767652851
20194 730673581
20195 218839541
20196 887201105
20197 503387194
20198 426530357
20199 69481706
20200 802363131
20201 651331065
20202 130952106
20203 128348525
20204 745975517
20205 567328928
20206 362874914
20207 155722429
20208 577722810
20209 128056795
20210 869183136
20211 936291066
20212 379708451
20213 748803281
20214 939660004
20215 214024387
20216 290322196
20217 94502904
20218 670749107
20219 304786864
20220 277059360
20221 313586733
20222 855492864
20223 776146890
20224 921696962
20225 110391611
20226 586762555
20227 759304634
20228 890739289
20229 697364407
20230 11811369
20231 848728566
20232 702075156
20233 594547234
20234 35304607
20235 358418495
20236 498680970
20237 731993621
20238 476939680
20239 560208159
20240 857426743
20241 285109987
20242 490832858
20243 872936360
20244 14157141
20245 846648960
20246 16584121
20247 493800223
20248 897135214
20249 381942927
20250 439142967
20251 800592852
20252 645449185
20253 799195235
20254 747147803
20255 659463294
20256 375745237
20257 756040560
20258 795991120
20259 798791146
20260 553698752
20261 109986845
20262 307666290
20263 593939721
20264 557033444
20265 374547967
20266 725880859
20267 71435936
20268 911425373
20269 34765471
20270 785482544
20271 272680731
20272 342582077
20273 850894108
20274 799386788
20275 874949831
20276 85225575
20277 781610248
20278 980458309
20279 885311466
20280 819371364
20281 567629509
20282 792033886
20283 788481277
20284 502147941
20285 474255215
20286 648202954
20287 612610702
20288 746399416
20289 676252945
20290 166445369
20291 772140361
20292 561249745
20293 199764969
20294 280924853
20295 475048261
20296 746406742
20297 193210543
20298 51712683
20299 252210209
20300 466114113
20301 813540923
20302 799509733
20303 633441954
20304 186855297
20305 220559890
20306 370592739
20307 105302907
20308 696796621
20309 733716999
20310 653859794
20311 381060709
20312 274113842
20313 162852233
20314 984919011
20315 833086960
20316 97998765
20317 769361932
20318 441208922
20319 523217126
20320 297476266
20321 752314067
20322 958275063
20323 339576059
20324 586359069
20325 453749545
20326 331710425
20327 384092540
20328 736966150
20329 608333416
20330 941816715
20331 313620492
20332 35834846
20333 375703539
20334 980150842
20335 644321988
20336 766674568
20337 429637653
20338 133680050
20339 374158602
20340 176626492
20341 697874881
20342 942668348
20343 781447861
20344 166797141
20345 676700195
20346 434856075
20347 688126447
20348 51260735
20349 540815721
20350 104257094
20351 543671853
20352 861303425
20353 364837745
20354 528195725
20355 55733660
20356 842904324
20357 179749726
20358 525882675
20359 415665096
20360 881729211
20361 738939160
20362 164771900
20363 624684968
20364 315248343
20365 932292572
20366 304225287
20367 401724862
20368 643670622
20369 173339925
20370 711359714
20371 472607744
20372 814903910
20373 876155473
20374 4269083
20375 278890916
20376 720104791
20377 974518077
20378 326536359
20379 315908506
20380 752541947
20381 492701029
20382 725270699
20383 565060124
20384 110098628
20385 956455342
20386 169965495
20387 196029804
20388 412027972
20389 888888682
20390 970414564
20391 840195652
20392 279859640
20393 622363634
20394 334441037
20395 161301057
20396 692144382
20397 654688495
20398 519459655
20399 616576845
20400 387857398
20401 538668345
20402 101154093
20403 649770316
20404 448782518
20405 395599946
20406 823432742
20407 467311475
20408 293621327
20409 18814252
20410 145078430
20411 818759923
20412 634879991
20413 739811393
20414 598547307
20415 897086234
20416 214542053
20417 61295646
20418 432022919
20419 72842953
20420 379404221
20421 145221114
20422 83530037
20423 52766096
20424 246233200
20425 328480414
20426 144166258
20427 801529708
20428 156577047
20429 814951583
20430 318434680
20431 144217863
20432 727967864
20433 138959319
20434 750178484
20435 567798934
20436 137934286
20437 98713259
20438 624188615
20439 995803711
20440 246347899
20441 339507588
20442 179296561
20443 466364937
20444 291286254
20445 90416011
20446 104101864
20447 419518763
20448 689108864
20449 863903598
20450 644431792
20451 356949563
20452 663670447
20453 246128167
20454 8809829
20455 356901621
20456 698713334
20457 978355002
20458 536564067
20459 228920110
20460 78564736
20461 394741375
20462 928433997
20463 413183146
20464 903110228
20465 828653022
20466 223931378
20467 868275729
20468 292317209
20469 467285804
20470 169294322
20471 691997542
20472 122863164
20473 543823330
20474 200615703
20475 670431935
20476 679276910
20477 853768967
20478 203099056
20479 33282238
20480 526036015
20481 557199358
20482 912657653
20483 385333001
20484 563032734
20485 237549039
20486 410474119
20487 238624632
20488 462504306
20489 3566231
20490 322819140
20491 215965316
20492 900027490
20493 29518937
20494 287414454
20495 406175806
20496 961354133
20497 863747950
20498 462086149
20499 700731453
20500 809838023
20501 427018604
20502 218765884
20503 905681934
20504 36256809
20505 295390400
20506 867103308
20507 738131400
20508 153332322
20509 906029043
20510 73583297
20511 324660508
20512 255496370
20513 482630549
20514 900653377
20515 512177564
20516 64959830
20517 208414548
20518 762907776
20519 883027670
20520 970287225
20521 977098310
20522 172427039
20523 216429259
20524 140866825
20525 48122820
20526 19188867
20527 436772329
20528 35742987
20529 735833923
20530 367642272
20531 45655407
20532 436766493
20533 994356948
20534 959220110
20535 392341157
20536 272718895
20537 198922337
20538 196918431
20539 39122474
20540 372913704
20541 316529295
20542 130262702
20543 249724105
20544 189907430
20545 772251423
20546 172935889
20547 407586734
20548 652243712
20549 591073709
20550 501628380
20551 825453273
20552 410538711
20553 355756672
20554 583349227
20555 948022878
20556 194009038
20557 331729612
20558 807341769
20559 432621888
20560 714429374
20561 551524238
20562 374726594
20563 325587538
20564 991929678
20565 886847948
20566 701893380
20567 2407942
20568 18517111
20569 484083802
20570 504647528
20571 373338490
20572 285296797
20573 637402404
20574 499605121
20575 848499780
20576 524100366
20577 659231136
20578 400957310
20579 668477270
20580 633941718
20581 224346067
20582 673128243
20583 864535604
20584 391025705
20585 13186454
20586 6640925
20587 644698540
20588 917817178
20589 870641667
20590 633036725
20591 158151477
20592 485583051
20593 135631452
20594 547235381
20595 207691872
20596 521067542
20597 289193961
20598 618101473
20599 49007080
20600 586944281
20601 782814356
20602 896656264
20603 266278101
20604 158527279
20605 538719360
20606 13049887
20607 865939147
20608 311932016
20609 28086608
20610 470751073
20611 895249735
20612 116980180
20613 922536973
20614 399120892
20615 877259557
20616 271558572
20617 11098529
20618 410572255
20619 797879407
20620 580589433
20621 574097427
20622 797842367
20623 530306917
20624 719665989
20625 104332632
20626 433286304
20627 419705591
20628 439504172
20629 570151097
20630 707742174
20631 610679277
20632 835518859
20633 450313325
20634 87717359
20635 494754418
20636 771848775
20637 723905729
20638 132860854
20639 37999958
20640 493830261
20641 82395956
20642 238357500
20643 17169485
20644 498301909
20645 316387216
20646 54166077
20647 681011359
20648 197656139
20649 467495198
20650 584105531
20651 198226243
20652 75090310
20653 201633665
20654 134818596
20655 172192262
20656 310618857
20657 291227648
20658 160786997
20659 680850794
20660 193873512
20661 893285989
20662 90374789
20663 283959704
20664 943781563
20665 124696295
20666 775686092
20667 483246261
20668 994052207
20669 624844744
20670 347417526
20671 999574684
20672 763588411
20673 344041401
20674 346735544
20675 486480369
20676 731258327
20677 206111142
20678 847585433
20679 345691738
20680 178194073
20681 362148686
20682 500931666
20683 224378322
20684 245290203
20685 223048835
20686 291026321
20687 261475505
20688 409075295
20689 160615832
20690 306774879
20691 210562558
20692 628320807
20693 243571378
20694 802490253
20695 129059553
20696 19292758
20697 68086227
20698 769070574
20699 80716137
20700 415153457
20701 909993595
20702 424454019
20703 68798947
20704 650557249
20705 324858796
20706 304376151
20707 949947963
20708 706979461
20709 375432053
20710 970983420
20711 467295555
20712 326467594
20713 77375258
20714 871960731
20715 931379485
20716 219994746
20717 629401169
20718 939108660
20719 233787828
20720 654987355
20721 102369512
20722 120755231
20723 127306221
20724 170922892
20725 368345875
20726 66949709
20727 389326066
20728 481773069
20729 887728103
20730 68451206
20731 231940113
20732 771708463
20733 901296743
20734 634605533
20735 636865811
20736 945319657
20737 357250539
20738 596161771
20739 816631417
20740 856829652
20741 795130344
20742 725132806
20743 384069759
20744 998121146
20745 941264514
20746 233602320
20747 548928334
20748 392324045
20749 167599487
20750 120638726
20751 781716227
20752 737049784
20753 165735775
20754 937238210
20755 673330325
20756 956737301
20757 712904917
20758 701622041
20759 440501663
20760 269615274
20761 531183180
20762 326234068
20763 537881568
20764 403757929
20765 182043896
20766 975978524
20767 327242352
20768 498993979
20769 553725044
20770 312472621
20771 691767914
20772 339919403
20773 381086338
20774 945034083
20775 578895420
20776 770200331
20777 446064707
20778 266129998
20779 971536678
20780 405664928
20781 429564555
20782 684828310
20783 606848966
20784 911456998
20785 86963955
20786 126173024
20787 865185599
20788 182038151
20789 989391227
20790 655100618
20791 738535564
20792 694795571
20793 901811884
20794 459587509
20795 338528426
20796 263795431
20797 581205947
20798 153443461
20799 397416806
20800 19111940
20801 898534876
20802 406405180
20803 638192513
20804 877210718
20805 864074567
20806 880354276
20807 371400491
20808 812294277
20809 140753343
20810 775160167
20811 453511367
20812 258816209
20813 718402859
20814 312577789
20815 916648100
20816 653464243
20817 648333893
20818 508708654
20819 461175081
20820 897533104
20821 633700473
20822 340121838
20823 17544596
20824 964203026
20825 553761771
20826 642314786
20827 264534926
20828 415567218
20829 488895281
20830 286242154
20831 564995605
20832 945805750
20833 63985436
20834 793741843
20835 443511906
20836 527426728
20837 454971675
20838 360904745
20839 271305297
20840 759490696
20841 840164488
20842 360994196
20843 496104531
20844 758163299
20845 421090719
20846 286995650
20847 114358166
20848 994592903
20849 154650341
20850 934566715
20851 94866181
20852 691085075
20853 127987430
20854 818428611
20855 38510708
20856 216341672
20857 210900336
20858 695481562
20859 647008902
20860 372625999
20861 877221993
20862 746086246
20863 754901100
20864 855718555
20865 240752780
20866 845360504
20867 712868912
20868 754867062
20869 983924892
20870 607174737
20871 508783438
20872 414794448
20873 855301062
20874 863169777
20875 963882248
20876 913246229
20877 966221050
20878 752697575
20879 798409991
20880 201927595
20881 190037941
20882 539969020
20883 276584355
20884 874998036
20885 51967970
20886 501535351
20887 61331670
20888 418770670
20889 495910336
20890 806767982
20891 468180076
20892 280903931
20893 468827575
20894 887492446
20895 625142884
20896 4933367
20897 330253746
20898 713591972
20899 917065192
20900 416712854
20901 950542157
20902 542756903
20903 643740913
20904 767603658
20905 390812842
20906 504585218
20907 228555573
20908 531209419
20909 379651081
20910 608867827
20911 788759000
20912 237323845
20913 347561198
20914 423939612
20915 643135779
20916 137119222
20917 846023275
20918 219789103
20919 226702723
20920 598964581
20921 163504747
20922 359286659
20923 356243782
20924 201603157
20925 653108703
20926 208149841
20927 773098406
20928 136392070
20929 525871218
20930 725500260
20931 850659310
20932 813373376
20933 911761201
20934 20702787
20935 145794435
20936 715801715
20937 459487219
20938 87073368
20939 671929953
20940 403942616
20941 376374695
20942 934904961
20943 735958628
20944 847332693
20945 820369854
20946 197213693
20947 969701599
20948 940036401
20949 211519885
20950 553914707
20951 168387694
20952 748748828
20953 863210517
20954 669100242
20955 792184277
20956 703275233
20957 312719394
20958 789169377
20959 103919148
20960 819507749
20961 558494753
20962 951508264
20963 872449874
20964 249282711
20965 332304712
20966 324986444
20967 683061337
20968 199487688
20969 657051950
20970 521098445
20971 29407211
20972 857403686
20973 779644797
20974 599172271
20975 178223493
20976 438276312
20977 875460390
20978 968293874
20979 644564061
20980 536312302
20981 938310409
20982 58654123
20983 645181815
20984 724131710
20985 621392181
20986 579368723
20987 485965700
20988 889115956
20989 219822255
20990 835368376
20991 892291604
20992 249663942
20993 743263364
20994 711741759
20995 977273326
20996 140153866
20997 922668470
20998 481966344
20999 284038634
21000 63367160
21001 92626111
21002 253990180
21003 893147357
21004 318650613
21005 100788296
21006 602037961
21007 676275985
21008 926929121
21009 392846358
21010 56044332
21011 114399927
21012 855707027
21013 193511505
21014 720195544
21015 68348524
21016 117858269
21017 347052075
21018 766707024
21019 630893849
21020 203468553
21021 811143360
21022 917348251
21023 844514480
21024 822457219
21025 861160995
21026 79384072
21027 186412366
21028 189796692
21029 8559384
21030 90967281
21031 400250909
21032 33056065
21033 831095849
21034 496326615
21035 819376018
21036 213334725
21037 852261862
21038 457696448
21039 686925339
21040 250750922
21041 276613155
21042 481853006
21043 208870510
21044 891831614
21045 692724112
21046 636440802
21047 394349683
21048 591138431
21049 407209580
21050 50516108
21051 977086559
21052 206213804
21053 473690313
21054 246909676
21055 247696207
21056 195579600
21057 548218941
21058 310951550
21059 125323019
21060 838157473
21061 597076941
21062 605329375
21063 72697987
21064 378095659
21065 832044777
21066 881778309
21067 376808586
21068 973304396
21069 697585993
21070 579173545
21071 311812919
21072 467310860
21073 174005622
21074 716506779
21075 356863372
21076 369109260
21077 548530852
21078 383886292
21079 157332398
21080 909375838
21081 689949813
21082 532759697
21083 733581707
21084 73381871
21085 929342497
21086 33963373
21087 676602862
21088 259590497
21089 547857289
21090 906644682
21091 421088206
21092 633404136
21093 161179037
21094 930253303
21095 131307740
21096 567792701
21097 158665932
21098 558451015
21099 153852752
21100 621962076
21101 469431646
21102 855456819
21103 537906149
21104 49584976
21105 962755376
21106 901431731
21107 845072504
21108 492176191
21109 542149358
21110 770772492
21111 153779888
21112 689206263
21113 220216243
21114 616092039
21115 859945477
21116 972732413
21117 12393718
21118 387943223
21119 810714915
21120 854900263
21121 51335333
21122 82790526
21123 165835183
21124 639213936
21125 439689386
21126 834805488
21127 643012267
21128 289100132
21129 123131646
21130 705476261
21131 562895233
21132 884274761
21133 685628023
21134 386162657
21135 100282240
21136 950974953
21137 747821499
21138 43615280
21139 639669956
21140 962317359
21141 871777014
21142 243056212
21143 446513192
21144 588879647
21145 312444033
21146 354158797
21147 372925124
21148 482409109
21149 455529802
21150 166242945
21151 109971803
21152 263894909
21153 799019254
21154 167382058
21155 157897959
21156 973757229
21157 779491622
21158 852499608
21159 806586832
21160 586432025
21161 302265851
21162 829370035
21163 266223805
21164 237831342
21165 373006784
21166 10341943
21167 848627448
21168 919271164
21169 963670621
21170 790698766
21171 315455790
21172 741777637
21173 192719593
21174 521352979
21175 275331856
21176 908701549
21177 834211159
21178 434231048
21179 270731115
21180 660983747
21181 227389053
21182 954352620
21183 785631925
21184 80653917
21185 392209500
21186 349751756
21187 123560199
21188 880207035
21189 860261752
21190 264195496
21191 723326426
21192 169559443
21193 572144574
21194 566524047
21195 514911872
21196 344755169
21197 448000337
21198 722516155
21199 282884317
21200 712846887
21201 444391515
21202 258292563
21203 377388785
21204 878502863
21205 456085272
21206 893655516
21207 356158668
21208 754201832
21209 321410387
21210 930784527
21211 902955371
21212 323965105
21213 354727357
21214 180956291
21215 596267043
21216 118341767
21217 558137103
21218 13822466
21219 697952049
21220 888823928
21221 670931375
21222 623863086
21223 217267345
21224 633238008
21225 46200762
21226 601309471
21227 263044632
21228 912674533
21229 416897747
21230 27413184
21231 118076500
21232 432180429
21233 906245813
21234 425020461
21235 682599945
21236 174880236
21237 567766484
21238 957749920
21239 606003905
21240 845450939
21241 537462280
21242 478877165
21243 849722123
21244 89529895
21245 503254337
21246 756383866
21247 393439731
21248 525319891
21249 621788771
21250 855169858
21251 470118680
21252 556287859
21253 778198768
21254 121486437
21255 132771686
21256 462670819
21257 661562413
21258 436301198
21259 315617802
21260 662890667
21261 459718061
21262 738972951
21263 522353316
21264 449341586
21265 386849513
21266 818658684
21267 44599774
21268 459893049
21269 770715333
21270 335639857
21271 44400538
21272 702653333
21273 913030024
21274 273142240
21275 93977553
21276 474789786
21277 104677753
21278 271994101
21279 888215519
21280 857877729
21281 416659308
21282 512519298
21283 338759333
21284 99614473
21285 580692791
21286 647612313
21287 814218875
21288 219033681
21289 860358095
21290 418067907
21291 300492043
21292 791793133
21293 92632476
21294 678078737
21295 392224172
21296 274912954
21297 945213112
21298 117797767
21299 271249764
21300 241304356
21301 851056049
21302 250681278
21303 473585581
21304 919316358
21305 72364958
21306 48041051
21307 326201501
21308 411068281
21309 73592386
21310 470739695
21311 698776843
21312 512797614
21313 265860063
21314 594611928
21315 546168128
21316 828420744
21317 719841747
21318 663823603
21319 251482402
21320 57884341
21321 155668087
21322 224637377
21323 637715316
21324 482650568
21325 32287649
21326 615044005
21327 779767466
21328 631860819
21329 379880882
21330 326171645
21331 577537201
21332 795003786
21333 474619206
21334 561986916
21335 663850318
21336 590906906
21337 890398913
21338 18659721
21339 366145144
21340 286038007
21341 880296334
21342 343163188
21343 703314262
21344 119498542
21345 128126081
21346 857377926
21347 453292133
21348 407146111
21349 255327731
21350 778694926
21351 625246174
21352 104782034
21353 763187151
21354 660679526
21355 167474991
21356 542550509
21357 352290568
21358 691546819
21359 628038193
21360 16124381
21361 679378280
21362 857869503
21363 235401924
21364 633742591
21365 962607978
21366 110707822
21367 716607512
21368 624854861
21369 373143451
21370 753450373
21371 282031845
21372 608428798
21373 884859504
21374 318184420
21375 27717567
21376 231246515
21377 730851812
21378 369113539
21379 86780431
21380 837918577
21381 663026355
21382 497986383
21383 572435422
21384 996046892
21385 136015749
21386 635340756
21387 993025115
21388 39649628
21389 390611460
21390 329443336
21391 711425465
21392 734696289
21393 662414579
21394 922262083
21395 709046040
21396 949872596
21397 455995572
21398 728772154
21399 649649897
21400 443771496
21401 216435080
21402 351539729
21403 658671960
21404 15113187
21405 633131198
21406 581641931
21407 932840742
21408 215565359
21409 316973935
21410 714251300
21411 61719072
21412 894936765
21413 349217158
21414 941895277
21415 707031342
21416 174158113
21417 194247826
21418 961215988
21419 817308409
21420 993771282
21421 443460443
21422 91813826
21423 104889916
21424 918387607
21425 247494733
21426 518044335
21427 226899742
21428 346412438
21429 986831909
21430 831052532
21431 556655
21432 219117037
21433 800998613
21434 584294006
21435 21300493
21436 201258923
21437 203458865
21438 547003657
21439 345694536
21440 328078041
21441 462623022
21442 558565174
21443 193051185
21444 102912950
21445 104219670
21446 579345329
21447 190199853
21448 685098974
21449 994598171
21450 154945651
21451 110474142
21452 758648245
21453 113045021
21454 938221344
21455 750568776
21456 900289845
21457 755355698
21458 71600064
21459 909155385
21460 441310686
21461 651768966
21462 562766763
21463 454218245
21464 162053927
21465 972955940
21466 636924933
21467 954700396
21468 425765022
21469 47892069
21470 888601305
21471 254394612
21472 96824417
21473 843336308
21474 453700250
21475 535805713
21476 320814269
21477 639218979
21478 763210601
21479 481847672
21480 959093103
21481 427493127
21482 518802706
21483 731022218
21484 975701419
21485 199051295
21486 506432125
21487 497398279
21488 206457950
21489 633583714
21490 14073884
21491 316998710
21492 171766781
21493 444537301
21494 467046998
21495 471079724
21496 291159475
21497 297921552
21498 98277824
21499 487095704
21500 470742201
21501 244099491
21502 157087508
21503 672154541
21504 287571143
21505 872567663
21506 417844994
21507 466582426
21508 975294270
21509 848492625
21510 924394449
21511 123187211
21512 55539586
21513 781679090
21514 766753619
21515 220371957
21516 182541717
21517 652794386
21518 340107831
21519 750336597
21520 992994804
21521 176134741
21522 260703685
21523 43729886
21524 215914445
21525 738196853
21526 709264468
21527 548595374
21528 768904198
21529 674749660
21530 561377220
21531 145554132
21532 897388058
21533 482332858
21534 64987765
21535 235834227
21536 170731278
21537 642500980
21538 660743949
21539 828121895
21540 247773281
21541 972230454
21542 330907092
21543 194178376
21544 151356734
21545 392664707
21546 546145673
21547 241636657
21548 24576884
21549 910044829
21550 251417364
21551 733677874
21552 635328953
21553 800380738
21554 14615319
21555 917217317
21556 278714072
21557 991823792
21558 726467163
21559 71894069
21560 623040210
21561 120899962
21562 71507174
21563 381305275
21564 164151743
21565 708174057
21566 741711589
21567 21821693
21568 586389134
21569 275742661
21570 631422140
21571 319364230
21572 520171870
21573 189948802
21574 178416641
21575 880181594
21576 864795638
21577 240094728
21578 6868951
21579 774171086
21580 905288617
21581 270739113
21582 832551678
21583 368957986
21584 760421696
21585 910767169
21586 642641971
21587 322121985
21588 883130441
21589 744836949
21590 625427691
21591 519056498
21592 764551472
21593 702750243
21594 44955785
21595 665888743
21596 892618729
21597 91930480
21598 515060574
21599 540021491
21600 489629903
21601 905096007
21602 661087606
21603 494506920
21604 2847016
21605 299537701
21606 924578781
21607 793843721
21608 319801983
21609 533179953
21610 689942646
21611 61475851
21612 392770482
21613 11502976
21614 627960224
21615 625421319
21616 515374672
21617 327568637
21618 29106650
21619 471336371
21620 327580161
21621 682382662
21622 325481052
21623 989601838
21624 745377671
21625 965183297
21626 858724338
21627 464190218
21628 48044978
21629 897629901
21630 670145644
21631 349380692
21632 797306503
21633 581661486
21634 374360242
21635 506598333
21636 299599668
21637 885950291
21638 289422345
21639 825378144
21640 339948434
21641 967716043
21642 622561458
21643 125669159
21644 993879052
21645 936885943
21646 607902284
21647 726095032
21648 123317164
21649 229993206
21650 498084262
21651 532980939
21652 995322279
21653 556571856
21654 730603322
21655 85805456
21656 326818839
21657 694489064
21658 655646765
21659 856763773
21660 382110198
21661 455406863
21662 271400323
21663 650804924
21664 490927436
21665 541070559
21666 246758603
21667 461302387
21668 777642189
21669 401277703
21670 96971255
21671 237765078
21672 514396401
21673 678987919
21674 584122469
21675 606641136
21676 691872502
21677 338773058
21678 292888036
21679 86499892
21680 26038470
21681 978861424
21682 419408367
21683 86018303
21684 150171297
21685 213721646
21686 245722025
21687 63108420
21688 232336838
21689 988955844
21690 98621916
21691 391769577
21692 936811590
21693 205825696
21694 648242241
21695 732525123
21696 974484386
21697 222578750
21698 377413041
21699 413489722
21700 216887055
21701 278495639
21702 493296522
21703 947955677
21704 417921086
21705 12349847
21706 959132575
21707 577985326
21708 192112547
21709 836009315
21710 874398691
21711 546137974
21712 836957701
21713 60240098
21714 886399145
21715 869300841
21716 486366391
21717 552839834
21718 941223028
21719 35520943
21720 903433296
21721 212877913
21722 631113082
21723 534127336
21724 433522346
21725 383138082
21726 771872018
21727 450978442
21728 761007874
21729 456501656
21730 130599016
21731 511042084
21732 522450080
21733 32833071
21734 422216315
21735 715046874
21736 515606366
21737 943760452
21738 432172425
21739 585400384
21740 157050647
21741 280401150
21742 54390097
21743 331258233
21744 185004369
21745 103932305
21746 766518029
21747 158270069
21748 419645474
21749 440426193
21750 565754675
21751 37241615
21752 1700658
21753 950295769
21754 373719226
21755 652798853
21756 778367975
21757 857745154
21758 910189608
21759 306610947
21760 866942362
21761 447759940
21762 338284882
21763 807117936
21764 158104346
21765 863440197
21766 307115369
21767 72139970
21768 212321978
21769 796470519
21770 770921923
21771 422513927
21772 681599594
21773 486734211
21774 257701297
21775 272122981
21776 451926844
21777 684058941
21778 539713824
21779 167154271
21780 45707304
21781 570582882
21782 575993739
21783 477267799
21784 943316792
21785 341486075
21786 841639478
21787 140630156
21788 426047690
21789 310644398
21790 351292868
21791 433364315
21792 521476729
21793 999869676
21794 193897114
21795 509011430
21796 866853469
21797 838483878
21798 907599319
21799 668416659
21800 252420898
21801 183825826
21802 926313336
21803 574173727
21804 956465094
21805 948646042
21806 778177685
21807 944599634
21808 718494053
21809 959545776
21810 847876017
21811 302487787
21812 649316124
21813 830452751
21814 388291367
21815 255320088
21816 586618823
21817 364543175
21818 678382846
21819 812786140
21820 278510921
21821 547626500
21822 966153565
21823 986774242
21824 997349836
21825 70242464
21826 398701151
21827 722868115
21828 381023288
21829 269938920
21830 897366362
21831 249767288
21832 346255531
21833 472765956
21834 148078812
21835 307895411
21836 405683386
21837 587209316
21838 750164400
21839 123103650
21840 379299859
21841 952954134
21842 505552648
21843 112763377
21844 520265819
21845 261918540
21846 892625780
21847 285392116
21848 382649611
21849 391685495
21850 38388647
21851 740794393
21852 972415039
21853 926569745
21854 975992158
21855 776937739
21856 290597901
21857 433051464
21858 440744550
21859 902834124
21860 509245988
21861 626621359
21862 415682303
21863 556186400
21864 670419852
21865 126260437
21866 502514320
21867 192849032
21868 259881908
21869 188652735
21870 768995498
21871 635096379
21872 295038448
21873 740334527
21874 153608994
21875 948786675
21876 270103626
21877 667567189
21878 825701940
21879 220606321
21880 354962009
21881 170479570
21882 292637314
21883 485569511
21884 343563888
21885 67221405
21886 12126596
21887 250593969
21888 467285462
21889 745111924
21890 358885138
21891 191800294
21892 567842470
21893 468722846
21894 835805081
21895 940107890
21896 167689246
21897 663521875
21898 636190766
21899 839957236
21900 199149704
21901 344297231
21902 583612166
21903 540960109
21904 644403375
21905 752722200
21906 503677987
21907 707504446
21908 5664915
21909 757163117
21910 91647675
21911 150616526
21912 916843664
21913 189482775
21914 220962248
21915 608527604
21916 651311005
21917 14385863
21918 511038640
21919 934115690
21920 908705322
21921 349730456
21922 71741940
21923 304046062
21924 44685602
21925 634378819
21926 400858155
21927 159906972
21928 384156833
21929 177714259
21930 377368291
21931 942604319
21932 503149152
21933 364679606
21934 691454862
21935 922947712
21936 12727930
21937 97862874
21938 857140801
21939 307496979
21940 286879263
21941 904099879
21942 252755165
21943 699275252
21944 634034436
21945 199250273
21946 718223553
21947 906436468
21948 88718293
21949 897521383
21950 571475845
21951 764743956
21952 807200781
21953 38478379
21954 638084566
21955 878826380
21956 25724519
21957 721187330
21958 513753336
21959 210604381
21960 901107403
21961 19974534
21962 875286930
21963 648782841
21964 70489948
21965 760051740
21966 578546910
21967 204446310
21968 17252279
21969 211683665
21970 345102758
21971 132194717
21972 91857839
21973 5872623
21974 839099872
21975 192887977
21976 107078091
21977 505531702
21978 615152680
21979 708864340
21980 996310991
21981 392452306
21982 893080889
21983 920719120
21984 574928873
21985 648111614
21986 860467687
21987 44784762
21988 399526947
21989 839877793
21990 836772349
21991 325633241
21992 857479850
21993 745651863
21994 88339358
21995 102588328
21996 621220692
21997 953479341
21998 879989349
21999 565899460
22000 624102530
22001 332226958
22002 72095625
22003 376114097
22004 205828515
22005 848602825
22006 49783588
22007 778261794
22008 15466214
22009 568548055
22010 220719211
22011 60126049
22012 222111093
22013 962169046
22014 930655575
22015 857195453
22016 625974879
22017 834739919
22018 524776713
22019 761508720
22020 148402623
22021 1175195
22022 800327816
22023 250262397
22024 980809281
22025 478602033
22026 741621790
22027 750267550
22028 480946194
22029 108683947
22030 392851293
22031 28373271
22032 678767235
22033 889412761
22034 897733869
22035 720288714
22036 986598203
22037 468099866
22038 549344142
22039 247592739
22040 610780860
22041 563305669
22042 205753293
22043 894676017
22044 920227336
22045 787528789
22046 164675381
22047 924188512
22048 16172195
22049 598092517
22050 679408437
22051 189328427
22052 416417539
22053 314936778
22054 691705443
22055 141629869
22056 328478335
22057 518084320
22058 412835521
22059 431946062
22060 791689532
22061 766563928
22062 137856440
22063 153912707
22064 860076497
22065 629295737
22066 412413711
22067 385897352
22068 677085722
22069 180913109
22070 730627867
22071 569200790
22072 820771732
22073 351029138
22074 425311200
22075 614830682
22076 379771726
22077 975525587
22078 64784304
22079 614231766
22080 825823396
22081 337116295
22082 583504270
22083 763100733
22084 53223074
22085 610914243
22086 885344833
22087 632637378
22088 606766904
22089 525910023
22090 231074603
22091 464433502
22092 320288498
22093 768133940
22094 245684540
22095 541719791
22096 67906936
22097 663648578
22098 737928426
22099 455075240
22100 446022753
22101 978602875
22102 239655641
22103 878513938
22104 947937265
22105 276817046
22106 385830804
22107 650144540
22108 206156016
22109 699121800
22110 406816944
22111 589692592
22112 366231479
22113 883524726
22114 436251452
22115 4527242
22116 200892339
22117 786005338
22118 551031619
22119 721192696
22120 666356542
22121 861643010
22122 571111363
22123 549743792
22124 212727615
22125 762539736
22126 459028393
22127 108527561
22128 701133906
22129 764761437
22130 712954054
22131 765893717
22132 412140204
22133 330008164
22134 671089293
22135 162817188
22136 367969940
22137 64144205
22138 984030317
22139 63231866
22140 721277304
22141 600117774
22142 831544815
22143 21525635
22144 239439360
22145 204936033
22146 140241535
22147 200999328
22148 828635035
22149 400953924
22150 804940922
22151 133564862
22152 623502662
22153 215504336
22154 70070635
22155 284394821
22156 188088325
22157 335607030
22158 664009089
22159 155126591
22160 450005457
22161 813567377
22162 839405231
22163 398374631
22164 950302032
22165 680692967
22166 967712422
22167 390492582
22168 349352088
22169 94311599
22170 9732547
22171 908493284
22172 520555921
22173 704270360
22174 745204422
22175 902253190
22176 854749716
22177 94894787
22178 952694311
22179 657553030
22180 99611019
22181 988072032
22182 309039648
22183 393069947
22184 392898282
22185 350184047
22186 703024697
22187 330230906
22188 875104482
22189 77020052
22190 430878603
22191 541247916
22192 704797553
22193 804816326
22194 624992457
22195 2249932
22196 774258396
22197 968120585
22198 424412839
22199 842049516
22200 829182284
22201 926068859
22202 988174346
22203 259878466
22204 665305408
22205 92396226
22206 11131110
22207 207403582
22208 120041316
22209 316714058
22210 95734206
22211 284155869
22212 905398687
22213 835168036
22214 204200156
22215 145962587
22216 915148980
22217 734864045
22218 428654908
22219 328467954
22220 712557902
22221 311234007
22222 281683552
22223 305652016
22224 171997500
22225 401355176
22226 892970248
22227 415934207
22228 789895109
22229 419087163
22230 879718849
22231 257186405
22232 989218432
22233 605272743
22234 347163923
22235 540786736
22236 130230343
22237 338157976
22238 276301802
22239 344660441
22240 72858430
22241 765236272
22242 636771224
22243 572135872
22244 587734174
22245 759787832
22246 7087366
22247 851193797
22248 302746797
22249 895527096
22250 83252918
22251 876970058
22252 596551909
22253 805800060
22254 653984407
22255 748396289
22256 443642165
22257 311631636
22258 692036341
22259 396617924
22260 524999355
22261 437770511
22262 140224410
22263 78096234
22264 720165252
22265 786552202
22266 24351809
22267 142064293
22268 732257759
22269 952781365
22270 435030196
22271 599990926
22272 5551664
22273 255049190
22274 825377992
22275 760623296
22276 31852549
22277 54970139
22278 306928688
22279 186052087
22280 488019011
22281 825419490
22282 105514404
22283 505522486
22284 73778505
22285 662559222
22286 793181646
22287 540089455
22288 143342954
22289 712388416
22290 504265760
22291 596686540
22292 413000675
22293 119720780
22294 275812068
22295 309691704
22296 414417989
22297 254896982
22298 745031171
22299 430625196
22300 736675539
22301 407362545
22302 590088743
22303 690118427
22304 285464622
22305 914317101
22306 43629980
22307 192149472
22308 384988588
22309 55659592
22310 98263129
22311 998665039
22312 639149897
22313 852459585
22314 766413909
22315 748697342
22316 665362499
22317 101084023
22318 413864884
22319 960740262
22320 219451629
22321 226705484
22322 897237909
22323 836014722
22324 907970558
22325 851173925
22326 465002188
22327 704406927
22328 111700064
22329 554054695
22330 300547366
22331 400277263
22332 487839101
22333 803930411
22334 653102946
22335 238428264
22336 54580739
22337 461033079
22338 455979323
22339 895350878
22340 746174217
22341 971909605
22342 219165448
22343 796129096
22344 465567621
22345 133429005
22346 357821942
22347 763045989
22348 940209271
22349 624151807
22350 718297012
22351 790160634
22352 359931874
22353 353458782
22354 657675507
22355 980304160
22356 240553717
22357 151817957
22358 862775979
22359 58985454
22360 737484831
22361 822139413
22362 496036387
22363 342173205
22364 871870125
22365 149469303
22366 285123286
22367 814515233
22368 940918080
22369 899913415
22370 333145015
22371 313933857
22372 85771415
22373 587449240
22374 674405759
22375 197983217
22376 453615081
22377 199207293
22378 273041623
22379 754382203
22380 354704761
22381 275362892
22382 859860063
22383 123736893
22384 433833861
22385 652736196
22386 707624247
22387 596117691
22388 825763478
22389 211612885
22390 822757751
22391 891916518
22392 295744928
22393 439677370
22394 986654485
22395 33956299
22396 118826518
22397 378841146
22398 895830298
22399 302586003
22400 813002021
22401 406933560
22402 395475329
22403 531317673
22404 623160189
22405 762941548
22406 692949030
22407 480995509
22408 887522988
22409 111634377
22410 871885557
22411 630810795
22412 30092436
22413 106911253
22414 19296486
22415 375229143
22416 221955773
22417 77881053
22418 426763124
22419 655769025
22420 365441945
22421 596933717
22422 36633610
22423 522508531
22424 169490834
22425 920990915
22426 320509997
22427 993273405
22428 131389348
22429 192159868
22430 649777096
22431 201351563
22432 164892024
22433 350196918
22434 986020198
22435 907569492
22436 346097267
22437 239048451
22438 992564559
22439 565844001
22440 576138980
22441 168837475
22442 430754321
22443 772489711
22444 357263681
22445 967411415
22446 451407150
22447 119521287
22448 995741420
22449 248903193
22450 261543272
22451 434712598
22452 655994859
22453 187860545
22454 235720776
22455 460060890
22456 51170121
22457 343442706
22458 890964828
22459 979013049
22460 599622601
22461 271083247
22462 294072750
22463 296644666
22464 65855548
22465 707260463
22466 897307638
22467 823735594
22468 564529707
22469 557352807
22470 411997435
22471 769403707
22472 15155081
22473 778580127
22474 178897167
22475 935979922
22476 952869848
22477 394388689
22478 111009649
22479 185687376
22480 379447307
22481 935409628
22482 44057206
22483 854916714
22484 567460752
22485 6619899
22486 66868288
22487 422185971
22488 773903450
22489 173788596
22490 242303611
22491 911534438
22492 60503925
22493 683026152
22494 365491636
22495 59947014
22496 541231152
22497 776954687
22498 401894855
22499 501936699
22500 66087831
22501 247728909
22502 160212916
22503 404204282
22504 301550890
22505 562396800
22506 580860931
22507 73025853
22508 797912794
22509 769214019
22510 563435610
22511 964281425
22512 147758345
22513 988013888
22514 81610482
22515 323432209
22516 609209869
22517 374906075
22518 553146101
22519 592561185
22520 305249333
22521 161342043
22522 489912307
22523 191937895
22524 619225396
22525 448684158
22526 156448269
22527 825911402
22528 262974652
22529 388255381
22530 100104743
22531 470558908
22532 619199822
22533 761145397
22534 904029609
22535 881717485
22536 994735648
22537 474754430
22538 319104725
22539 541290714
22540 899543188
22541 689538355
22542 136788819
22543 125853078
22544 961463577
22545 626166623
22546 793085739
22547 166276681
22548 581355597
22549 691670128
22550 250475503
22551 204698134
22552 645901113
22553 977314157
22554 269193947
22555 71513851
22556 267303544
22557 938667777
22558 236637055
22559 120004817
22560 307826974
22561 631830581
22562 936821484
22563 599504305
22564 396575313
22565 644195115
22566 30931674
22567 262463584
22568 571610586
22569 616809436
22570 67031452
22571 718684897
22572 425109875
22573 25934179
22574 781082954
22575 78710873
22576 121973779
22577 735595640
22578 580832087
22579 51679211
22580 784540932
22581 235293402
22582 589452611
22583 155558059
22584 804295701
22585 842134640
22586 282214464
22587 840952299
22588 616382829
22589 231261032
22590 334833602
22591 247111757
22592 884110609
22593 872424132
22594 311757306
22595 234791096
22596 268958132
22597 185133995
22598 363926063
22599 992863831
22600 207384978
22601 68775092
22602 754669756
22603 146032478
22604 285932339
22605 759919781
22606 58000206
22607 585226719
22608 137836607
22609 619498485
22610 695308707
22611 83638097
22612 794189886
22613 740911259
22614 602730113
22615 890968168
22616 892188280
22617 22485682
22618 244460187
22619 700993625
22620 256482809
22621 189349237
22622 286802283
22623 728196661
22624 322359485
22625 454976431
22626 287339633
22627 751746768
22628 344029552
22629 169017605
22630 426028872
22631 273335532
22632 700212748
22633 631513979
22634 884113932
22635 162963670
22636 36715566
22637 131190589
22638 8957290
22639 952518491
22640 887371539
22641 137861565
22642 474982992
22643 507111765
22644 959405250
22645 751790899
22646 477731503
22647 213919949
22648 453372274
22649 808963462
22650 147632262
22651 63104892
22652 397529482
22653 919405899
22654 976857002
22655 808822929
22656 86693691
22657 670605850
22658 929714644
22659 250260617
22660 578258466
22661 296270026
22662 473320963
22663 809254285
22664 140264833
22665 868977375
22666 230467096
22667 853713123
22668 460498617
22669 345920590
22670 460477948
22671 467351320
22672 635352474
22673 996815129
22674 149834215
22675 840891721
22676 597137449
22677 196780057
22678 746345994
22679 458010001
22680 303958367
22681 70897991
22682 153473371
22683 340386525
22684 83946087
22685 42472571
22686 969329199
22687 168909272
22688 14107095
22689 699649387
22690 691722859
22691 568550011
22692 74952008
22693 940166005
22694 319286165
22695 534321498
22696 976015215
22697 113005306
22698 827700176
22699 261634216
22700 980571423
22701 911224833
22702 731282027
22703 737740503
22704 273905326
22705 298182455
22706 759681450
22707 550769459
22708 53161102
22709 700884640
22710 104152163
22711 139066262
22712 955461548
22713 945514130
22714 342604
22715 527580762
22716 379260816
22717 811062473
22718 315184217
22719 630890218
22720 788823643
22721 365014571
22722 995586066
22723 877616045
22724 544729020
22725 141688019
22726 178235639
22727 840973161
22728 208031060
22729 424021348
22730 810902880
22731 938081864
22732 296862249
22733 964794743
22734 315257758
22735 751765131
22736 254842817
22737 105406189
22738 242666796
22739 65138901
22740 272046780
22741 943334728
22742 268195386
22743 377868035
22744 973802395
22745 633668255
22746 245886842
22747 265770891
22748 692869876
22749 73568372
22750 478674394
22751 762604542
22752 174339325
22753 469837055
22754 138782042
22755 635089310
22756 830339460
22757 293255974
22758 936393669
22759 56184042
22760 535141753
22761 806840889
22762 223817726
22763 57403924
22764 788572762
22765 583071524
22766 1723121
22767 144549128
22768 12399987
22769 843765689
22770 152364275
22771 138197431
22772 755556685
22773 431423751
22774 186149442
22775 448578237
22776 787219894
22777 260734593
22778 905097299
22779 866865192
22780 580943670
22781 976852990
22782 985582371
22783 539864918
22784 856348184
22785 95326823
22786 864843585
22787 513108590
22788 212420212
22789 854537409
22790 209215166
22791 69213760
22792 49978651
22793 472907076
22794 662659462
22795 462745552
22796 913386109
22797 285151218
22798 963027165
22799 670803027
22800 422774673
22801 835788906
22802 304403122
22803 387026442
22804 892759981
22805 529472662
22806 570386046
22807 229070018
22808 400361258
22809 721241931
22810 429118122
22811 614422468
22812 946551325
22813 577438659
22814 88321554
22815 391318535
22816 838867015
22817 859346828
22818 207639536
22819 979065
22820 74270303
22821 911995976
22822 665991601
22823 264746423
22824 89698065
22825 239097111
22826 515902868
22827 976966298
22828 877989170
22829 379704188
22830 455053844
22831 412878840
22832 456576000
22833 57385533
22834 340541965
22835 221992374
22836 179204657
22837 221704905
22838 400552286
22839 682629986
22840 283677804
22841 92668538
22842 553193130
22843 159222556
22844 37195333
22845 157487752
22846 649889500
22847 955070046
22848 419545168
22849 712414446
22850 343278040
22851 271358737
22852 584586628
22853 594780475
22854 259828485
22855 267508919
22856 197032145
22857 438679105
22858 899199189
22859 723563704
22860 606645235
22861 903007618
22862 798123422
22863 620802489
22864 597903620
22865 800909858
22866 168909284
22867 965113438
22868 636400835
22869 147048573
22870 434725638
22871 935398640
22872 124843209
22873 451044717
22874 50546309
22875 660844102
22876 727880990
22877 720810693
22878 153372197
22879 62559687
22880 476371114
22881 20609485
22882 688529671
22883 772720751
22884 807910112
22885 289056046
22886 194544637
22887 63628706
22888 904318278
22889 340137431
22890 649869212
22891 800465252
22892 142954704
22893 45030091
22894 254122714
22895 654996169
22896 722749835
22897 990919367
22898 987037204
22899 678648857
22900 690441071
22901 880480726
22902 774564378
22903 133664238
22904 591263844
22905 77640487
22906 935048109
22907 724517218
22908 749874240
22909 934720699
22910 247972572
22911 568464908
22912 229922037
22913 292232753
22914 491137462
22915 629501371
22916 593027781
22917 382165584
22918 912191809
22919 46879062
22920 643863021
22921 13614354
22922 177050472
22923 956547641
22924 381415482
22925 533526197
22926 823254582
22927 581236107
22928 777547374
22929 458091739
22930 58968850
22931 925536345
22932 3896646
22933 481332080
22934 323245840
22935 357274054
22936 146556034
22937 572825879
22938 517376761
22939 731249586
22940 60739749
22941 151802661
22942 628098955
22943 70305917
22944 556978058
22945 625975917
22946 986126723
22947 635352312
22948 548184269
22949 798101893
22950 752192819
22951 46246018
22952 12942392
22953 154436377
22954 508193671
22955 704282695
22956 157119051
22957 800132654
22958 936043010
22959 233703154
22960 862779114
22961 736140303
22962 778143033
22963 995915593
22964 25463216
22965 141496243
22966 179586929
22967 216578631
22968 409824257
22969 513674458
22970 880106813
22971 393995208
22972 454864717
22973 469601180
22974 882361576
22975 830542389
22976 913903843
22977 398713960
22978 273489113
22979 770459469
22980 927795234
22981 20004713
22982 164950239
22983 911624132
22984 450885260
22985 119796153
22986 583832309
22987 638396038
22988 299673674
22989 877762050
22990 269801796
22991 812394741
22992 343839685
22993 999866127
22994 690812526
22995 649648749
22996 422312940
22997 207828337
22998 778411909
22999 231258224
23000 756176614
23001 69266662
23002 762226053
23003 882247941
23004 168870133
23005 36484813
23006 883260407
23007 817236791
23008 353769336
23009 315477031
23010 244442261
23011 370275683
23012 497929394
23013 769135300
23014 272854126
23015 583237376
23016 372838552
23017 649482716
23018 469902339
23019 967194262
23020 421466090
23021 741177798
23022 151157038
23023 442229267
23024 470505144
23025 376896828
23026 100852729
23027 109310352
23028 70965774
23029 30584808
23030 528493873
23031 991023607
23032 102730466
23033 651458091
23034 867768414
23035 925807412
23036 750214344
23037 66149780
23038 718224290
23039 887983481
23040 339696808
23041 375069110
23042 315191752
23043 783302954
23044 49469116
23045 164803504
23046 734697147
23047 937312447
23048 732273571
23049 825698058
23050 429360637
23051 929682342
23052 814919149
23053 187130568
23054 205773700
23055 4203689
23056 60744057
23057 566564407
23058 594784304
23059 284211262
23060 629040901
23061 335039718
23062 376423579
23063 820127134
23064 409726000
23065 505904118
23066 191665046
23067 62299099
23068 877400630
23069 199023777
23070 869547876
23071 943581525
23072 865981626
23073 934248070
23074 638055409
23075 24669946
23076 625395342
23077 747414543
23078 488368096
23079 918537929
23080 840268634
23081 347356698
23082 923539668
23083 235119645
23084 456494824
23085 137285896
23086 254087749
23087 739447302
23088 130442459
23089 478318025
23090 428559844
23091 512313259
23092 721867166
23093 976610037
23094 583522128
23095 215438070
23096 36489866
23097 773729096
23098 304175063
23099 126285344
23100 905932301
23101 270896815
23102 569607941
23103 135551593
23104 97503431
23105 520879445
23106 995292104
23107 670429865
23108 607742195
23109 467134562
23110 15762181
23111 921699105
23112 918673526
23113 79256385
23114 190789138
23115 196037991
23116 364543958
23117 428622776
23118 140208115
23119 526153056
23120 162192289
23121 964478996
23122 678926289
23123 334555823
23124 449540071
23125 489754816
23126 901280060
23127 880129953
23128 577395979
23129 595485701
23130 486738142
23131 290877605
23132 986000429
23133 676011063
23134 122263634
23135 269983930
23136 605191897
23137 576766730
23138 158946424
23139 488787850
23140 268088019
23141 791357316
23142 157540596
23143 313106482
23144 128610
23145 987733608
23146 491628087
23147 464138741
23148 314706263
23149 964452106
23150 946111621
23151 498889311
23152 503885224
23153 538523273
23154 797497008
23155 965517368
23156 109012710
23157 969299767
23158 667826476
23159 119859781
23160 558228844
23161 584225716
23162 200860203
23163 530601978
23164 605287120
23165 766103158
23166 241934822
23167 750060396
23168 503359838
23169 759043407
23170 546531592
23171 143040472
23172 566632201
23173 668545247
23174 53195535
23175 166654334
23176 263241100
23177 151069637
23178 174562608
23179 994545127
23180 865893613
23181 38669677
23182 2252560
23183 494957681
23184 920992705
23185 125531409
23186 994132828
23187 391227889
23188 398334221
23189 454739519
23190 44835010
23191 860177645
23192 282767528
23193 911738008
23194 249822327
23195 278189060
23196 218177488
23197 937862045
23198 529104773
23199 617029050
23200 148749573
23201 713294603
23202 416102109
23203 932988045
23204 784854952
23205 122105423
23206 488455760
23207 174473667
23208 98803847
23209 5867438
23210 377462621
23211 377466933
23212 365703793
23213 149643342
23214 136948026
23215 86926527
23216 407707025
23217 70626661
23218 492824663
23219 497856554
23220 884891913
23221 250735829
23222 285133839
23223 292044886
23224 265243994
23225 180083092
23226 838730470
23227 990094105
23228 519694267
23229 362434457
23230 470323968
23231 640700192
23232 557162937
23233 215639933
23234 583035345
23235 550156122
23236 24470041
23237 625101690
23238 329164086
23239 325599109
23240 203627813
23241 492460031
23242 818105933
23243 302360301
23244 527560792
23245 185598054
23246 960595704
23247 219799940
23248 54403662
23249 259571998
23250 135016510
23251 652762399
23252 9618084
23253 518353950
23254 336128308
23255 683081045
23256 564623000
23257 305566628
23258 24821225
23259 367112565
23260 140683383
23261 774916789
23262 837051801
23263 917762709
23264 958889081
23265 670090695
23266 710548878
23267 564997909
23268 994088569
23269 633315771
23270 987553649
23271 930964187
23272 480185112
23273 347053207
23274 573889809
23275 238881491
23276 157882233
23277 803894955
23278 136416968
23279 148153755
23280 746522215
23281 753209372
23282 669920039
23283 54660313
23284 352294454
23285 241896791
23286 24904031
23287 603339617
23288 441622390
23289 692961446
23290 685784011
23291 915658416
23292 115918384
23293 10579486
23294 725080747
23295 862772348
23296 353780763
23297 191543782
23298 843428871
23299 138568584
23300 462013309
23301 773646486
23302 684323413
23303 969792465
23304 292171800
23305 959581185
23306 895071793
23307 417559434
23308 598950657
23309 751250863
23310 477528150
23311 145368990
23312 686718343
23313 975968109
23314 826369152
23315 278734374
23316 457898763
23317 166970348
23318 324690895
23319 47661162
23320 356674047
23321 322360307
23322 975506259
23323 657164139
23324 507695226
23325 357180937
23326 430427530
23327 513257249
23328 371579055
23329 787990628
23330 849031284
23331 834345644
23332 599511565
23333 250922450
23334 613743119
23335 631385239
23336 239544522
23337 346584351
23338 56156847
23339 99285373
23340 634860195
23341 899515804
23342 899542774
23343 967318
23344 614485683
23345 667315907
23346 268842764
23347 123457414
23348 96893167
23349 534246845
23350 98674851
23351 825907690
23352 706884610
23353 794245217
23354 41957226
23355 7929095
23356 748227571
23357 668654129
23358 585955856
23359 239161761
23360 949666430
23361 579275731
23362 948837158
23363 914963538
23364 579995430
23365 554246985
23366 217555170
23367 494510369
23368 445120784
23369 600522149
23370 581305180
23371 824646365
23372 867018562
23373 969339300
23374 85096890
23375 123538075
23376 939579389
23377 444383294
23378 275916663
23379 861012424
23380 792405105
23381 508345145
23382 476156193
23383 812051713
23384 292354832
23385 93012093
23386 935225251
23387 293154825
23388 538030159
23389 72805207
23390 59467590
23391 381795963
23392 126538674
23393 604190600
23394 161053140
23395 576982535
23396 862836624
23397 374320600
23398 369742229
23399 530499358
23400 691912082
23401 284475511
23402 567114600
23403 825194222
23404 605217928
23405 212325608
23406 206993501
23407 724671998
23408 466381271
23409 511240646
23410 916232913
23411 524582830
23412 467366700
23413 213964462
23414 989790380
23415 668450680
23416 34152333
23417 868076027
23418 658754014
23419 326405123
23420 22132339
23421 981299187
23422 421523870
23423 946447702
23424 460613850
23425 711892108
23426 658260571
23427 11112803
23428 614997824
23429 781083586
23430 887382633
23431 242118326
23432 184644889
23433 578616585
23434 977504483
23435 544092584
23436 782484756
23437 161625574
23438 655195620
23439 854234695
23440 178510170
23441 56313850
23442 325618144
23443 442333343
23444 883229094
23445 712179463
23446 492742853
23447 878310234
23448 871680069
23449 392912965
23450 578008259
23451 229549896
23452 794756867
23453 923609080
23454 973224593
23455 757586927
23456 173607177
23457 651337439
23458 679908406
23459 769195244
23460 247043132
23461 134332262
23462 801582139
23463 477827513
23464 390807197
23465 466294298
23466 204709719
23467 851347768
23468 962116605
23469 340519712
23470 470974037
23471 655816286
23472 145250449
23473 673216281
23474 611018900
23475 348024933
23476 193798940
23477 591894448
23478 70427913
23479 48250790
23480 664205030
23481 180454603
23482 341294878
23483 445616601
23484 925310519
23485 341383878
23486 351495866
23487 124535455
23488 513146618
23489 432582146
23490 547885065
23491 9798567
23492 358093085
23493 2047755
23494 994069941
23495 378092738
23496 903305024
23497 133416355
23498 513325741
23499 812537080
23500 410884616
23501 145854967
23502 577280107
23503 460509550
23504 216559624
23505 423230650
23506 150536334
23507 977641074
23508 774925843
23509 861987558
23510 553679685
23511 619889856
23512 959144786
23513 355674589
23514 724262450
23515 93772420
23516 73585346
23517 296055780
23518 436253462
23519 876107658
23520 989564918
23521 693481714
23522 409230902
23523 810690771
23524 836760413
23525 523332493
23526 168798476
23527 551861449
23528 140035225
23529 343078319
23530 729527598
23531 53683791
23532 919520698
23533 571806575
23534 843977335
23535 336397452
23536 879939371
23537 745117026
23538 93765459
23539 631862998
23540 435235610
23541 303421124
23542 618639604
23543 7335246
23544 1906270
23545 494169270
23546 181653622
23547 770161189
23548 678694799
23549 59141934
23550 693556124
23551 832113880
23552 439949427
23553 87785424
23554 53676037
23555 208487593
23556 513240155
23557 948664976
23558 309005831
23559 135232996
23560 105333684
23561 148034198
23562 873414535
23563 778434100
23564 987476949
23565 228985255
23566 607590686
23567 737579491
23568 792046612
23569 651422171
23570 524175661
23571 866654333
23572 203705541
23573 441600559
23574 13753189
23575 596899033
23576 117991943
23577 194534669
23578 255290912
23579 572838940
23580 347997769
23581 537075158
23582 399912383
23583 21674715
23584 790276679
23585 264366364
23586 824902097
23587 241041858
23588 823102564
23589 948821494
23590 117058399
23591 335969779
23592 530567348
23593 892034725
23594 808643701
23595 428783220
23596 873449496
23597 484381084
23598 786758775
23599 45968600
23600 690515724
23601 291443295
23602 926009659
23603 981941842
23604 337887327
23605 308357566
23606 313640598
23607 307467491
23608 115521115
23609 279126364
23610 482725625
23611 881703364
23612 782312336
23613 504830616
23614 805801616
23615 536660657
23616 402906728
23617 816708349
23618 902787698
23619 142137014
23620 657222638
23621 709557619
23622 957617588
23623 514653587
23624 871920011
23625 767380289
23626 929841591
23627 493355362
23628 19019052
23629 676038984
23630 670674386
23631 114490930
23632 852857642
23633 753441782
23634 612781180
23635 886966339
23636 977090011
23637 739226093
23638 992754083
23639 656767302
23640 690637252
23641 100796957
23642 353949861
23643 208402104
23644 212419240
23645 266477383
23646 233998190
23647 17839231
23648 780395074
23649 364036778
23650 814018765
23651 555328473
23652 219858016
23653 999416711
23654 849433091
23655 436274134
23656 121310577
23657 708518124
23658 39835815
23659 438356559
23660 817460243
23661 586447930
23662 899255481
23663 579299349
23664 511118543
23665 780029597
23666 840873058
23667 121625206
23668 440209430
23669 18669911
23670 729111685
23671 911924463
23672 383551564
23673 968548071
23674 915357727
23675 329398317
23676 792950586
23677 364537424
23678 13982414
23679 772090288
23680 68624643
23681 446648636
23682 932120244
23683 410783292
23684 786249244
23685 622935430
23686 847415570
23687 391242658
23688 317801258
23689 793501376
23690 171355329
23691 673342873
23692 966017360
23693 529283605
23694 962123020
23695 617503698
23696 697295100
23697 225027523
23698 771381435
23699 523986812
23700 661500003
23701 858741464
23702 602846187
23703 165422465
23704 418908052
23705 813169442
23706 187854416
23707 546785821
23708 265669914
23709 886537045
23710 975076816
23711 519616161
23712 386721016
23713 26442049
23714 283783233
23715 502170358
23716 703455039
23717 52358078
23718 174688911
23719 603322893
23720 538958052
23721 886410460
23722 983027690
23723 243965083
23724 734578849
23725 929894169
23726 888404475
23727 611989258
23728 42616272
23729 531643734
23730 128483760
23731 480308441
23732 122280700
23733 453311682
23734 209189501
23735 903402705
23736 742448538
23737 522727866
23738 568946397
23739 513276402
23740 889970650
23741 936677086
23742 496278698
23743 835078930
23744 637096018
23745 942732849
23746 377038601
23747 473372604
23748 353678730
23749 211451630
23750 813856290
23751 315156938
23752 381641095
23753 682813716
23754 596556951
23755 408017032
23756 447634406
23757 450967719
23758 138518836
23759 806658551
23760 633654079
23761 69900611
23762 493253988
23763 218920572
23764 620096133
23765 384709876
23766 800483952
23767 672438856
23768 289442454
23769 486607170
23770 447016545
23771 166331736
23772 139351908
23773 200161578
23774 84245581
23775 664809538
23776 664644594
23777 136217164
23778 760519540
23779 350025149
23780 316430710
23781 998201862
23782 348648063
23783 169476308
23784 182939899
23785 573184793
23786 814053374
23787 165134529
23788 818910250
23789 138880762
23790 493012105
23791 867396826
23792 234309655
23793 681670641
23794 219893306
23795 26832519
23796 487429761
23797 859300105
23798 244177545
23799 777506146
23800 781480873
23801 886187093
23802 858215670
23803 741083914
23804 215559574
23805 729981612
23806 206882616
23807 13122249
23808 547328612
23809 995562828
23810 936249680
23811 575730585
23812 23540652
23813 438545295
23814 620598930
23815 880862836
23816 600925971
23817 317903498
23818 632787452
23819 734750150
23820 724871312
23821 449627009
23822 800186401
23823 30730197
23824 811232320
23825 127234449
23826 396709280
23827 680803963
23828 990626321
23829 207419540
23830 218268158
23831 64407685
23832 736452452
23833 21847737
23834 188926085
23835 645468406
23836 140818741
23837 469400446
23838 323128415
23839 575485418
23840 115817467
23841 411901670
23842 811890111
23843 629928366
23844 228870301
23845 87861454
23846 275331549
23847 522155371
23848 727973661
23849 105533017
23850 375321527
23851 222001164
23852 997686160
23853 610457517
23854 996052199
23855 826217262
23856 642250339
23857 749069045
23858 728388929
23859 152364966
23860 870141435
23861 88512488
23862 529294850
23863 138237113
23864 778962272
23865 501521801
23866 72422387
23867 386725604
23868 557928921
23869 555051677
23870 623749318
23871 617411080
23872 711278170
23873 4913648
23874 164171407
23875 406097342
23876 780403700
23877 133319091
23878 806880031
23879 811026815
23880 914158764
23881 789804879
23882 863650457
23883 826940289
23884 578313997
23885 123030634
23886 490346466
23887 732119474
23888 941150937
23889 233144178
23890 770836565
23891 348201137
23892 474126592
23893 900867431
23894 588833384
23895 735248651
23896 191340957
23897 647615798
23898 34959123
23899 988249330
23900 357339543
23901 639159430
23902 656868930
23903 417415837
23904 444652781
23905 26021557
23906 380543970
23907 21706586
23908 263747176
23909 854115943
23910 282686554
23911 939336180
23912 273947574
23913 18047528
23914 99304267
23915 219784511
23916 462147404
23917 946914335
23918 605481759
23919 137674469
23920 447316123
23921 949764652
23922 310003167
23923 304486824
23924 62198595
23925 702099925
23926 668216213
23927 298978559
23928 745097051
23929 740021677
23930 25790894
23931 497992272
23932 224870017
23933 66853800
23934 826430915
23935 461872233
23936 659410296
23937 419761358
23938 482094932
23939 732446997
23940 962625621
23941 5140591
23942 524693029
23943 179149014
23944 94764807
23945 461538018
23946 865757390
23947 611772096
23948 434404185
23949 694727034
23950 457284592
23951 464940099
23952 249626529
23953 563230935
23954 748306255
23955 313748397
23956 763528647
23957 114464464
23958 760828985
23959 340099028
23960 509815866
23961 911811610
23962 191810193
23963 712103051
23964 345891371
23965 678604401
23966 242160052
23967 990394696
23968 31272626
23969 635756611
23970 691885005
23971 701417253
23972 264736884
23973 839040187
23974 657882383
23975 729643435
23976 448831610
23977 272073102
23978 899292570
23979 945847013
23980 324235634
23981 35524109
23982 352736584
23983 611734458
23984 527558218
23985 839476640
23986 269041206
23987 487421958
23988 427258497
23989 840072200
23990 760281432
23991 126365904
23992 851656798
23993 959697662
23994 594984164
23995 453074823
23996 346363146
23997 105596575
23998 447352608
23999 396028129
24000 726976006
24001 109802032
24002 757914480
24003 862211915
24004 100533489
24005 775813389
24006 778803788
24007 800215063
24008 484403438
24009 840343609
24010 658536711
24011 532864083
24012 4241043
24013 939097901
24014 520469753
24015 983394635
24016 705720656
24017 542455849
24018 957457061
24019 739867926
24020 348271774
24021 106581148
24022 653412320
24023 667624751
24024 292649590
24025 455659829
24026 843935233
24027 507158206
24028 650321538
24029 295571220
24030 83099381
24031 62045347
24032 480543375
24033 513292269
24034 782692602
24035 440301784
24036 136158989
24037 490837465
24038 447904358
24039 355883319
24040 536120024
24041 656064882
24042 873268444
24043 940959595
24044 80055795
24045 574039393
24046 911388421
24047 916037300
24048 196273501
24049 368785737
24050 263790101
24051 717195935
24052 745558320
24053 992754609
24054 279449390
24055 630035309
24056 64398368
24057 511919946
24058 61083035
24059 284067307
24060 497101461
24061 112777252
24062 963005454
24063 641270691
24064 478602770
24065 86383663
24066 554191225
24067 349691237
24068 280967641
24069 401538572
24070 944134589
24071 232145025
24072 608570647
24073 665058488
24074 378320422
24075 960431515
24076 538164489
24077 729976570
24078 309524447
24079 640631844
24080 520976185
24081 159888165
24082 269155320
24083 711856950
24084 306427396
24085 776576927
24086 78446615
24087 841745995
24088 115102081
24089 281272468
24090 191625556
24091 859218141
24092 812619761
24093 244191169
24094 658576232
24095 888700483
24096 133453610
24097 688177635
24098 666454186
24099 744178890
24100 538303196
24101 225475281
24102 318291640
24103 599312756
24104 406747349
24105 526079709
24106 49403834
24107 860604839
24108 145050936
24109 516278967
24110 600772994
24111 620776656
24112 232595458
24113 431765215
24114 46213901
24115 313435690
24116 314198693
24117 414261724
24118 682928808
24119 318846082
24120 791227698
24121 766313765
24122 800049762
24123 268514296
24124 963814877
24125 595130278
24126 74475508
24127 773164944
24128 280085557
24129 532217884
24130 677438557
24131 201359229
24132 89781703
24133 634151788
24134 963430595
24135 186226891
24136 7409012
24137 156922124
24138 221892933
24139 207089077
24140 604917686
24141 431311490
24142 20975429
24143 328903965
24144 525415734
24145 281090710
24146 463493113
24147 59331922
24148 281156930
24149 363564976
24150 714883950
24151 172805456
24152 661082038
24153 472442462
24154 481891227
24155 587478262
24156 172994714
24157 377671628
24158 198558658
24159 42402375
24160 420128537
24161 605030108
24162 309981321
24163 524320170
24164 551774564
24165 285664781
24166 89248764
24167 408450099
24168 914997255
24169 246429600
24170 946484096
24171 479267292
24172 950099376
24173 376582219
24174 779422476
24175 159676129
24176 666516282
24177 940190381
24178 212925838
24179 905760608
24180 209724678
24181 414899921
24182 302759123
24183 756062261
24184 492732451
24185 661222553
24186 471988649
24187 960395669
24188 687078876
24189 58867035
24190 7378976
24191 814384535
24192 589234562
24193 485394915
24194 566695500
24195 424518470
24196 610627359
24197 130014137
24198 81701548
24199 959869832
24200 496737676
24201 947039713
24202 590933596
24203 574290824
24204 900846368
24205 9282630
24206 277453094
24207 808974452
24208 593308360
24209 360567488
24210 610743378
24211 482683540
24212 2482185
24213 778983358
24214 154328954
24215 575303223
24216 205741044
24217 762493574
24218 913991740
24219 263980687
24220 347900095
24221 758374332
24222 87142766
24223 183673457
24224 844438909
24225 603744068
24226 234395067
24227 263881006
24228 974897738
24229 618728861
24230 411365515
24231 276722519
24232 655643466
24233 356294250
24234 32023252
24235 266373817
24236 57223335
24237 637377743
24238 704787901
24239 465441914
24240 705596742
24241 736384365
24242 675285527
24243 835066598
24244 58619013
24245 964555769
24246 756245257
24247 851045509
24248 940230175
24249 909814128
24250 280782209
24251 596148745
24252 612607991
24253 148399935
24254 676631466
24255 57945919
24256 945968129
24257 445685926
24258 553282752
24259 621866487
24260 209084478
24261 395644591
24262 469573676
24263 611366989
24264 512972760
24265 511462056
24266 53917929
24267 845762522
24268 197963776
24269 347837831
24270 681392809
24271 182705018
24272 121722257
24273 77153406
24274 448094941
24275 323380685
24276 159858733
24277 223147119
24278 285016585
24279 202171729
24280 763445502
24281 389665770
24282 585658935
24283 910237693
24284 535029934
24285 868928973
24286 502409888
24287 293129467
24288 538797459
24289 729974171
24290 145791534
24291 864258926
24292 85374375
24293 215611792
24294 461441910
24295 557609569
24296 51189768
24297 268389223
24298 682346319
24299 491874387
24300 953396090
24301 836743135
24302 259859845
24303 875696325
24304 57001104
24305 994037423
24306 162658189
24307 613286048
24308 986890042
24309 840843305
24310 280841222
24311 331956356
24312 362507499
24313 317417662
24314 186518774
24315 462856736
24316 590698947
24317 37835388
24318 757611183
24319 254958713
24320 999672786
24321 673871046
24322 447758344
24323 852263694
24324 813157054
24325 679717854
24326 403192489
24327 296012729
24328 873578905
24329 183134911
24330 760766547
24331 916594972
24332 388882286
24333 859574461
24334 202686468
24335 658972090
24336 167338945
24337 803144568
24338 666180327
24339 252418136
24340 172247563
24341 726296270
24342 577922082
24343 561854765
24344 501457387
24345 695430549
24346 153811106
24347 303718167
24348 282090996
24349 486666670
24350 434318276
24351 963034117
24352 41219384
24353 314255939
24354 448340467
24355 705373663
24356 656078068
24357 208123480
24358 606502997
24359 217112796
24360 887457963
24361 513464354
24362 526163344
24363 163613696
24364 964290908
24365 744933228
24366 826047027
24367 134180168
24368 144197009
24369 813637803
24370 647609227
24371 452358847
24372 612331342
24373 297249484
24374 866922360
24375 10240582
24376 91397395
24377 790670716
24378 732407529
24379 977852881
24380 808071734
24381 654442008
24382 688160414
24383 879297741
24384 933065602
24385 207031071
24386 775828401
24387 532785505
24388 599074570
24389 765849045
24390 316137654
24391 398438870
24392 169718322
24393 222894101
24394 635280172
24395 133946708
24396 582010635
24397 473737105
24398 937134681
24399 125879002
24400 243776502
24401 894546068
24402 342611363
24403 482159997
24404 359599754
24405 829342316
24406 927455941
24407 567701219
24408 665811605
24409 260003071
24410 138171489
24411 543583635
24412 252510684
24413 489003317
24414 323001976
24415 462574798
24416 750459122
24417 258683582
24418 431076425
24419 776197437
24420 78801597
24421 270052405
24422 132775179
24423 623989133
24424 31608942
24425 848016324
24426 419292641
24427 279467038
24428 466569632
24429 323156239
24430 424086154
24431 177153998
24432 361072267
24433 490097229
24434 277440067
24435 485625797
24436 310556529
24437 13047552
24438 3423717
24439 861631216
24440 157387651
24441 73318768
24442 967914044
24443 893389496
24444 867736895
24445 285550555
24446 647614705
24447 799837772
24448 165119442
24449 816031329
24450 258233138
24451 477504509
24452 892179760
24453 927231731
24454 246016479
24455 894498822
24456 433568302
24457 159373489
24458 438349691
24459 727529752
24460 812726800
24461 630480500
24462 395491566
24463 316865732
24464 608452090
24465 291361825
24466 631750756
24467 165722509
24468 360697172
24469 4994007
24470 507485547
24471 72086792
24472 753295755
24473 170400937
24474 140506988
24475 884147848
24476 221043221
24477 121906114
24478 234959452
24479 963966972
24480 292013097
24481 93176663
24482 23533090
24483 699068314
24484 459193723
24485 523549045
24486 287278331
24487 475524709
24488 237248668
24489 916369950
24490 405169813
24491 213529302
24492 9598388
24493 906367133
24494 325140420
24495 92198038
24496 216306765
24497 905848598
24498 605803337
24499 600787154
24500 401189411
24501 949058114
24502 510608562
24503 982327384
24504 369591674
24505 794540947
24506 680995498
24507 49931510
24508 832662908
24509 874231168
24510 784163665
24511 193581761
24512 899523989
24513 150746975
24514 677384993
24515 866101517
24516 538339163
24517 589583439
24518 282260441
24519 628192493
24520 165435633
24521 619838972
24522 210813107
24523 253667612
24524 471270171
24525 482283017
24526 924326478
24527 694716801
24528 756624229
24529 506605825
24530 159036085
24531 234004771
24532 9071375
24533 907310995
24534 22236946
24535 877975787
24536 988845107
24537 857949337
24538 675153607
24539 317972510
24540 483064047
24541 368636543
24542 128914441
24543 65776010
24544 81550979
24545 557516380
24546 593412944
24547 678220297
24548 283781157
24549 177026976
24550 137244668
24551 31518663
24552 849127926
24553 352715285
24554 683114445
24555 120072124
24556 799644361
24557 730681910
24558 51475512
24559 701615373
24560 789997725
24561 245964397
24562 842389871
24563 992629656
24564 825715563
24565 818903186
24566 506361426
24567 125847760
24568 240089028
24569 25365311
24570 272333644
24571 866419174
24572 201169600
24573 258567161
24574 582492868
24575 585229950
24576 627996140
24577 547262791
24578 930521120
24579 927918601
24580 86259987
24581 344116008
24582 469346067
24583 429103401
24584 323298206
24585 635030329
24586 169008542
24587 695942021
24588 675289691
24589 148218420
24590 718095453
24591 914279848
24592 197682320
24593 880640692
24594 563002341
24595 48983539
24596 445697680
24597 614024380
24598 33155537
24599 72758831
24600 152848113
24601 472556037
24602 938853953
24603 624887430
24604 836528895
24605 292372202
24606 627532128
24607 231444050
24608 836159757
24609 793644272
24610 156268160
24611 204570719
24612 223866934
24613 826759509
24614 225736634
24615 641952679
24616 297634822
24617 323455052
24618 489639095
24619 402122981
24620 826916292
24621 366425177
24622 61884905
24623 161410023
24624 733848997
24625 782336951
24626 39053095
24627 42190958
24628 838762908
24629 643805783
24630 502171538
24631 8250328
24632 977565853
24633 268822870
24634 917800937
24635 640456967
24636 301368271
24637 66521914
24638 915519460
24639 302849972
24640 835086853
24641 788069961
24642 737689237
24643 148667139
24644 531780637
24645 899727196
24646 437038423
24647 587232054
24648 536748656
24649 999085200
24650 219497779
24651 230313363
24652 710723803
24653 527878878
24654 618543956
24655 939783931
24656 415399887
24657 312910426
24658 8470643
24659 845859335
24660 933618370
24661 421627783
24662 535407300
24663 772709105
24664 384214310
24665 874559210
24666 826865868
24667 798189837
24668 957217908
24669 436252961
24670 566883701
24671 83948504
24672 10333744
24673 355576006
24674 840244174
24675 692072531
24676 21516047
24677 273220206
24678 693845601
24679 926240153
24680 118314989
24681 338231006
24682 681870418
24683 708733241
24684 620471181
24685 301441595
24686 423321047
24687 89537126
24688 872135177
24689 328554224
24690 871981051
24691 332949678
24692 672716883
24693 349244693
24694 976325585
24695 461742190
24696 694718163
24697 873262149
24698 312762865
24699 455386476
24700 413967314
24701 180029823
24702 389694493
24703 60994246
24704 43525806
24705 710916541
24706 912431818
24707 742002136
24708 988820040
24709 493140920
24710 641907691
24711 104352786
24712 776017867
24713 220926226
24714 577206832
24715 243176692
24716 165988243
24717 272131920
24718 431080572
24719 200218067
24720 767870109
24721 895396972
24722 570217219
24723 843688762
24724 130484002
24725 896582674
24726 711096820
24727 297116874
24728 974799348
24729 452986037
24730 729872826
24731 598594993
24732 17306735
24733 228052958
24734 76682160
24735 621458571
24736 786386975
24737 919172036
24738 559917164
24739 665242450
24740 746911898
24741 118748147
24742 449666889
24743 719749416
24744 859208964
24745 959237664
24746 589166704
24747 565325955
24748 246693638
24749 822394455
24750 133458795
24751 395016810
24752 672156553
24753 940415632
24754 216245070
24755 996314379
24756 96225926
24757 724343992
24758 948717358
24759 488834073
24760 196816577
24761 925091403
24762 689565997
24763 636408271
24764 700359492
24765 670146670
24766 471776669
24767 933976822
24768 604651510
24769 702415815
24770 367062063
24771 276941908
24772 624873041
24773 435288410
24774 961207982
24775 863609736
24776 703758423
24777 429057443
24778 815629440
24779 921617182
24780 210090903
24781 338571753
24782 768431299
24783 964371015
24784 965408154
24785 943520212
24786 837766054
24787 387322928
24788 234281147
24789 794397177
24790 844014131
24791 489934046
24792 777528292
24793 905963623
24794 730212417
24795 527070836
24796 714363702
24797 939531407
24798 73075000
24799 710767961
24800 226030648
24801 803275092
24802 859456517
24803 30115259
24804 663200678
24805 528985303
24806 896796241
24807 669503687
24808 35688094
24809 521529477
24810 735203007
24811 331398657
24812 299322125
24813 551874465
24814 428709956
24815 998954169
24816 670490026
24817 994628017
24818 494394514
24819 170155586
24820 624214907
24821 927545438
24822 208957396
24823 686088091
24824 383223769
24825 955571295
24826 724641588
24827 212160137
24828 884755514
24829 675772750
24830 55082427
24831 138810210
24832 870030751
24833 534510811
24834 738228011
24835 467458872
24836 446095846
24837 693952250
24838 414924574
24839 572746645
24840 86031057
24841 44261819
24842 510124681
24843 90865826
24844 210728139
24845 226107540
24846 776691148
24847 498951496
24848 639037149
24849 173348591
24850 781619282
24851 676024416
24852 150592419
24853 853219215
24854 469421034
24855 58468089
24856 927692107
24857 759776868
24858 494956086
24859 914176151
24860 966236184
24861 397049790
24862 933170544
24863 470431220
24864 556363343
24865 39541514
24866 937637449
24867 704458357
24868 345164107
24869 121950725
24870 573833297
24871 726998766
24872 989638526
24873 565372047
24874 431493562
24875 412763402
24876 311004101
24877 318786710
24878 996376323
24879 961741288
24880 334608872
24881 915105206
24882 617707811
24883 540195672
24884 370978363
24885 66982594
24886 595326984
24887 181528496
24888 842942152
24889 849625587
24890 235040885
24891 55147584
24892 58293296
24893 653110302
24894 303865221
24895 164593943
24896 615125525
24897 443675720
24898 911763606
24899 987184114
24900 284155592
24901 795943767
24902 859532746
24903 269174150
24904 982027105
24905 22888656
24906 814816529
24907 429911959
24908 478175849
24909 586234123
24910 933585936
24911 188615225
24912 23902928
24913 322000907
24914 453849346
24915 423202062
24916 345631357
24917 13165361
24918 439375847
24919 741684929
24920 637460712
24921 708752324
24922 358752955
24923 14092630
24924 509498889
24925 378265651
24926 95354715
24927 65661832
24928 196905280
24929 70436487
24930 586382778
24931 582886903
24932 768794877
24933 290864202
24934 27241821
24935 915465401
24936 264036356
24937 642540460
24938 996288255
24939 853149841
24940 843370893
24941 149645552
24942 779003163
24943 729189290
24944 594830513
24945 938708154
24946 382031317
24947 878161557
24948 675871994
24949 425153675
24950 767357418
24951 149298425
24952 883856259
24953 682874166
24954 578521264
24955 775871132
24956 532058782
24957 538230720
24958 242746338
24959 655533935
24960 186208505
24961 554018339
24962 690022279
24963 931452692
24964 781446049
24965 810406298
24966 783192968
24967 785614939
24968 382184502
24969 344257027
24970 623858636
24971 203658106
24972 906147744
24973 766858471
24974 33136740
24975 988953103
24976 71259535
24977 588832719
24978 833297130
24979 430988312
24980 105479076
24981 837934166
24982 105781943
24983 540569114
24984 341695236
24985 509666622
24986 387060595
24987 777589236
24988 252903500
24989 640104169
24990 439510242
24991 541978581
24992 6835798
24993 824742963
24994 987868693
24995 531027863
24996 737174086
24997 92730227
24998 736646194
24999 753082703
25000 819741444
25001 548010491
25002 831186265
25003 996650615
25004 12798828
25005 508823140
25006 285905944
25007 747117101
25008 403588612
25009 403489548
25010 275181350
25011 28079433
25012 741070489
25013 822883024
25014 316392060
25015 937061971
25016 837806566
25017 471995203
25018 504167609
25019 311510088
25020 837763925
25021 886585787
25022 715544250
25023 944690845
25024 499161367
25025 453265274
25026 770533334
25027 359155413
25028 706403542
25029 936998261
25030 991383125
25031 300208607
25032 225221526
25033 850268497
25034 103490552
25035 994048746
25036 382305397
25037 61490569
25038 475529732
25039 154357047
25040 950373997
25041 42163821
25042 836519945
25043 251867090
25044 722048602
25045 251593480
25046 13667350
25047 898118983
25048 101887247
25049 903488536
25050 921171423
25051 229959479
25052 911547473
25053 408418041
25054 921552624
25055 892515337
25056 699811675
25057 407434594
25058 306046618
25059 817578200
25060 559870615
25061 108324928
25062 374491670
25063 33200110
25064 471178652
25065 636549135
25066 792838772
25067 315268703
25068 879213451
25069 875755273
25070 464522855
25071 886529780
25072 779455671
25073 588834682
25074 223191510
25075 143989575
25076 933631593
25077 369816468
25078 2792121
25079 545662748
25080 712659321
25081 34968555
25082 517892261
25083 973796295
25084 676977047
25085 378900827
25086 352591753
25087 391702538
25088 306745521
25089 136570488
25090 570589353
25091 247321215
25092 483508212
25093 454652274
25094 688428684
25095 467950388
25096 209089845
25097 43477753
25098 344724859
25099 659152382
25100 741193054
25101 347457041
25102 520972289
25103 73165073
25104 388652156
25105 457354001
25106 193207082
25107 560718216
25108 839638448
25109 671768238
25110 284263207
25111 35286219
25112 880805857
25113 163123938
25114 976374842
25115 923665121
25116 680122784
25117 12431768
25118 969821086
25119 805850519
25120 136605552
25121 87832361
25122 578750803
25123 715908040
25124 670104287
25125 75563472
25126 293347040
25127 167697287
25128 130774782
25129 197497698
25130 860585964
25131 497163616
25132 179356433
25133 769484045
25134 984780649
25135 131949872
25136 418688356
25137 109806960
25138 296042814
25139 306692518
25140 460765342
25141 469508612
25142 591658956
25143 230046234
25144 847320793
25145 180257655
25146 899437553
25147 547535370
25148 433023006
25149 446991752
25150 265021038
25151 24588385
25152 435422696
25153 42938698
25154 198830075
25155 637892997
25156 228186245
25157 704649832
25158 954354483
25159 533925552
25160 155532711
25161 684656160
25162 322433926
25163 417636864
25164 603294141
25165 328986847
25166 708913435
25167 219860050
25168 703201617
25169 30244102
25170 966616773
25171 756875054
25172 247711120
25173 747614986
25174 596062996
25175 523991886
25176 903051394
25177 767043635
25178 663796043
25179 705020042
25180 899244072
25181 475419293
25182 289599205
25183 690746020
25184 17110377
25185 706999177
25186 570567834
25187 853657012
25188 464274201
25189 482361964
25190 827321326
25191 878665113
25192 130419732
25193 581025602
25194 359370988
25195 228748547
25196 528506031
25197 437787250
25198 767569791
25199 206164387
25200 377500880
25201 422304301
25202 704628949
25203 597574685
25204 230167051
25205 965562508
25206 842096173
25207 169403791
25208 348757930
25209 95287883
25210 128622516
25211 159724716
25212 876035129
25213 203309523
25214 744708709
25215 969551131
25216 149082365
25217 494544891
25218 760596642
25219 809859410
25220 668416187
25221 257394456
25222 219459350
25223 408834025
25224 663039814
25225 908766451
25226 983633004
25227 278337035
25228 499924056
25229 81974126
25230 761797163
25231 613192948
25232 802979497
25233 357345816
25234 173879924
25235 572167487
25236 481503811
25237 750320062
25238 893650194
25239 129842994
25240 713858934
25241 823791043
25242 743741552
25243 242632222
25244 866960190
25245 657363320
25246 239606520
25247 331334542
25248 162273848
25249 494161795
25250 882575507
25251 758137845
25252 444326819
25253 523033218
25254 132640329
25255 57495904
25256 143578
25257 164023471
25258 284154113
25259 247871455
25260 598128341
25261 1941780
25262 180977997
25263 948384365
25264 696020323
25265 292271371
25266 379198064
25267 925705118
25268 178190397
25269 981784922
25270 349698851
25271 559298976
25272 329244948
25273 680348938
25274 503840936
25275 837063732
25276 343646134
25277 63688508
25278 975767553
25279 484374967
25280 822433223
25281 511745484
25282 681427668
25283 448737619
25284 795930504
25285 614276632
25286 182943680
25287 585159744
25288 863647806
25289 667717545
25290 445158286
25291 78442993
25292 803849475
25293 452055446
25294 402476911
25295 635754108
25296 544001940
25297 134874489
25298 688866133
25299 764529820
25300 743688151
25301 701061792
25302 87020455
25303 878732369
25304 978648411
25305 23275350
25306 452054491
25307 881920780
25308 676206915
25309 411070348
25310 878329687
25311 611780209
25312 269302119
25313 273134202
25314 247983925
25315 924257715
25316 402504009
25317 445362827
25318 75145671
25319 356086524
25320 914605989
25321 955428446
25322 475827133
25323 735718942
25324 278148580
25325 163230127
25326 639188586
25327 796326179
25328 489667158
25329 713231736
25330 535288219
25331 575024046
25332 128373017
25333 560626424
25334 861621580
25335 273516540
25336 671686253
25337 108680624
25338 424047864
25339 714381714
25340 449231946
25341 531221634
25342 456655036
25343 243743928
25344 39692139
25345 302448229
25346 99235828
25347 667122527
25348 386252668
25349 352209534
25350 364604966
25351 412695086
25352 318217104
25353 900404797
25354 67125388
25355 765350432
25356 723564249
25357 662552737
25358 675259273
25359 863796195
25360 803972674
25361 472191915
25362 462892431
25363 250395037
25364 607275048
25365 758567373
25366 905911607
25367 233929915
25368 656275616
25369 960991600
25370 635428383
25371 391942562
25372 458747183
25373 362658601
25374 545721189
25375 233963536
25376 119580525
25377 983659061
25378 377366501
25379 324350867
25380 880866941
25381 763037558
25382 329522498
25383 746553921
25384 864859108
25385 285902165
25386 239979333
25387 426729079
25388 895227346
25389 847074980
25390 16439600
25391 61219716
25392 947831312
25393 7330
25394 310969753
25395 256338272
25396 748951038
25397 813606300
25398 916386686
25399 507645919
25400 660817305
25401 394627020
25402 658379546
25403 144880797
25404 775758608
25405 426669782
25406 562743112
25407 169330263
25408 822857644
25409 809646760
25410 185167749
25411 466379666
25412 694653450
25413 193749037
25414 903450392
25415 699788101
25416 950679551
25417 349290645
25418 607439611
25419 956341802
25420 592425631
25421 515576327
25422 241267210
25423 17289594
25424 480964962
25425 806380877
25426 968841570
25427 29427874
25428 311008175
25429 516722334
25430 717805814
25431 983527605
25432 53361450
25433 847604195
25434 754203021
25435 613331885
25436 358159923
25437 132007616
25438 552053622
25439 690454415
25440 263627610
25441 266300649
25442 150522394
25443 964883474
25444 197197774
25445 250982113
25446 369950139
25447 315968421
25448 637734578
25449 875902695
25450 768448220
25451 504470865
25452 480327473
25453 823669261
25454 728092340
25455 195402933
25456 29580960
25457 67444149
25458 616284700
25459 185861924
25460 94013716
25461 15768071
25462 51780959
25463 886359142
25464 633526144
25465 369076522
25466 337782517
25467 206324309
25468 141454167
25469 287717103
25470 206590667
25471 401267058
25472 62885688
25473 657491362
25474 620826089
25475 695173650
25476 40844848
25477 344882697
25478 320541928
25479 233915691
25480 888500056
25481 33363768
25482 897771700
25483 394284330
25484 746265273
25485 20670199
25486 817809068
25487 365571456
25488 387668081
25489 860510291
25490 297522084
25491 821916549
25492 607946533
25493 156313357
25494 647401043
25495 595657854
25496 524972655
25497 893252672
25498 725980784
25499 166584468
25500 574491565
25501 158295181
25502 518105026
25503 240812448
25504 196442478
25505 179677737
25506 145954007
25507 101893732
25508 834765203
25509 587631178
25510 908663015
25511 347484752
25512 259679433
25513 777010090
25514 228597920
25515 930900387
25516 899588173
25517 294724656
25518 839219195
25519 786560087
25520 220212067
25521 151622096
25522 580581253
25523 636321543
25524 340829469
25525 270427138
25526 102407710
25527 342415338
25528 37920061
25529 687916251
25530 903781761
25531 890292311
25532 133548025
25533 311868010
25534 364357837
25535 591347601
25536 752770809
25537 51071483
25538 59453079
25539 888280388
25540 1433755
25541 844814286
25542 664034141
25543 295995027
25544 689983282
25545 249877211
25546 775314088
25547 586400878
25548 704919646
25549 55023794
25550 432502638
25551 477150066
25552 546373292
25553 725403474
25554 872223216
25555 502897633
25556 787148511
25557 978199210
25558 702735504
25559 839327006
25560 157818603
25561 419661973
25562 899140128
25563 426511956
25564 100916009
25565 290570690
25566 263798853
25567 348825887
25568 430160391
25569 379088405
25570 257243202
25571 422466307
25572 625114300
25573 771708660
25574 119209122
25575 365794207
25576 758919683
25577 326216181
25578 120086956
25579 273865324
25580 879945435
25581 211634762
25582 904688289
25583 149572182
25584 336282739
25585 75304328
25586 879354189
25587 244316312
25588 183360775
25589 686979113
25590 444960151
25591 766870202
25592 876491949
25593 696203453
25594 472451247
25595 702853086
25596 707238748
25597 503184201
25598 360383936
25599 794509166
25600 149398832
25601 963266122
25602 803313278
25603 578139653
25604 768636443
25605 406263705
25606 378793470
25607 900709457
25608 337606260
25609 86194051
25610 328294419
25611 314566821
25612 843711410
25613 591310670
25614 24642431
25615 203355198
25616 53453044
25617 276850482
25618 151053617
25619 508426725
25620 710268772
25621 500185095
25622 435897236
25623 692275870
25624 211403815
25625 724668310
25626 971327274
25627 795539608
25628 619061175
25629 166276537
25630 562758642
25631 340922024
25632 663187298
25633 843247494
25634 331706571
25635 841440238
25636 561252875
25637 566471979
25638 883239541
25639 793060220
25640 476650632
25641 726822229
25642 396236113
25643 157454424
25644 586285211
25645 917064793
25646 535325694
25647 784025164
25648 645317943
25649 814744051
25650 219014193
25651 970536003
25652 110578506
25653 496148294
25654 593621556
25655 331898076
25656 681140798
25657 829212605
25658 447483432
25659 150573996
25660 658016767
25661 240338517
25662 648534898
25663 291636556
25664 424530994
25665 260105943
25666 8385933
25667 217007434
25668 601622092
25669 857820669
25670 873153576
25671 406231640
25672 686286619
25673 386763593
25674 246170773
25675 741223449
25676 610944284
25677 965222521
25678 609442593
25679 515498222
25680 806222486
25681 626707660
25682 564457876
25683 290509857
25684 459968268
25685 722322088
25686 211413251
25687 582800960
25688 899984672
25689 613331162
25690 442539513
25691 309318354
25692 575476629
25693 742140706
25694 377736811
25695 75104834
25696 440324810
25697 525864305
25698 72988037
25699 621177350
25700 606328860
25701 267561428
25702 692257698
25703 268863567
25704 969234262
25705 795753611
25706 117842688
25707 357680958
25708 167220835
25709 103408027
25710 597917181
25711 912872327
25712 840958995
25713 376247427
25714 186968646
25715 752691496
25716 328643631
25717 839777365
25718 797742718
25719 318809515
25720 108063355
25721 903579227
25722 730045654
25723 812008667
25724 768023832
25725 608853885
25726 288815057
25727 684195415
25728 222949792
25729 648355377
25730 311762030
25731 540929334
25732 938714638
25733 488878009
25734 840008181
25735 449493352
25736 76417205
25737 622490435
25738 521528238
25739 251588125
25740 80370283
25741 844077310
25742 721198053
25743 119292019
25744 777684228
25745 129028280
25746 411130744
25747 300891495
25748 212601128
25749 933049262
25750 843121140
25751 730144858
25752 997294585
25753 751352650
25754 604909672
25755 773121602
25756 182614305
25757 222776220
25758 25455700
25759 535653229
25760 193037304
25761 360310921
25762 975664801
25763 645340107
25764 314655276
25765 752500859
25766 503220656
25767 585394182
25768 892123447
25769 807171979
25770 346739382
25771 133897452
25772 758180475
25773 23375319
25774 74654317
25775 197838292
25776 36533972
25777 947433483
25778 916186305
25779 286139608
25780 382617973
25781 448262762
25782 686667021
25783 266221154
25784 593756041
25785 734543513
25786 502846989
25787 18375462
25788 413560778
25789 470278477
25790 984732026
25791 136247098
25792 944758404
25793 228040372
25794 478598042
25795 58337407
25796 576085444
25797 165957543
25798 977983735
25799 170630687
25800 447391245
25801 399683425
25802 887206510
25803 483399402
25804 189882458
25805 393684484
25806 710955288
25807 586563936
25808 83724779
25809 676356631
25810 616726566
25811 294518772
25812 820302032
25813 710195901
25814 791949330
25815 795393594
25816 277851253
25817 609077365
25818 362299303
25819 756816864
25820 597514512
25821 245873984
25822 271425477
25823 149782428
25824 920359180
25825 690128152
25826 798681365
25827 703571311
25828 103441373
25829 842567692
25830 868511636
25831 991067074
25832 727207679
25833 371286614
25834 899158307
25835 192656764
25836 743528056
25837 222469036
25838 993827576
25839 977389001
25840 91191675
25841 210792351
25842 166368335
25843 39208207
25844 783832411
25845 576991335
25846 127457896
25847 265254629
25848 223853396
25849 485277572
25850 682787688
25851 395554909
25852 577608726
25853 839937988
25854 408903904
25855 614246536
25856 607733071
25857 858138093
25858 459193442
25859 712561591
25860 735788130
25861 496747044
25862 693671525
25863 787859837
25864 953284231
25865 172574918
25866 358283122
25867 739607639
25868 699761830
25869 51309863
25870 158742794
25871 836737987
25872 651490246
25873 825204856
25874 387240645
25875 912255074
25876 983251898
25877 47067991
25878 659065892
25879 518812636
25880 30581686
25881 11936346
25882 15103082
25883 224264712
25884 437799207
25885 204957825
25886 519293506
25887 448508455
25888 251851404
25889 842256955
25890 216556480
25891 441030248
25892 470112328
25893 170085811
25894 607422400
25895 764194006
25896 883474034
25897 352810312
25898 107904538
25899 584125374
25900 787616879
25901 871466282
25902 976036936
25903 156442498
25904 438498196
25905 524312004
25906 228717807
25907 794284782
25908 616568710
25909 764485844
25910 503914288
25911 882237272
25912 113336695
25913 418916964
25914 853782559
25915 967180538
25916 424545650
25917 506948334
25918 382049279
25919 342494973
25920 98659781
25921 283258965
25922 737966590
25923 96036142
25924 645575916
25925 232873910
25926 938034226
25927 116039722
25928 28247797
25929 211164433
25930 818817949
25931 714876931
25932 330616128
25933 945512727
25934 821997002
25935 471144859
25936 45386455
25937 397117064
25938 451713069
25939 816562453
25940 409951528
25941 782145964
25942 91030477
25943 954782661
25944 368961275
25945 782200591
25946 238601598
25947 776889411
25948 300149027
25949 934088344
25950 521198153
25951 867107742
25952 40329224
25953 115698902
25954 971391037
25955 862976305
25956 550986302
25957 26790801
25958 306855439
25959 434543754
25960 542365882
25961 265225821
25962 373550250
25963 954939052
25964 743418920
25965 589357721
25966 467096371
25967 167039291
25968 434137730
25969 556065968
25970 301861563
25971 943925560
25972 738128319
25973 451368957
25974 117555021
25975 558228329
25976 923560544
25977 433405184
25978 534051468
25979 465186537
25980 983688198
25981 851657114
25982 799874309
25983 960467415
25984 974880523
25985 835432972
25986 577869900
25987 19696867
25988 83164482
25989 173820508
25990 665153826
25991 494378006
25992 989002698
25993 549872849
25994 871666342
25995 502417519
25996 959472506
25997 208396438
25998 849962353
25999 542725807
26000 366688819
26001 767337854
26002 616554153
26003 954140741
26004 392989277
26005 859729190
26006 378981104
26007 306514937
26008 808921028
26009 485921946
26010 737342039
26011 789187970
26012 176741009
26013 918534127
26014 462507406
26015 317174648
26016 778320430
26017 7472356
26018 577028446
26019 135666548
26020 551160302
26021 101419067
26022 341764147
26023 795553378
26024 829565234
26025 535173945
26026 940744333
26027 663907770
26028 402503761
26029 14086750
26030 101878889
26031 589648898
26032 388373412
26033 325149341
26034 294558302
26035 102603052
26036 776911920
26037 814566741
26038 761713662
26039 398579480
26040 275796783
26041 135318967
26042 470360173
26043 837254103
26044 840395025
26045 103798528
26046 103687267
26047 988267775
26048 588596298
26049 223471454
26050 998988263
26051 654796673
26052 76140866
26053 724017178
26054 974186668
26055 282969914
26056 366042100
26057 183600773
26058 79616015
26059 352495256
26060 181111734
26061 364178745
26062 130595319
26063 881412547
26064 842785277
26065 935010844
26066 569926434
26067 889748972
26068 284129380
26069 646897956
26070 547398177
26071 123280158
26072 248730936
26073 501463227
26074 473488020
26075 496058035
26076 528577988
26077 272023969
26078 106467366
26079 270678421
26080 170517711
26081 599421996
26082 385093217
26083 484683138
26084 665461595
26085 857536456
26086 329711396
26087 678099120
26088 67706280
26089 71251913
26090 653171391
26091 253515550
26092 417187826
26093 791952153
26094 2487446
26095 903648006
26096 637450002
26097 901502494
26098 339283992
26099 480757860
26100 827129840
26101 302534764
26102 595282376
26103 750596273
26104 540152606
26105 440847409
26106 465622874
26107 659701213
26108 930362613
26109 274649653
26110 527815969
26111 329465475
26112 205965595
26113 976973412
26114 477283574
26115 666458528
26116 337163481
26117 92234283
26118 904753456
26119 347117381
26120 677824783
26121 478215407
26122 765380694
26123 205928448
26124 782371525
26125 284298705
26126 97631323
26127 496288172
26128 740058750
26129 46020897
26130 234706988
26131 401974911
26132 845426552
26133 787534357
26134 852245202
26135 751331478
26136 555975741
26137 505605545
26138 843547921
26139 646416817
26140 248832218
26141 921809848
26142 363851997
26143 133298539
26144 658185189
26145 32826748
26146 17026433
26147 399890008
26148 640254514
26149 926943101
26150 337981451
26151 320314401
26152 772391389
26153 286010814
26154 851290870
26155 751359398
26156 57450467
26157 313073759
26158 308927391
26159 896669342
26160 630944731
26161 421559322
26162 161873716
26163 431836836
26164 534216184
26165 806443472
26166 797199858
26167 16455575
26168 771604005
26169 511501366
26170 655358444
26171 24323844
26172 695125146
26173 228913219
26174 757856879
26175 116304575
26176 513273511
26177 731499643
26178 90257213
26179 680395736
26180 152217169
26181 122437054
26182 202846244
26183 125254651
26184 90071236
26185 896513646
26186 878019727
26187 41985737
26188 30575677
26189 115825873
26190 228981505
26191 619276593
26192 494757993
26193 754197765
26194 416925045
26195 693000277
26196 997174060
26197 904685591
26198 492153181
26199 745303599
26200 277607315
26201 658379730
26202 307271314
26203 834929132
26204 265976566
26205 258025016
26206 686914452
26207 315677085
26208 27194348
26209 18972042
26210 165760124
26211 667562271
26212 385923249
26213 40570797
26214 841640526
26215 782780416
26216 835074596
26217 241567917
26218 609613321
26219 787150495
26220 292316980
26221 254113245
26222 35994693
26223 711240872
26224 366941617
26225 293933103
26226 717010311
26227 598915565
26228 75287610
26229 58405415
26230 220244658
26231 283730607
26232 718433431
26233 706676772
26234 209861083
26235 821406505
26236 172302670
26237 3272663
26238 642349115
26239 623945715
26240 617420928
26241 658991969
26242 785980654
26243 333798917
26244 683273632
26245 111786849
26246 939827123
26247 764711828
26248 84644111
26249 760269528
26250 371825756
26251 586184395
26252 747351549
26253 809326648
26254 683612620
26255 282614987
26256 715494488
26257 466363707
26258 852433767
26259 128001000
26260 226392070
26261 287496934
26262 495334702
26263 935837037
26264 824074836
26265 773427507
26266 920043085
26267 898063190
26268 648444096
26269 815138978
26270 406604334
26271 621728622
26272 634197918
26273 779890471
26274 398280930
26275 93527491
26276 347462656
26277 956621304
26278 263098745
26279 795357353
26280 426727633
26281 268179828
26282 883286125
26283 556052950
26284 724691473
26285 600039861
26286 370025345
26287 962019483
26288 611314688
26289 711529698
26290 691715555
26291 129533329
26292 172039036
26293 251824584
26294 956601114
26295 142691945
26296 309764284
26297 656430791
26298 857127323
26299 704067828
26300 966773828
26301 58804125
26302 90490439
26303 257059446
26304 270982547
26305 243518444
26306 252654348
26307 312069481
26308 94934558
26309 321246335
26310 89000223
26311 60060536
26312 596270256
26313 43416179
26314 503436600
26315 608738083
26316 339914480
26317 188055783
26318 37995523
26319 910961116
26320 86485126
26321 338420578
26322 867583486
26323 853510291
26324 379840752
26325 434127156
26326 604386663
26327 87571253
26328 444681512
26329 467140858
26330 547290276
26331 917553808
26332 422618848
26333 198808770
26334 907590506
26335 976938326
26336 922771425
26337 548622342
26338 16555462
26339 9358211
26340 729900426
26341 681617904
26342 920609656
26343 573027331
26344 626435737
26345 739146771
26346 622513429
26347 617840109
26348 886227084
26349 510678318
26350 839355639
26351 436765832
26352 275464925
26353 104973862
26354 302070174
26355 687034430
26356 64743736
26357 372843356
26358 833310378
26359 644680179
26360 142180573
26361 297096647
26362 402754909
26363 308987780
26364 269869780
26365 564150107
26366 89970486
26367 717665431
26368 903993491
26369 896233001
26370 536411386
26371 772007133
26372 385563853
26373 481115606
26374 103447517
26375 409610818
26376 918638708
26377 384070661
26378 380745943
26379 472788189
26380 28247772
26381 614078335
26382 255058039
26383 854981110
26384 728282867
26385 1313379
26386 72250045
26387 795574201
26388 442251284
26389 308223917
26390 839287864
26391 982236909
26392 494278798
26393 634352581
26394 527147079
26395 805367488
26396 83278178
26397 242005541
26398 840566529
26399 526573554
26400 956033023
26401 179503616
26402 848512386
26403 639588613
26404 615534719
26405 436882346
26406 91827002
26407 442332693
26408 283987750
26409 930766605
26410 446043372
26411 651041747
26412 622975152
26413 613917354
26414 447433914
26415 627448537
26416 231997211
26417 966817563
26418 222389088
26419 665351898
26420 560002125
26421 759242117
26422 282288869
26423 585226126
26424 632023195
26425 828003546
26426 316167804
26427 424956102
26428 659491190
26429 879353270
26430 654423606
26431 72515995
26432 970110879
26433 662926852
26434 194735844
26435 223934121
26436 77996889
26437 14132037
26438 260632092
26439 578000858
26440 297248777
26441 80812885
26442 44330251
26443 289383737
26444 354684310
26445 855249681
26446 194454269
26447 647495401
26448 156632758
26449 632004967
26450 111003995
26451 862293902
26452 412598679
26453 663284781
26454 656913275
26455 123976947
26456 6871688
26457 767833745
26458 466587762
26459 711566968
26460 383948515
26461 129007154
26462 795916918
26463 411031258
26464 88780103
26465 194773141
26466 480883156
26467 422251071
26468 495605080
26469 244896379
26470 920379829
26471 766288991
26472 502914293
26473 359156574
26474 200227131
26475 316272146
26476 191272438
26477 997713283
26478 454756352
26479 770217387
26480 358122412
26481 109197478
26482 739453185
26483 806694325
26484 349259004
26485 256090214
26486 266491781
26487 761314576
26488 70062193
26489 805142017
26490 481292751
26491 823879799
26492 313695762
26493 563659286
26494 759157286
26495 94945147
26496 21539596
26497 593750037
26498 19350833
26499 282762140
26500 56536432
26501 942065510
26502 903719278
26503 934551855
26504 836297940
26505 778721741
26506 893954863
26507 268531824
26508 421727419
26509 994435575
26510 911264177
26511 750530471
26512 65798483
26513 132649601
26514 359809863
26515 77929257
26516 286051851
26517 77761718
26518 265169879
26519 870019898
26520 673645401
26521 931662447
26522 142324149
26523 230989812
26524 144615294
26525 859410314
26526 180866864
26527 152558346
26528 489063762
26529 1552547
26530 286929558
26531 658189321
26532 606019909
26533 485516304
26534 657819206
26535 635455176
26536 717022227
26537 48820823
26538 660533744
26539 822002132
26540 417414194
26541 196003035
26542 560128179
26543 932063860
26544 622179118
26545 990201299
26546 540427529
26547 342326771
26548 620521828
26549 738932638
26550 84991145
26551 515345737
26552 111470740
26553 168132257
26554 449466434
26555 346081052
26556 655477140
26557 955807877
26558 588372033
26559 906988313
26560 50000558
26561 934803644
26562 960879176
26563 405776807
26564 998126910
26565 796513963
26566 448398145
26567 835624188
26568 998299527
26569 701841614
26570 482799372
26571 348486573
26572 781775408
26573 890187503
26574 802948257
26575 503848742
26576 433977835
26577 491705637
26578 952918245
26579 562281002
26580 386822200
26581 439482091
26582 916580130
26583 799302973
26584 606965991
26585 497999199
26586 804724878
26587 499996651
26588 677620430
26589 818038658
26590 326298706
26591 569500184
26592 493314726
26593 643070845
26594 747905296
26595 230748966
26596 614584148
26597 906273357
26598 512752509
26599 582461385
26600 889704871
26601 186188282
26602 954930407
26603 701343650
26604 883090706
26605 493257240
26606 73405143
26607 653334975
26608 821289933
26609 579114758
26610 641357990
26611 896508454
26612 553358879
26613 178027897
26614 627819554
26615 592085002
26616 154335865
26617 892253085
26618 612898737
26619 478101665
26620 989659871
26621 995212388
26622 923120378
26623 159595836
26624 426319909
26625 557994632
26626 847931116
26627 254687885
26628 798068552
26629 810103150
26630 769757683
26631 164942404
26632 206667838
26633 131529284
26634 289407651
26635 704815618
26636 772502982
26637 904728112
26638 418200294
26639 533255936
26640 31643801
26641 41854999
26642 496644186
26643 599967876
26644 226303020
26645 89952343
26646 631992606
26647 871400191
26648 182268204
26649 256382925
26650 584148924
26651 379710027
26652 791491253
26653 286169981
26654 42243163
26655 461134774
26656 988182559
26657 462218067
26658 317678898
26659 227558342
26660 381636560
26661 756498273
26662 911286666
26663 582092472
26664 289590187
26665 581447712
26666 46624057
26667 667392246
26668 401594669
26669 283758430
26670 362637890
26671 342507097
26672 68719725
26673 159917545
26674 536341260
26675 39948912
26676 573704878
26677 715951448
26678 720867911
26679 175436374
26680 713364033
26681 817670069
26682 359229354
26683 988663186
26684 201876408
26685 526969106
26686 823969991
26687 288812751
26688 868895457
26689 858946369
26690 641149672
26691 29359399
26692 260330655
26693 897978916
26694 328642198
26695 353198598
26696 819482695
26697 874516851
26698 313774574
26699 609534309
26700 75730039
26701 969198048
26702 536559933
26703 745199990
26704 91599716
26705 6570363
26706 309784407
26707 792726886
26708 589647586
26709 661624389
26710 720568403
26711 951903190
26712 888176266
26713 855285669
26714 802571605
26715 841757408
26716 374082220
26717 343458877
26718 1287011
26719 250360873
26720 253638197
26721 358876517
26722 545143651
26723 885623814
26724 59195177
26725 488890936
26726 511445092
26727 487859696
26728 772769097
26729 665027379
26730 546640110
26731 371345586
26732 1316144
26733 156748073
26734 471088309
26735 141834558
26736 746507652
26737 336473117
26738 232916889
26739 197174878
26740 581044992
26741 30938616
26742 700502797
26743 514505598
26744 364426528
26745 759469965
26746 607238086
26747 802937247
26748 882762849
26749 525430680
26750 779779569
26751 129556537
26752 870207516
26753 358043314
26754 284625169
26755 327416451
26756 755027907
26757 925376205
26758 684920364
26759 137035493
26760 923023504
26761 211314671
26762 769784125
26763 711303611
26764 725128903
26765 746207265
26766 332670979
26767 434914011
26768 853510779
26769 94355586
26770 288332469
26771 298113872
26772 552822586
26773 949958457
26774 403050916
26775 854176416
26776 967705244
26777 471383511
26778 150900539
26779 236748347
26780 437376739
26781 89686222
26782 883942055
26783 171401876
26784 665983439
26785 395026018
26786 87127542
26787 125227383
26788 813424866
26789 983865804
26790 841553198
26791 978289818
26792 352559810
26793 88548479
26794 507836972
26795 583701972
26796 333619127
26797 54671774
26798 82102520
26799 510538298
26800 358504161
26801 175492041
26802 267607762
26803 142743458
26804 686026725
26805 296152356
26806 728455624
26807 497678652
26808 61351446
26809 44508616
26810 764195041
26811 362524041
26812 273698946
26813 720682871
26814 629744215
26815 567582557
26816 183019927
26817 672015139
26818 408790013
26819 619140693
26820 329462564
26821 662977538
26822 626084523
26823 867494976
26824 739101936
26825 952896787
26826 833665398
26827 57029436
26828 33939052
26829 455785095
26830 411521298
26831 861037805
26832 387143020
26833 428113291
26834 143003674
26835 953060213
26836 302443235
26837 457015630
26838 831547623
26839 466053081
26840 338940993
26841 171774272
26842 878837967
26843 742091571
26844 113272001
26845 475964902
26846 219495926
26847 73789618
26848 57174549
26849 236834499
26850 494743268
26851 754377676
26852 556453971
26853 965012642
26854 200984235
26855 172225849
26856 343350135
26857 160255157
26858 644404935
26859 326233987
26860 777902628
26861 66877982
26862 696701523
26863 485173998
26864 876253828
26865 447481843
26866 375922371
26867 54194541
26868 443223845
26869 967363653
26870 176470002
26871 278480476
26872 428635123
26873 329145191
26874 981322251
26875 733868049
26876 549524662
26877 695695786
26878 839524834
26879 48596053
26880 7259095
26881 962702200
26882 37276250
26883 74289911
26884 333716646
26885 473252994
26886 409173672
26887 340619802
26888 865690655
26889 358035843
26890 149665877
26891 422434752
26892 451745653
26893 5267584
26894 511847118
26895 572129873
26896 903648295
26897 862480696
26898 479575238
26899 64517368
26900 474947792
26901 583231922
26902 248818899
26903 166954710
26904 869755865
26905 989853927
26906 832731251
26907 497133415
26908 922368732
26909 214712176
26910 223255546
26911 319971213
26912 151075613
26913 400591445
26914 694088724
26915 180933001
26916 656250462
26917 416912924
26918 27493752
26919 135836529
26920 6973306
26921 471523884
26922 163173138
26923 857421634
26924 484084567
26925 757453581
26926 954896874
26927 351384263
26928 995507717
26929 633997524
26930 861667778
26931 112800481
26932 367892492
26933 314418939
26934 915752014
26935 465716907
26936 227708957
26937 960382497
26938 861226515
26939 527231349
26940 381804631
26941 493598538
26942 939377788
26943 348692811
26944 288172604
26945 352028145
26946 139434679
26947 357544288
26948 80733795
26949 844401050
26950 845549921
26951 360897387
26952 325759824
26953 945224767
26954 84218446
26955 395168002
26956 589190467
26957 130399585
26958 288060155
26959 656087592
26960 614309339
26961 730381629
26962 631797496
26963 19108758
26964 339944829
26965 84492401
26966 304670143
26967 980754080
26968 76075769
26969 431589915
26970 863012993
26971 470928766
26972 594757710
26973 769888663
26974 813882031
26975 353004518
26976 111234725
26977 179177305
26978 932020961
26979 779793377
26980 201631636
26981 11661960
26982 361521261
26983 580077188
26984 413247990
26985 533770343
26986 319427152
26987 791396328
26988 611906057
26989 348869663
26990 827490781
26991 895209814
26992 752981750
26993 84536658
26994 884742551
26995 255534152
26996 813686983
26997 542649832
26998 276187151
26999 337379964
27000 764335026
27001 89568395
27002 820799070
27003 307020590
27004 315256575
27005 444701929
27006 513960179
27007 92406836
27008 157401851
27009 650950203
27010 854110570
27011 864076717
27012 360384584
27013 225740154
27014 262285405
27015 980916204
27016 812813747
27017 954917356
27018 544782353
27019 414354826
27020 716051128
27021 23264708
27022 432132374
27023 201120466
27024 81569159
27025 222863741
27026 402495745
27027 382814489
27028 26520054
27029 787464079
27030 840945663
27031 488012789
27032 570619657
27033 934760628
27034 623355053
27035 39165647
27036 107825683
27037 972599563
27038 878830849
27039 554439039
27040 994841113
27041 157572515
27042 754596510
27043 194711533
27044 418823999
27045 586730139
27046 180396281
27047 734646666
27048 18263689
27049 755494881
27050 653055381
27051 834450417
27052 49507237
27053 890419995
27054 9758476
27055 339193231
27056 57484035
27057 834660517
27058 455401134
27059 38738003
27060 738018271
27061 806729672
27062 815976805
27063 735527721
27064 480523083
27065 600117327
27066 849006023
27067 295465580
27068 196185864
27069 686487838
27070 5982478
27071 359281238
27072 17003344
27073 462399460
27074 148986566
27075 830359957
27076 889255136
27077 458392568
27078 28167388
27079 503585277
27080 518825946
27081 755753722
27082 559307769
27083 28533948
27084 43960738
27085 568478783
27086 2159644
27087 150419530
27088 838665232
27089 252769762
27090 215767693
27091 482455299
27092 563255252
27093 538808753
27094 700298840
27095 929741489
27096 937717796
27097 422419085
27098 36195177
27099 831723539
27100 530141481
27101 820870769
27102 716465375
27103 856747301
27104 779139189
27105 842675021
27106 156452272
27107 255124595
27108 523707969
27109 968154192
27110 654586134
27111 18297967
27112 114287743
27113 881912718
27114 745623090
27115 958973074
27116 80864831
27117 896666443
27118 282589364
27119 773286405
27120 898958773
27121 533506336
27122 65551864
27123 611382047
27124 388283198
27125 79914074
27126 398720198
27127 843529437
27128 951165330
27129 640095537
27130 872806342
27131 176416189
27132 289626266
27133 231355195
27134 577544587
27135 139668670
27136 266410986
27137 152069111
27138 741488761
27139 35381183
27140 888808376
27141 228356170
27142 389679494
27143 707825977
27144 882508641
27145 49267705
27146 366710796
27147 955489030
27148 426248859
27149 74516984
27150 559091621
27151 272223598
27152 585292440
27153 887291290
27154 501681360
27155 949175181
27156 654441687
27157 938472429
27158 922651777
27159 619200994
27160 805259114
27161 196675499
27162 283032116
27163 755941594
27164 367777717
27165 611526881
27166 444929577
27167 306169354
27168 493405082
27169 458241684
27170 755890258
27171 850318181
27172 528446410
27173 640654522
27174 692587576
27175 914787518
27176 951540777
27177 802344468
27178 654309014
27179 221204049
27180 51371286
27181 349650801
27182 22807457
27183 622523051
27184 16357079
27185 135316766
27186 237153641
27187 887248732
27188 142109278
27189 783916664
27190 323758432
27191 841549210
27192 372327635
27193 225311575
27194 829291346
27195 819684309
27196 755022309
27197 78090111
27198 736156247
27199 410638099
27200 705735472
27201 207689637
27202 868290241
27203 161526057
27204 154849237
27205 941210190
27206 35207759
27207 217254596
27208 508982067
27209 201518569
27210 590266084
27211 39979554
27212 786632363
27213 797686702
27214 396674296
27215 969698874
27216 942693046
27217 811068099
27218 217543914
27219 53343703
27220 452346396
27221 448407758
27222 953585633
27223 990654171
27224 918858809
27225 275062396
27226 513625800
27227 203938811
27228 754589153
27229 65603712
27230 282119812
27231 929266426
27232 868253509
27233 13448931
27234 656266397
27235 846427272
27236 190757025
27237 991502918
27238 220267568
27239 379910936
27240 414488728
27241 653904964
27242 444527923
27243 435227305
27244 346707437
27245 978078646
27246 125373374
27247 436184579
27248 23133904
27249 881610325
27250 867451594
27251 611882876
27252 222459702
27253 209292359
27254 716303291
27255 426581409
27256 837216349
27257 554587606
27258 39422989
27259 738396873
27260 721387789
27261 597670198
27262 245221122
27263 325109096
27264 421284038
27265 931515069
27266 17314231
27267 778946688
27268 9773568
27269 592447142
27270 672882497
27271 989069333
27272 286388991
27273 298465581
27274 423065468
27275 212726265
27276 357176810
27277 275731087
27278 924397275
27279 46061932
27280 471133455
27281 400432197
27282 249204061
27283 397807594
27284 345198473
27285 75400173
27286 255964030
27287 610967112
27288 181497882
27289 5726466
27290 136883905
27291 126107703
27292 6581984
27293 667010018
27294 611593048
27295 152671502
27296 491074680
27297 41343597
27298 578839609
27299 401149411
27300 18968968
27301 495496383
27302 647983503
27303 474539343
27304 854657784
27305 468557662
27306 717369008
27307 715257226
27308 817780514
27309 136431944
27310 17275921
27311 954250672
27312 217442499
27313 981368027
27314 24561203
27315 426736172
27316 176071524
27317 824954187
27318 191976849
27319 158732448
27320 566641848
27321 887235503
27322 440136184
27323 168974314
27324 296818584
27325 772807468
27326 91930825
27327 422948308
27328 34815846
27329 781914106
27330 875765114
27331 605120835
27332 125905076
27333 499492619
27334 4527393
27335 724192077
27336 867532841
27337 151363009
27338 112752892
27339 178827794
27340 426679213
27341 271375112
27342 741220610
27343 455353239
27344 569656995
27345 819602328
27346 294601288
27347 804505875
27348 746566918
27349 322362578
27350 451784973
27351 911633545
27352 204095774
27353 239139155
27354 630137451
27355 816908745
27356 597844642
27357 352896268
27358 278783818
27359 401100621
27360 982887003
27361 930601453
27362 565808989
27363 281109613
27364 197369077
27365 360076234
27366 534327941
27367 354490236
27368 754232068
27369 739557223
27370 200001467
27371 443483634
27372 697769978
27373 132252575
27374 845338957
27375 296979986
27376 291529262
27377 781029243
27378 201490769
27379 832107991
27380 985066793
27381 498539803
27382 249888254
27383 846532638
27384 209384161
27385 569758319
27386 418743469
27387 129517203
27388 976845702
27389 350325072
27390 44067364
27391 916119861
27392 293481754
27393 985702752
27394 345773326
27395 619312373
27396 696016585
27397 321829757
27398 758360548
27399 786036054
27400 454820795
27401 442119505
27402 818888547
27403 880031081
27404 813215015
27405 952677880
27406 622645361
27407 53305402
27408 476454281
27409 248843241
27410 194628068
27411 375079771
27412 28343103
27413 159983430
27414 541648108
27415 270417648
27416 964994875
27417 774006773
27418 14270227
27419 354487442
27420 198153037
27421 888095147
27422 81232322
27423 296806481
27424 971860928
27425 471449731
27426 169070593
27427 336067808
27428 673043498
27429 206421718
27430 848339212
27431 683998676
27432 110776714
27433 642615419
27434 465906916
27435 384085283
27436 164123197
27437 303268576
27438 599937774
27439 991479966
27440 165417943
27441 465411059
27442 825129468
27443 508667798
27444 319833817
27445 131472535
27446 502272524
27447 888253060
27448 281010438
27449 673330971
27450 736594864
27451 749533507
27452 456579308
27453 291118179
27454 680817859
27455 848128802
27456 781828511
27457 186525691
27458 767029481
27459 246603162
27460 994402084
27461 627175669
27462 685666514
27463 686578449
27464 112578615
27465 739241134
27466 626386733
27467 865408758
27468 545544313
27469 959179825
27470 22273084
27471 423996385
27472 95594239
27473 990023037
27474 204640690
27475 918504349
27476 585366765
27477 327559218
27478 163191071
27479 865132944
27480 971518695
27481 921031328
27482 115116037
27483 918091256
27484 341111056
27485 815573938
27486 748495891
27487 841840311
27488 129315051
27489 981932872
27490 712394956
27491 685585393
27492 533743277
27493 601950488
27494 615409971
27495 693040384
27496 148054176
27497 90799563
27498 102247814
27499 608122335
27500 971428689
27501 164655386
27502 168141072
27503 703610811
27504 660350614
27505 625127017
27506 807253686
27507 277165732
27508 545642542
27509 949858319
27510 184684248
27511 177370266
27512 399275673
27513 844783593
27514 855914930
27515 878031708
27516 267813237
27517 470724626
27518 829880802
27519 793063844
27520 856714651
27521 420439926
27522 344581569
27523 370217944
27524 589224622
27525 775174496
27526 71312750
27527 41542055
27528 875320130
27529 679969811
27530 162274506
27531 277841765
27532 102098841
27533 63819844
27534 946025740
27535 800973458
27536 227665846
27537 498770964
27538 526002035
27539 365607226
27540 421476074
27541 190618083
27542 499126792
27543 232258815
27544 900546016
27545 271738605
27546 720863689
27547 401799524
27548 517887868
27549 449915834
27550 350740751
27551 356365676
27552 857055187
27553 557175304
27554 925911204
27555 579799879
27556 565653436
27557 17016225
27558 967192729
27559 755031042
27560 483098937
27561 533587845
27562 662727450
27563 223951616
27564 714575737
27565 328911675
27566 218716182
27567 677948963
27568 219533275
27569 830583405
27570 828558730
27571 277486048
27572 945864331
27573 893667115
27574 529848635
27575 940326258
27576 76847393
27577 885937683
27578 147979928
27579 1501917
27580 996262328
27581 846474220
27582 216356381
27583 164361624
27584 816692912
27585 290071107
27586 917394127
27587 189584868
27588 993075159
27589 821771346
27590 815758463
27591 354024700
27592 818587398
27593 861736447
27594 128899
27595 833535447
27596 651473906
27597 141408843
27598 350955830
27599 118491524
27600 652835794
27601 883704250
27602 357575490
27603 448883861
27604 364025092
27605 411230296
27606 987124097
27607 60102089
27608 322803216
27609 885145714
27610 514134051
27611 568281199
27612 935476920
27613 60346959
27614 567871587
27615 902127129
27616 436895483
27617 823532838
27618 861355345
27619 385947797
27620 245886647
27621 615280471
27622 524474057
27623 196455163
27624 567712563
27625 348811078
27626 186490743
27627 723039493
27628 328815604
27629 881843272
27630 268537005
27631 63957353
27632 894633573
27633 796922109
27634 304677568
27635 254746658
27636 554727824
27637 897914705
27638 413846496
27639 406168478
27640 449236399
27641 866794423
27642 885621435
27643 874661674
27644 228561647
27645 730408907
27646 463772668
27647 955496726
27648 905515763
27649 385510397
27650 493686655
27651 849832165
27652 440998493
27653 196004215
27654 98632444
27655 152538591
27656 282138117
27657 703759496
27658 37342580
27659 440878778
27660 935469959
27661 457621107
27662 850492988
27663 429535666
27664 459333782
27665 784612147
27666 892259122
27667 952405405
27668 623012895
27669 834041587
27670 361165753
27671 687473544
27672 937630466
27673 997360745
27674 580182874
27675 685058311
27676 691848500
27677 745366583
27678 265525882
27679 557602546
27680 629610895
27681 678114956
27682 749961958
27683 213161376
27684 277364324
27685 725732903
27686 109884702
27687 483329757
27688 821474111
27689 665242511
27690 525851566
27691 563691447
27692 407694058
27693 307274172
27694 349776562
27695 142724264
27696 403491819
27697 907562939
27698 14329784
27699 686394033
27700 25637401
27701 158213044
27702 400842126
27703 441933842
27704 858920476
27705 227628201
27706 223942681
27707 694883706
27708 887808905
27709 485628612
27710 925473437
27711 196958415
27712 528343026
27713 400641827
27714 471373174
27715 236416103
27716 887764373
27717 621486983
27718 929957546
27719 897730917
27720 785487124
27721 716478082
27722 437679902
27723 356158967
27724 386056660
27725 661988058
27726 707051320
27727 104727775
27728 157496544
27729 668616131
27730 438788736
27731 734298733
27732 852702360
27733 37428737
27734 263844317
27735 771828958
27736 445941637
27737 18351292
27738 637655927
27739 318841083
27740 451510380
27741 318856365
27742 351559970
27743 254476276
27744 450717024
27745 265979126
27746 43206150
27747 460299630
27748 626920588
27749 403390730
27750 593591121
27751 487300322
27752 454733635
27753 344047275
27754 578648124
27755 412414582
27756 870268685
27757 710378967
27758 327172207
27759 276494106
27760 103240845
27761 229772452
27762 48995782
27763 27471404
27764 224412778
27765 934064624
27766 379721659
27767 203525572
27768 553193603
27769 639103662
27770 399786441
27771 388099665
27772 784694955
27773 310194560
27774 512828088
27775 416217353
27776 870070262
27777 407007912
27778 311487876
27779 949909524
27780 959205084
27781 126123943
27782 626085511
27783 860947328
27784 292530918
27785 747532779
27786 665579386
27787 972221679
27788 113216518
27789 360354973
27790 659105548
27791 843211853
27792 820223467
27793 238185124
27794 604923012
27795 907842423
27796 525610314
27797 632883334
27798 565438390
27799 673397379
27800 330548676
27801 532047179
27802 209078625
27803 659553686
27804 803991550
27805 356055744
27806 792990210
27807 833451215
27808 831572219
27809 223767510
27810 321340956
27811 324393893
27812 462743427
27813 947919916
27814 633388651
27815 253050421
27816 108318084
27817 594004925
27818 395779863
27819 533494028
27820 286033348
27821 219560765
27822 96071392
27823 482939027
27824 293592048
27825 605062137
27826 256390024
27827 374137806
27828 38676179
27829 407760568
27830 698622833
27831 617251904
27832 239697774
27833 929949579
27834 283250467
27835 993090654
27836 636915567
27837 605853959
27838 896057017
27839 336445687
27840 946165327
27841 880375812
27842 135106058
27843 731472263
27844 241250911
27845 764264978
27846 101470064
27847 815691583
27848 360812587
27849 63363186
27850 799021053
27851 439321811
27852 82406675
27853 948422610
27854 16770760
27855 939636919
27856 233158532
27857 789709167
27858 424374757
27859 697773432
27860 389993960
27861 113918123
27862 479604488
27863 915170612
27864 447284045
27865 158406206
27866 423192861
27867 256674560
27868 407334571
27869 851357771
27870 996544274
27871 468253736
27872 858492786
27873 426882773
27874 410768282
27875 735734170
27876 964370810
27877 634011451
27878 380300425
27879 876256617
27880 774600969
27881 774345812
27882 838651007
27883 257240095
27884 545921550
27885 659613797
27886 980720423
27887 559338726
27888 199803111
27889 888954678
27890 25414318
27891 836296970
27892 854340368
27893 917877300
27894 457026653
27895 793037397
27896 487030024
27897 572405119
27898 430260812
27899 804989839
27900 162955430
27901 658628018
27902 193187405
27903 679930097
27904 891893926
27905 733229866
27906 755826111
27907 917608240
27908 351833353
27909 248785489
27910 265253033
27911 52642200
27912 601781220
27913 235566518
27914 565054519
27915 922323445
27916 979304123
27917 411173297
27918 114344887
27919 495395600
27920 433534347
27921 534980637
27922 422655562
27923 359157126
27924 375834684
27925 519463922
27926 79044544
27927 134614865
27928 911582580
27929 211543444
27930 819023025
27931 128330144
27932 468098098
27933 841528410
27934 120275445
27935 228362999
27936 525566183
27937 803213126
27938 132326088
27939 736515549
27940 440145643
27941 964572602
27942 28946269
27943 800257106
27944 31237875
27945 566449706
27946 223000531
27947 952930767
27948 14602957
27949 171681789
27950 940564137
27951 358090101
27952 77485435
27953 232800060
27954 812767042
27955 581903557
27956 272614985
27957 286991745
27958 154113149
27959 653888483
27960 55999915
27961 343214892
27962 185890345
27963 767056708
27964 260630592
27965 954229607
27966 715379060
27967 841290284
27968 816892822
27969 112601233
27970 143779060
27971 496603826
27972 58444667
27973 496982555
27974 748283959
27975 759976730
27976 8379727
27977 89445566
27978 65739513
27979 614446966
27980 89692906
27981 742089310
27982 7807987
27983 445764145
27984 788010892
27985 136998231
27986 116353185
27987 832313716
27988 357187478
27989 984676991
27990 971352124
27991 491474691
27992 420464805
27993 74534675
27994 826038501
27995 281965263
27996 21248753
27997 321443414
27998 388727995
27999 823096563
28000 298471483
28001 382263480
28002 995459563
28003 269951496
28004 8799364
28005 534902546
28006 815278312
28007 124866154
28008 848868617
28009 993006693
28010 443418828
28011 278011557
28012 912151324
28013 590312306
28014 898204632
28015 307042976
28016 610179085
28017 477898976
28018 553544503
28019 187118978
28020 299100157
28021 64197049
28022 125279674
28023 562716949
28024 753910151
28025 722711145
28026 48087764
28027 449470472
28028 545200553
28029 375152396
28030 334173181
28031 809299645
28032 583387403
28033 394193761
28034 136229502
28035 963967015
28036 209865665
28037 97462268
28038 274683843
28039 827221802
28040 337410247
28041 545646969
28042 114525465
28043 958717242
28044 82655959
28045 691241388
28046 344448826
28047 887408058
28048 469201753
28049 802211340
28050 140096325
28051 327305890
28052 534779407
28053 438954911
28054 240909309
28055 284004319
28056 4786065
28057 451756151
28058 681938904
28059 526528646
28060 531047422
28061 704200684
28062 995781570
28063 135716820
28064 432345540
28065 256638318
28066 48993014
28067 311374162
28068 926797768
28069 748840278
28070 830796474
28071 562804182
28072 581517155
28073 900465316
28074 360283104
28075 9621356
28076 702613963
28077 219533682
28078 746640134
28079 626831461
28080 76731826
28081 913692757
28082 954140437
28083 970620731
28084 341347330
28085 636078746
28086 100309118
28087 61351218
28088 737157753
28089 696530529
28090 616769418
28091 683785416
28092 346309421
28093 945478644
28094 9809001
28095 465340423
28096 463134213
28097 555895841
28098 434683106
28099 573992829
28100 501437090
28101 373037401
28102 314223739
28103 894945234
28104 356737071
28105 100165588
28106 887891990
28107 78559124
28108 8687766
28109 459086692
28110 58628330
28111 639387033
28112 453424809
28113 682682718
28114 55451737
28115 658154321
28116 271660889
28117 267449701
28118 889817699
28119 352139050
28120 855654330
28121 825550695
28122 854647868
28123 327540824
28124 324634617
28125 81480099
28126 808332738
28127 856888147
28128 69011870
28129 349058314
28130 354628973
28131 688408384
28132 878722262
28133 261509077
28134 109617706
28135 930386445
28136 859148984
28137 242238356
28138 348292926
28139 428155050
28140 937403830
28141 812650072
28142 950349865
28143 981333230
28144 136627624
28145 685579018
28146 271966662
28147 186184256
28148 851824551
28149 897357819
28150 906029412
28151 871886219
28152 332790121
28153 524830803
28154 743315959
28155 843033309
28156 440847703
28157 396741026
28158 52865850
28159 869833533
28160 52886373
28161 55030979
28162 432743518
28163 691622897
28164 911728362
28165 273609137
28166 385306231
28167 936673016
28168 908031995
28169 13875592
28170 601452366
28171 801367111
28172 862323518
28173 38547286
28174 198804853
28175 141881432
28176 191272932
28177 181690133
28178 264368983
28179 28172551
28180 65316169
28181 808593698
28182 917953645
28183 556175276
28184 56694362
28185 708214555
28186 293200018
28187 231249531
28188 532624443
28189 328828213
28190 620876157
28191 787112602
28192 934244117
28193 11357749
28194 963688140
28195 159524468
28196 238503521
28197 544101272
28198 317012951
28199 162622147
28200 744155145
28201 934433534
28202 448835006
28203 300127493
28204 556028422
28205 837242546
28206 752588964
28207 135127931
28208 434266369
28209 888992958
28210 165308304
28211 371459329
28212 431050979
28213 624818532
28214 290003734
28215 114346611
28216 113712499
28217 39022280
28218 795762379
28219 156529013
28220 192056095
28221 987455622
28222 902404405
28223 113792549
28224 773099318
28225 929411331
28226 377141946
28227 77052305
28228 77941425
28229 540191010
28230 894127791
28231 796777301
28232 478907708
28233 712445886
28234 91119692
28235 150754311
28236 826630900
28237 337918607
28238 566020176
28239 102245392
28240 924138409
28241 643136056
28242 935922730
28243 635250437
28244 663260892
28245 955125627
28246 419101522
28247 247350498
28248 975818173
28249 141673077
28250 971896602
28251 440782384
28252 948485868
28253 856280425
28254 498188366
28255 852998706
28256 155077833
28257 614810320
28258 58664793
28259 815814554
28260 781519044
28261 92179854
28262 930717562
28263 106533030
28264 432364273
28265 48513832
28266 21430216
28267 370566971
28268 68673581
28269 67156946
28270 540862313
28271 589288645
28272 869192630
28273 218564497
28274 377610800
28275 490033155
28276 898060406
28277 65176791
28278 350858054
28279 551476438
28280 708828146
28281 852702020
28282 470726151
28283 23498908
28284 401071874
28285 389783325
28286 328629985
28287 870797359
28288 948773574
28289 228143546
28290 101272161
28291 977470782
28292 624469012
28293 951685937
28294 466502701
28295 538822319
28296 189893380
28297 55866151
28298 104215113
28299 884096285
28300 774256258
28301 466161568
28302 323864222
28303 408856038
28304 572315024
28305 899667482
28306 757344831
28307 399867446
28308 474330549
28309 308088575
28310 915143451
28311 247480614
28312 681928215
28313 754176369
28314 336681837
28315 909527140
28316 183702622
28317 401746799
28318 80898011
28319 273113273
28320 750800428
28321 643250279
28322 979957751
28323 589053073
28324 552510476
28325 279052631
28326 398101453
28327 597532314
28328 522394385
28329 55593412
28330 888295953
28331 663374
28332 886119394
28333 153732007
28334 944144348
28335 340319737
28336 376227792
28337 180105566
28338 384195723
28339 320590473
28340 215985768
28341 40926334
28342 538792332
28343 423043538
28344 574477310
28345 158523776
28346 451831188
28347 524779910
28348 737194120
28349 497341585
28350 526828296
28351 39772460
28352 246061913
28353 985603362
28354 153617940
28355 350423157
28356 383198172
28357 2923432
28358 957203519
28359 206024961
28360 15903019
28361 273034665
28362 127964702
28363 737330738
28364 231713463
28365 216315038
28366 80342307
28367 138139848
28368 942342176
28369 214515843
28370 861506842
28371 550385152
28372 764154450
28373 523962120
28374 149502151
28375 103910665
28376 658202058
28377 685459427
28378 695246078
28379 153090343
28380 3913740
28381 370438977
28382 782438669
28383 348490691
28384 279667495
28385 810234057
28386 675831406
28387 307496131
28388 506976032
28389 461795112
28390 49956236
28391 758799007
28392 587579993
28393 910918304
28394 92871654
28395 62936524
28396 409357553
28397 378389459
28398 421968567
28399 746578378
28400 489690483
28401 286957453
28402 338337459
28403 17959435
28404 548966023
28405 157496641
28406 927635469
28407 38414568
28408 100261798
28409 402754291
28410 370478393
28411 373971497
28412 137127990
28413 862558923
28414 157181698
28415 805281599
28416 801698402
28417 158634917
28418 335205537
28419 727769816
28420 162941999
28421 82529901
28422 312782054
28423 972862362
28424 549899254
28425 626439515
28426 161823035
28427 722015903
28428 259014654
28429 62853376
28430 515722881
28431 43826425
28432 776385749
28433 742119127
28434 155892647
28435 727445662
28436 969014046
28437 602103754
28438 452247744
28439 593240690
28440 922158359
28441 141231039
28442 234713802
28443 452424753
28444 854325629
28445 320450771
28446 368927675
28447 392232373
28448 875927249
28449 888135503
28450 946909511
28451 267035486
28452 705771072
28453 678915891
28454 767817198
28455 353502605
28456 331155867
28457 12923213
28458 690118533
28459 680165775
28460 933520173
28461 725116525
28462 940111196
28463 994730269
28464 5093247
28465 149002396
28466 736063021
28467 545945759
28468 959516195
28469 75554619
28470 339947043
28471 956788862
28472 529732297
28473 294691550
28474 683126394
28475 341748655
28476 7066089
28477 555212288
28478 985501363
28479 62742275
28480 412424573
28481 640010891
28482 689736031
28483 89553890
28484 96611422
28485 409665301
28486 536308410
28487 365056698
28488 249843975
28489 640074200
28490 182424251
28491 278597720
28492 181110008
28493 977619913
28494 629131643
28495 972184056
28496 875873548
28497 324180169
28498 759732891
28499 718581332
28500 640168930
28501 637050034
28502 27223352
28503 856809641
28504 696277341
28505 120629483
28506 439355607
28507 98314656
28508 346095043
28509 902649146
28510 731075381
28511 909549271
28512 262019931
28513 681123047
28514 167614699
28515 610664700
28516 140207874
28517 865812931
28518 63422025
28519 89232343
28520 339320935
28521 560455590
28522 661776054
28523 268506836
28524 828258352
28525 107216234
28526 118977416
28527 462711139
28528 171077638
28529 660740243
28530 224206990
28531 990726520
28532 886743294
28533 304955352
28534 864059667
28535 534429162
28536 510772863
28537 509240427
28538 257963949
28539 192147229
28540 503486668
28541 971789126
28542 436160475
28543 206620980
28544 746930415
28545 903463976
28546 389452150
28547 722969436
28548 191837619
28549 117704774
28550 165621026
28551 293748911
28552 651760822
28553 970461338
28554 603405356
28555 808206902
28556 458011644
28557 315941369
28558 322998327
28559 414028686
28560 971507605
28561 370658545
28562 326609748
28563 697350042
28564 773754304
28565 558431028
28566 839892261
28567 78776366
28568 80994884
28569 314797078
28570 498753817
28571 672558516
28572 940003488
28573 704898807
28574 861260624
28575 784740721
28576 570708029
28577 998320657
28578 163191777
28579 687978307
28580 972312865
28581 144808012
28582 596067244
28583 584725417
28584 930897507
28585 568669269
28586 795443692
28587 738135750
28588 122476351
28589 829636746
28590 378438447
28591 654766892
28592 722308662
28593 590586577
28594 851344003
28595 548391228
28596 521992520
28597 599047930
28598 208167049
28599 574730050
28600 257761790
28601 259531555
28602 198139469
28603 685288698
28604 697293769
28605 578668138
28606 645815494
28607 225457536
28608 854929151
28609 238232822
28610 533825412
28611 5203170
28612 912870714
28613 906288734
28614 514695532
28615 543331604
28616 412520239
28617 663695795
28618 912761425
28619 536667883
28620 172922110
28621 224564505
28622 851466548
28623 75897358
28624 643554261
28625 997474364
28626 278234406
28627 558333271
28628 334950663
28629 371662244
28630 406037524
28631 222230003
28632 874721005
28633 483886087
28634 846183606
28635 117549830
28636 789999488
28637 136696243
28638 59893427
28639 304011854
28640 945181204
28641 16566924
28642 797434309
28643 683143730
28644 374736601
28645 909653561
28646 342772647
28647 150170785
28648 626399266
28649 744757928
28650 51432999
28651 427479170
28652 668598365
28653 93797754
28654 1850042
28655 928652971
28656 873943228
28657 429055844
28658 666028647
28659 233817401
28660 76866524
28661 584748712
28662 999889824
28663 761242470
28664 550880951
28665 127737870
28666 494054910
28667 55706942
28668 482491613
28669 922383901
28670 924999259
28671 802559081
28672 360824857
28673 126227787
28674 818868866
28675 956427256
28676 714898725
28677 615080820
28678 780861053
28679 452318047
28680 519002109
28681 792316827
28682 300388563
28683 970150966
28684 650915385
28685 948967116
28686 443384475
28687 275595425
28688 746444086
28689 629925356
28690 990877235
28691 158649253
28692 91453365
28693 353317742
28694 189937384
28695 79435262
28696 874378486
28697 716792001
28698 974370883
28699 872476587
28700 735537505
28701 765570415
28702 25970131
28703 716575815
28704 136691936
28705 834502522
28706 594860756
28707 564200717
28708 71879549
28709 129566619
28710 80770232
28711 835827957
28712 708345621
28713 32298283
28714 440061732
28715 120422749
28716 320743616
28717 838819770
28718 291831508
28719 141514054
28720 784696354
28721 724750810
28722 596347114
28723 679498677
28724 750924580
28725 253472171
28726 830756188
28727 34332934
28728 232247696
28729 978914111
28730 162657796
28731 864084930
28732 119678179
28733 746891609
28734 889064675
28735 238072705
28736 700678070
28737 136356121
28738 506788612
28739 70868289
28740 446492051
28741 590302344
28742 387201821
28743 571373129
28744 821027314
28745 312507756
28746 793962722
28747 877852593
28748 821157556
28749 575858423
28750 197354070
28751 652094969
28752 873797279
28753 421436712
28754 61808250
28755 695694462
28756 766291256
28757 583039462
28758 812726334
28759 55646156
28760 473673018
28761 772475116
28762 279841647
28763 383077474
28764 568732741
28765 181333946
28766 561050987
28767 519550595
28768 116018744
28769 874152051
28770 209205015
28771 419857668
28772 978757956
28773 875135048
28774 312757567
28775 486470692
28776 427169191
28777 456178947
28778 947117344
28779 656654900
28780 177990610
28781 616382463
28782 220318569
28783 40311333
28784 329396329
28785 856048846
28786 610289697
28787 377346388
28788 319484742
28789 172228741
28790 550007983
28791 184036759
28792 502876672
28793 489215487
28794 161737536
28795 788584805
28796 958107872
28797 577621274
28798 753700522
28799 204270128
28800 659802802
28801 162883390
28802 285193997
28803 513208283
28804 239999769
28805 783699733
28806 749070537
28807 264082313
28808 82134466
28809 265846455
28810 105620168
28811 268991721
28812 426761291
28813 172151860
28814 817086637
28815 247281581
28816 516616990
28817 684429307
28818 353781655
28819 976762792
28820 454379549
28821 257415843
28822 692181251
28823 855965333
28824 684477891
28825 307863655
28826 260682939
28827 31378704
28828 751564555
28829 758190461
28830 174958068
28831 775408
28832 530729670
28833 140618803
28834 866024527
28835 719671909
28836 90074168
28837 911061374
28838 960497936
28839 792919177
28840 570463095
28841 342221294
28842 721916004
28843 138324013
28844 393540179
28845 219580666
28846 413157645
28847 906547739
28848 430051264
28849 366108390
28850 905195432
28851 626806620
28852 659142823
28853 733451360
28854 515269001
28855 318163605
28856 456002664
28857 501208493
28858 723063025
28859 843385061
28860 669378248
28861 576124910
28862 413811304
28863 608090357
28864 749527077
28865 181738668
28866 125781769
28867 396072529
28868 272435570
28869 709895962
28870 946059304
28871 284164462
28872 877505638
28873 485705002
28874 810523401
28875 742256399
28876 367613792
28877 995529159
28878 28622465
28879 311954032
28880 418409103
28881 817654519
28882 693559880
28883 710466904
28884 617208844
28885 319801142
28886 799646969
28887 494330099
28888 985578604
28889 176093423
28890 481741869
28891 872909943
28892 980571228
28893 197571127
28894 82992102
28895 68860541
28896 567342162
28897 552449771
28898 985287306
28899 992728952
28900 682426736
28901 478209380
28902 339454210
28903 455908823
28904 128060361
28905 694172680
28906 774827064
28907 963483047
28908 250769876
28909 891512681
28910 346089810
28911 849697447
28912 641084237
28913 560820755
28914 778233120
28915 67550204
28916 527374982
28917 168611073
28918 932469509
28919 769359875
28920 235275933
28921 4782908
28922 652888981
28923 52293641
28924 260582532
28925 677891633
28926 612044712
28927 136433442
28928 370035567
28929 81112328
28930 167549963
28931 382995889
28932 424225037
28933 478799685
28934 613601319
28935 389848685
28936 508915155
28937 145517130
28938 215760185
28939 691249441
28940 292017295
28941 443444352
28942 18738099
28943 165645784
28944 129781013
28945 968346249
28946 244562406
28947 229050424
28948 818925472
28949 793960984
28950 575292989
28951 573205048
28952 896529238
28953 925683520
28954 910076859
28955 321871935
28956 472985519
28957 264128980
28958 87593826
28959 812289615
28960 246631573
28961 520486879
28962 771797562
28963 403641268
28964 67679724
28965 808275026
28966 863456631
28967 558485466
28968 602865777
28969 315750138
28970 59379190
28971 447649182
28972 927777718
28973 567717892
28974 727640581
28975 767314228
28976 174695781
28977 69106963
28978 513477529
28979 110027639
28980 150070144
28981 598103404
28982 425930966
28983 333800210
28984 143772006
28985 784811333
28986 146602112
28987 78114417
28988 468040041
28989 517475844
28990 225124698
28991 817131764
28992 378538279
28993 315678461
28994 389097470
28995 952815847
28996 226119747
28997 717115678
28998 601977462
28999 344109753
29000 526794370
29001 635203188
29002 54460258
29003 282044970
29004 348259986
29005 95956894
29006 530807652
29007 744760576
29008 357713937
29009 366179165
29010 981126593
29011 209267844
29012 346411004
29013 861667662
29014 473338623
29015 586561597
29016 930665918
29017 480050991
29018 200409100
29019 274536931
29020 332163173
29021 589729732
29022 403027033
29023 510691731
29024 484328831
29025 101149429
29026 184076759
29027 638922565
29028 595058466
29029 562864704
29030 490377324
29031 167547503
29032 879856555
29033 552867814
29034 741446213
29035 91870094
29036 521739418
29037 703480814
29038 937242976
29039 628943489
29040 562567283
29041 85698031
29042 857231363
29043 521573306
29044 779961354
29045 367435842
29046 73007434
29047 134734591
29048 114960792
29049 665322658
29050 109003830
29051 504815669
29052 286581177
29053 847491802
29054 983178940
29055 833962855
29056 227282316
29057 833602467
29058 979555694
29059 68714597
29060 155410364
29061 529370289
29062 404899883
29063 120399541
29064 913132920
29065 277262482
29066 171449833
29067 548072580
29068 590299187
29069 163191923
29070 225701001
29071 874243919
29072 914668383
29073 391031727
29074 813073886
29075 500204769
29076 639391971
29077 798253777
29078 792816408
29079 407049494
29080 528388083
29081 107241014
29082 914551716
29083 677316347
29084 429350838
29085 275797583
29086 686946495
29087 212387368
29088 785230978
29089 552449461
29090 74151362
29091 830022427
29092 244700052
29093 292326097
29094 704143424
29095 484501253
29096 721215650
29097 541400696
29098 302675817
29099 917844958
29100 153555123
29101 617994949
29102 483785828
29103 914850549
29104 899872669
29105 252991162
29106 734668408
29107 751239123
29108 710869290
29109 640577777
29110 388228114
29111 87580893
29112 109675585
29113 483175880
29114 799666989
29115 369897016
29116 373494432
29117 447533919
29118 688152894
29119 481140323
29120 501662196
29121 524883669
29122 962293849
29123 709329522
29124 583003757
29125 310156530
29126 24205974
29127 917121617
29128 110078108
29129 386885435
29130 36493484
29131 323184606
29132 831099143
29133 690018711
29134 187729434
29135 781044310
29136 696665347
29137 181757936
29138 357681347
29139 585505463
29140 462810796
29141 847805679
29142 945829778
29143 851584450
29144 757988452
29145 160435789
29146 903712809
29147 973246671
29148 626682639
29149 579228008
29150 863233976
29151 750000691
29152 478838380
29153 180256652
29154 620930412
29155 704556133
29156 308415741
29157 267312079
29158 436062069
29159 108514375
29160 929845905
29161 421413744
29162 670414142
29163 406758553
29164 531917947
29165 131704886
29166 260598832
29167 539371282
29168 48120377
29169 758446312
29170 457866512
29171 595720028
29172 951559377
29173 239973389
29174 792582772
29175 775387490
29176 912123719
29177 726076440
29178 448104270
29179 406568496
29180 245568323
29181 164778817
29182 906787906
29183 2956886
29184 417418687
29185 252271242
29186 991971931
29187 171306169
29188 12537527
29189 48685075
29190 118879993
29191 434225581
29192 676288876
29193 52551331
29194 40515603
29195 159537637
29196 896532568
29197 286980385
29198 40153867
29199 531210278
29200 778971852
29201 717700479
29202 795336454
29203 538929030
29204 138956675
29205 803130896
29206 446427411
29207 63515609
29208 344870299
29209 579758577
29210 497486392
29211 605522221
29212 678270361
29213 47995512
29214 113673404
29215 592789633
29216 271930471
29217 952458734
29218 108988375
29219 9301354
29220 864296903
29221 978908642
29222 429269973
29223 461684586
29224 973271047
29225 535794792
29226 132420184
29227 27676086
29228 557614718
29229 239277534
29230 884090764
29231 150729273
29232 227295950
29233 397028430
29234 233478262
29235 539130240
29236 133392109
29237 210346951
29238 572900809
29239 457143976
29240 575346707
29241 923225311
29242 957564001
29243 992358694
29244 501244955
29245 619831064
29246 153875647
29247 65138570
29248 985689249
29249 335339163
29250 916531638
29251 481547589
29252 22891577
29253 953859772
29254 704775380
29255 684910984
29256 700309862
29257 468152680
29258 465384478
29259 725534783
29260 25867427
29261 941310861
29262 367543749
29263 825142407
29264 214649094
29265 120403318
29266 111645729
29267 540102785
29268 266486206
29269 511209461
29270 924926195
29271 237430617
29272 411327867
29273 358134490
29274 115779602
29275 978784808
29276 186238369
29277 372688421
29278 607293774
29279 232992582
29280 588323949
29281 132222530
29282 895308985
29283 746375151
29284 802432373
29285 812955619
29286 226896534
29287 758469447
29288 838151244
29289 805167037
29290 139664974
29291 820520454
29292 163225691
29293 661885812
29294 655535490
29295 712669681
29296 206876881
29297 672257333
29298 381978388
29299 863605257
29300 806463621
29301 290699435
29302 614375951
29303 704389003
29304 669323314
29305 63707603
29306 263235011
29307 652676034
29308 887457028
29309 275976121
29310 893134438
29311 255197532
29312 43443798
29313 144285536
29314 665398586
29315 294718194
29316 693256938
29317 893116747
29318 242832227
29319 612751734
29320 193602879
29321 860286773
29322 132387966
29323 865554471
29324 640922296
29325 988055627
29326 521373410
29327 150960669
29328 327217428
29329 694737414
29330 610748001
29331 991392995
29332 329163696
29333 928807
29334 300249132
29335 523991706
29336 374550921
29337 7596506
29338 554636740
29339 180632322
29340 975436186
29341 832474918
29342 430079586
29343 93293835
29344 519054670
29345 801294691
29346 367481490
29347 447168220
29348 113356034
29349 863507317
29350 610305394
29351 670262502
29352 233061814
29353 155795442
29354 496260855
29355 300217812
29356 733586638
29357 843400784
29358 339819729
29359 438766594
29360 121237774
29361 902607445
29362 934734911
29363 122990865
29364 344754368
29365 669229166
29366 951847893
29367 97377528
29368 579638773
29369 483727319
29370 579079348
29371 1171276
29372 507775936
29373 581725344
29374 181690969
29375 611552861
29376 235303690
29377 279647178
29378 55855670
29379 931287208
29380 207324466
29381 224700943
29382 366067728
29383 12635440
29384 623223731
29385 789739303
29386 652246567
29387 633697422
29388 412466420
29389 772121827
29390 376804232
29391 397324651
29392 52388291
29393 939929813
29394 506398852
29395 673260180
29396 782774634
29397 74639199
29398 178552468
29399 944919426
29400 170071143
29401 601388315
29402 629074096
29403 979281967
29404 227583428
29405 327759775
29406 909776292
29407 561622300
29408 960483365
29409 568480291
29410 698938583
29411 523035305
29412 802514066
29413 84713204
29414 703607386
29415 133569533
29416 123781901
29417 100363971
29418 624067935
29419 396219360
29420 380867382
29421 58826690
29422 432328892
29423 270609791
29424 935137581
29425 746084427
29426 321757669
29427 63623712
29428 94837197
29429 994645127
29430 470933487
29431 374301759
29432 700788047
29433 488373664
29434 598513318
29435 70492556
29436 22624522
29437 540121970
29438 756183590
29439 750843918
29440 659217316
29441 533494472
29442 337648445
29443 949198023
29444 116404767
29445 131752585
29446 557339803
29447 755337290
29448 119501157
29449 507137480
29450 376796984
29451 934589664
29452 318995313
29453 243741547
29454 987831185
29455 937912773
29456 637108925
29457 911925501
29458 979883794
29459 959106938
29460 974130586
29461 565122998
29462 485907883
29463 77366879
29464 644170101
29465 562856743
29466 630773452
29467 29213664
29468 248369188
29469 607416398
29470 275141240
29471 608215828
29472 464623723
29473 995121926
29474 84093025
29475 478397988
29476 889350564
29477 1555805
29478 835156179
29479 811041287
29480 594492867
29481 760620600
29482 295481352
29483 211476580
29484 741592983
29485 658454830
29486 799757096
29487 662429912
29488 642717278
29489 895071651
29490 727323157
29491 439394908
29492 803318608
29493 831099619
29494 663617164
29495 23870342
29496 197868714
29497 228485891
29498 402991055
29499 960304387
29500 81974522
29501 361800823
29502 601197359
29503 678097051
29504 713734453
29505 162282847
29506 210048232
29507 843039670
29508 142631259
29509 150385472
29510 429544479
29511 193366618
29512 401459626
29513 666318147
29514 706609519
29515 829108958
29516 998224896
29517 589361145
29518 526338601
29519 625646115
29520 28955100
29521 236851864
29522 27507011
29523 409247648
29524 757057118
29525 573463447
29526 904207443
29527 565485822
29528 230822243
29529 358956096
29530 121939566
29531 998621760
29532 257604101
29533 326779981
29534 914909144
29535 810854733
29536 256684868
29537 807108508
29538 330408231
29539 176284806
29540 965362624
29541 870358802
29542 346050502
29543 123900487
29544 786148118
29545 790991756
29546 276018617
29547 411607358
29548 948735102
29549 619435785
29550 500920667
29551 907428366
29552 720691473
29553 150672968
29554 547340519
29555 891795816
29556 461757159
29557 120434541
29558 490492171
29559 603140526
29560 172289765
29561 259102206
29562 679864270
29563 919124506
29564 136608495
29565 283620828
29566 357116605
29567 396530076
29568 629307780
29569 91188493
29570 767145736
29571 858742841
29572 914687674
29573 479857678
29574 142033782
29575 911515121
29576 883524571
29577 635541939
29578 386456077
29579 828913658
29580 526160624
29581 535288493
29582 779575930
29583 353615442
29584 461591779
29585 974226651
29586 535838627
29587 97320801
29588 974981752
29589 756237056
29590 149033516
29591 103309260
29592 418197752
29593 836815346
29594 478552845
29595 325383068
29596 527165634
29597 139032763
29598 291980251
29599 698966972
29600 805843907
29601 421529821
29602 844561903
29603 937494092
29604 801371491
29605 282430683
29606 232120279
29607 368101605
29608 552239768
29609 148151906
29610 753498295
29611 263028150
29612 681938834
29613 634504310
29614 357678189
29615 884826847
29616 307562229
29617 657719812
29618 165791447
29619 937359424
29620 425618999
29621 909229891
29622 380410453
29623 523276114
29624 634142854
29625 580492163
29626 769698811
29627 353962542
29628 539625929
29629 94859460
29630 639865148
29631 226004253
29632 791856472
29633 885562798
29634 327668812
29635 827251775
29636 118765975
29637 73592384
29638 689395337
29639 349337811
29640 701941488
29641 270514122
29642 473304009
29643 685984587
29644 191670969
29645 583340759
29646 493369271
29647 363977870
29648 550940686
29649 849350036
29650 26868260
29651 446796949
29652 262481323
29653 596071450
29654 840638857
29655 975485393
29656 823180938
29657 294456184
29658 441846925
29659 791757124
29660 24308419
29661 408195521
29662 102773343
29663 170411365
29664 651591371
29665 768804930
29666 751685119
29667 310000384
29668 330909159
29669 706911309
29670 996619766
29671 886116054
29672 140126806
29673 913403110
29674 293953899
29675 431410786
29676 493903732
29677 424137684
29678 926702480
29679 643158028
29680 633085611
29681 519920725
29682 19620314
29683 297467080
29684 596318483
29685 917785466
29686 238698297
29687 98928549
29688 435027646
29689 183468049
29690 750770783
29691 847092337
29692 96938237
29693 926749551
29694 360566892
29695 762550559
29696 462535513
29697 325961914
29698 973317132
29699 129017130
29700 44595926
29701 853448099
29702 505311950
29703 186380180
29704 753489011
29705 416396224
29706 253241729
29707 149406177
29708 25403625
29709 948773850
29710 352695669
29711 622005221
29712 49474261
29713 877661183
29714 699411127
29715 705991243
29716 262130859
29717 482729580
29718 96365425
29719 13501165
29720 251912597
29721 196579927
29722 533438562
29723 685129137
29724 233838198
29725 465027747
29726 772124344
29727 422191816
29728 202427996
29729 128512024
29730 90535815
29731 262232706
29732 872523114
29733 955369711
29734 79567536
29735 946314870
29736 996511369
29737 204233328
29738 525120877
29739 84343790
29740 954360586
29741 708820682
29742 942197306
29743 770412254
29744 147594379
29745 669075213
29746 210050105
29747 203784307
29748 112649404
29749 494886513
29750 276432696
29751 779172293
29752 845801629
29753 154440961
29754 366966868
29755 706233240
29756 103856835
29757 179570237
29758 358225674
29759 410352725
29760 83025268
29761 560368566
29762 869876922
29763 555415765
29764 454924037
29765 797475425
29766 970443754
29767 458629803
29768 833631922
29769 270883540
29770 51029361
29771 57715278
29772 341729892
29773 418843781
29774 882433903
29775 538664084
29776 253911823
29777 970443319
29778 863555723
29779 890356503
29780 691138500
29781 162037467
29782 336694244
29783 125955118
29784 218810622
29785 258773298
29786 303580221
29787 351748685
29788 63302244
29789 982442685
29790 578954894
29791 509411521
29792 624313965
29793 780731714
29794 130920865
29795 348735719
29796 643003522
29797 66581242
29798 153913639
29799 776602125
29800 62359526
29801 100850729
29802 334525198
29803 371732218
29804 997870371
29805 918904359
29806 42002440
29807 984699943
29808 603033880
29809 454279296
29810 616966298
29811 918887243
29812 428979124
29813 622037893
29814 638825128
29815 868730321
29816 931082549
29817 174813473
29818 133322237
29819 961943019
29820 92813947
29821 825706697
29822 590411636
29823 191500406
29824 160184500
29825 944398714
29826 500655027
29827 933992526
29828 118706006
29829 655529786
29830 372165497
29831 23428068
29832 627280241
29833 30847272
29834 190037457
29835 239159988
29836 377299185
29837 519791082
29838 346839951
29839 542865469
29840 555706025
29841 871729478
29842 996897117
29843 739321490
29844 725426365
29845 49388011
29846 706714381
29847 775883851
29848 556775592
29849 182282395
29850 743240047
29851 313024181
29852 218090159
29853 113018507
29854 521395383
29855 304344620
29856 504881091
29857 458004065
29858 31594184
29859 290698733
29860 989577919
29861 807832380
29862 466578556
29863 934583441
29864 672523882
29865 540080471
29866 633488040
29867 228901275
29868 515461828
29869 298241398
29870 612636274
29871 808847926
29872 182349186
29873 271563152
29874 385585919
29875 341987062
29876 743574515
29877 745914984
29878 230119306
29879 55895502
29880 840074050
29881 506986654
29882 177866947
29883 560969338
29884 462863759
29885 250589844
29886 5376944
29887 492832174
29888 851465551
29889 738560547
29890 652571274
29891 530177563
29892 954313728
29893 282412660
29894 678028582
29895 106226450
29896 974073876
29897 456841719
29898 231846117
29899 327085000
29900 74885351
29901 927455179
29902 998851317
29903 179810047
29904 875518291
29905 31063793
29906 245160781
29907 214499183
29908 89437743
29909 379070657
29910 139289489
29911 771024832
29912 638427543
29913 22260627
29914 488481582
29915 939035349
29916 88169862
29917 306694481
29918 441597197
29919 14072324
29920 771793612
29921 342387379
29922 531701126
29923 449924796
29924 30004889
29925 292509648
29926 277875341
29927 835684682
29928 845616572
29929 664751238
29930 39822844
29931 472122844
29932 7820767
29933 544595043
29934 680758711
29935 947452765
29936 300248845
29937 347883521
29938 156209274
29939 12588232
29940 323882793
29941 783816688
29942 948872702
29943 373697350
29944 930869241
29945 320793287
29946 548722597
29947 706104188
29948 7122817
29949 473298707
29950 196297783
29951 70125616
29952 537066820
29953 402992523
29954 159551549
29955 406006324
29956 406202754
29957 139293484
29958 499123370
29959 414790992
29960 353720227
29961 864297239
29962 616052045
29963 247250387
29964 561717395
29965 231594696
29966 689825376
29967 414390691
29968 341817137
29969 37058244
29970 799227418
29971 989461311
29972 7292940
29973 38156839
29974 995767397
29975 807797351
29976 956167944
29977 291685485
29978 355726147
29979 874394790
29980 341096490
29981 474092605
29982 536143559
29983 250932123
29984 899410343
29985 386300016
29986 141364780
29987 483479687
29988 636793865
29989 420347931
29990 218771213
29991 856954981
29992 529124667
29993 783960245
29994 334065524
29995 975916873
29996 824638381
29997 821873373
29998 738463494
29999 294221392
30000 994756734
30001 417365325
30002 990744856
30003 56369007
30004 934466496
30005 594816072
30006 167192350
30007 489478758
30008 1806543
30009 79591918
30010 254211658
30011 504165345
30012 278429616
30013 696623982
30014 844322129
30015 635246812
30016 262564906
30017 195326784
30018 72922822
30019 882337784
30020 560180874
30021 559209991
30022 479700406
30023 729731867
30024 813366086
30025 917681565
30026 887922018
30027 625053487
30028 793214154
30029 78976063
30030 548773223
30031 84907244
30032 394083177
30033 214917242
30034 362448937
30035 676489547
30036 619091677
30037 711696481
30038 133996457
30039 994518550
30040 803814693
30041 547574690
30042 508153772
30043 242887250
30044 946623948
30045 799423803
30046 537395804
30047 271775641
30048 919547578
30049 877111104
30050 122375275
30051 231299770
30052 942002876
30053 486910319
30054 3908459
30055 821893707
30056 378771685
30057 953910112
30058 261561082
30059 211014452
30060 958418485
30061 530102130
30062 26621002
30063 115647136
30064 514672465
30065 922806268
30066 741993187
30067 716055902
30068 540292262
30069 784792932
30070 273838747
30071 454816873
30072 215406922
30073 149161765
30074 369220435
30075 56433917
30076 720323692
30077 650680371
30078 610004441
30079 617361294
30080 558185172
30081 245570871
30082 442710092
30083 465470861
30084 476955829
30085 900046735
30086 246390672
30087 565160569
30088 887132380
30089 621543342
30090 240482936
30091 943183703
30092 24658353
30093 352599465
30094 965274209
30095 737042797
30096 870334922
30097 747778033
30098 276430061
30099 682400704
30100 114455344
30101 920655188
30102 453347544
30103 922078280
30104 172649626
30105 990164498
30106 672006314
30107 184010129
30108 849798342
30109 309449675
30110 213219811
30111 84487622
30112 653559887
30113 968127953
30114 638644736
30115 757426282
30116 448111170
30117 620324219
30118 787226264
30119 362283416
30120 283247232
30121 859563605
30122 442504487
30123 108056412
30124 649789932
30125 41586560
30126 707520954
30127 181065199
30128 634038976
30129 739300467
30130 661179529
30131 935139282
30132 536703584
30133 111086095
30134 11374881
30135 853076707
30136 514026987
30137 434830594
30138 448916408
30139 61465560
30140 992165829
30141 579261319
30142 886210887
30143 711197454
30144 681681211
30145 400825240
30146 121964398
30147 417279625
30148 835769306
30149 168172655
30150 113427597
30151 406081479
30152 115152592
30153 561453529
30154 153577178
30155 949194377
30156 233268124
30157 645504065
30158 697856883
30159 966530777
30160 252371704
30161 331719138
30162 204968231
30163 133700917
30164 296752511
30165 127606916
30166 578607418
30167 155977438
30168 701568979
30169 139731189
30170 305522903
30171 159328597
30172 975242485
30173 468389753
30174 751245243
30175 451342144
30176 720146358
30177 260167175
30178 424498753
30179 345930841
30180 839598390
30181 72511228
30182 438670639
30183 987422677
30184 564006653
30185 193588263
30186 659910452
30187 412324143
30188 621907846
30189 526149406
30190 676018860
30191 558531641
30192 778215522
30193 460301202
30194 537195105
30195 284835035
30196 505380861
30197 922239286
30198 700174903
30199 324845255
30200 641548628
30201 790810245
30202 817619662
30203 51002042
30204 592020394
30205 199232883
30206 70805165
30207 819555042
30208 870998565
30209 38711397
30210 222628427
30211 395395866
30212 832469129
30213 664307570
30214 470635964
30215 682622652
30216 13972624
30217 457160680
30218 997401197
30219 889199803
30220 18028269
30221 629775755
30222 383004927
30223 289499230
30224 649600791
30225 472814289
30226 749208956
30227 352915657
30228 727489552
30229 905679415
30230 618038624
30231 286527260
30232 460065956
30233 376371003
30234 402617725
30235 349707648
30236 368035920
30237 958862623
30238 902545905
30239 200168108
30240 661533543
30241 11995947
30242 865637887
30243 559403953
30244 652752645
30245 631071043
30246 341055404
30247 142834468
30248 437034910
30249 282140328
30250 970604962
30251 136929931
30252 608981666
30253 563208633
30254 116017150
30255 490089716
30256 73854441
30257 720827721
30258 515624493
30259 476010416
30260 937840143
30261 455700025
30262 649458678
30263 425916848
30264 734645571
30265 295790475
30266 781247945
30267 307420265
30268 379457629
30269 350399623
30270 506330431
30271 594453966
30272 601974595
30273 170652797
30274 770699984
30275 304249478
30276 668465939
30277 182928053
30278 505066107
30279 928025726
30280 122522878
30281 726956283
30282 818273854
30283 942352213
30284 29826125
30285 537022438
30286 372793780
30287 277420524
30288 108493972
30289 670445922
30290 444899325
30291 367127255
30292 278403810
30293 503428262
30294 320788435
30295 12639775
30296 402572614
30297 959040347
30298 826672497
30299 774509754
30300 243379210
30301 738684998
30302 6048206
30303 111592978
30304 243960169
30305 193159446
30306 552645419
30307 616766516
30308 936923140
30309 876777456
30310 787250423
30311 543624525
30312 972536795
30313 272357599
30314 792982782
30315 955025269
30316 737013690
30317 827456241
30318 438165355
30319 915657440
30320 498813512
30321 129499441
30322 986168705
30323 884863724
30324 834522676
30325 736735100
30326 952530362
30327 357902921
30328 195755978
30329 228898240
30330 381614138
30331 568395746
30332 272376350
30333 342370763
30334 482708572
30335 415669261
30336 951064830
30337 72098622
30338 928338532
30339 6845875
30340 546076864
30341 558487992
30342 800516476
30343 547158691
30344 615200037
30345 613374401
30346 235884441
30347 995608068
30348 337761041
30349 192785745
30350 555847999
30351 661208767
30352 740609928
30353 241129317
30354 240195488
30355 35043850
30356 326093963
30357 861664352
30358 314849913
30359 260909612
30360 676472003
30361 816463992
30362 189894109
30363 858934229
30364 643952981
30365 666639575
30366 512312490
30367 179707585
30368 400422606
30369 838476693
30370 106359152
30371 363944697
30372 72706179
30373 875884848
30374 383381316
30375 183784267
30376 595637799
30377 751094245
30378 157593405
30379 881992576
30380 820081329
30381 661238589
30382 179121949
30383 544947177
30384 849779
30385 830935987
30386 337357400
30387 452254972
30388 707238426
30389 655481171
30390 627015098
30391 379665817
30392 25532208
30393 239667552
30394 565934179
30395 281986119
30396 404151120
30397 261400446
30398 381005571
30399 77449076
30400 846715048
30401 912435818
30402 848750611
30403 677558027
30404 267064796
30405 145833140
30406 119277525
30407 496245592
30408 98812008
30409 777919696
30410 170163384
30411 800089015
30412 409425969
30413 852014296
30414 671920642
30415 97920802
30416 381818359
30417 511892519
30418 558811829
30419 116271710
30420 205934962
30421 459036736
30422 105507457
30423 741066970
30424 964475481
30425 246004942
30426 598193452
30427 664437691
30428 928068169
30429 82189174
30430 436174025
30431 649901884
30432 508631724
30433 33552829
30434 665282062
30435 472130021
30436 101832289
30437 618146120
30438 406447156
30439 232642075
30440 981767555
30441 932127348
30442 819647429
30443 483507111
30444 309409992
30445 565731360
30446 926935178
30447 826180510
30448 686032437
30449 998524421
30450 697409428
30451 76604478
30452 726265487
30453 72415976
30454 148838698
30455 705876461
30456 61166057
30457 334344216
30458 307093664
30459 54105095
30460 213171379
30461 820631846
30462 811825602
30463 942717915
30464 371366243
30465 368214587
30466 203004314
30467 519176497
30468 342789656
30469 771204544
30470 392805846
30471 451015362
30472 726043466
30473 333963154
30474 876808141
30475 7654404
30476 931160724
30477 164606459
30478 29221965
30479 638218969
30480 428190134
30481 432259268
30482 238972725
30483 39099356
30484 760813404
30485 843769571
30486 614147232
30487 368303318
30488 85481642
30489 591952371
30490 835742099
30491 492327982
30492 997129514
30493 238829388
30494 493503649
30495 669271261
30496 546270304
30497 92025008
30498 588177344
30499 889642899
30500 553006694
30501 190245011
30502 183852782
30503 351144255
30504 300406236
30505 788157078
30506 93468097
30507 2106566
30508 50575057
30509 629987296
30510 432114975
30511 796655778
30512 601471866
30513 867053645
30514 285244833
30515 416024618
30516 723104941
30517 898278427
30518 781127168
30519 548489938
30520 853891534
30521 297629974
30522 610881416
30523 77836206
30524 361057354
30525 840670194
30526 573551862
30527 273430134
30528 947544754
30529 609733143
30530 884961792
30531 551064083
30532 535995091
30533 591739380
30534 452554652
30535 458532047
30536 526013730
30537 14262587
30538 216594629
30539 81728830
30540 549862583
30541 60437290
30542 349058072
30543 324134341
30544 606742144
30545 507098162
30546 254312799
30547 145499736
30548 152405918
30549 768411503
30550 61455483
30551 522615788
30552 420828110
30553 945580355
30554 661071362
30555 571987210
30556 225443631
30557 195378046
30558 527015573
30559 713180194
30560 44059354
30561 7302566
30562 123318625
30563 288219124
30564 300681085
30565 503319191
30566 746314344
30567 329267135
30568 530323961
30569 770950416
30570 589291371
30571 587302409
30572 255476046
30573 503878060
30574 979083933
30575 390033449
30576 7210189
30577 683846746
30578 125814341
30579 682885902
30580 832850962
30581 596983665
30582 953965378
30583 663184839
30584 601351417
30585 942359180
30586 470097825
30587 298085268
30588 360173444
30589 708019289
30590 790359937
30591 358747968
30592 813339284
30593 701501820
30594 328294200
30595 358226864
30596 275167516
30597 202367615
30598 659858944
30599 221040468
30600 858149342
30601 932217536
30602 568816727
30603 57111148
30604 150456839
30605 758734027
30606 602231327
30607 729051210
30608 7810799
30609 761112070
30610 950148933
30611 348788225
30612 546449361
30613 778309411
30614 243661121
30615 41242177
30616 591896143
30617 785743059
30618 228706768
30619 354710436
30620 974712731
30621 663902736
30622 321079131
30623 342363423
30624 993117890
30625 568166090
30626 573315822
30627 585426202
30628 925814280
30629 972034960
30630 277546281
30631 989383864
30632 110663464
30633 166584855
30634 654104794
30635 756810737
30636 360459263
30637 606906462
30638 370098658
30639 15865341
30640 536411158
30641 958227690
30642 351255672
30643 443122569
30644 333126697
30645 501539353
30646 114131436
30647 985484184
30648 625630736
30649 337660138
30650 674621874
30651 984282489
30652 195565327
30653 101701280
30654 319033451
30655 89528949
30656 891131130
30657 429180668
30658 678414563
30659 227483533
30660 915662433
30661 271052108
30662 602163994
30663 542984890
30664 506577034
30665 412438407
30666 54229786
30667 18309280
30668 409596325
30669 647779765
30670 113006641
30671 818125432
30672 835455145
30673 829091201
30674 779457866
30675 16022725
30676 159347742
30677 506577906
30678 120990902
30679 287360289
30680 952939261
30681 127487191
30682 501092418
30683 232480540
30684 262137827
30685 743260840
30686 243248927
30687 211851799
30688 750227357
30689 9958316
30690 681482550
30691 532102921
30692 384408813
30693 748681883
30694 886209555
30695 570735562
30696 411335754
30697 921555728
30698 916737510
30699 846249659
30700 573296659
30701 298945883
30702 788135196
30703 942347745
30704 547949165
30705 61738694
30706 420209143
30707 465627544
30708 897579777
30709 10302360
30710 297410213
30711 705227493
30712 433471736
30713 745525882
30714 537625813
30715 28898431
30716 890629172
30717 337163444
30718 251194557
30719 442371714
30720 670434526
30721 681774290
30722 645679523
30723 304213970
30724 906641472
30725 586006072
30726 334296157
30727 858452191
30728 285300096
30729 554052058
30730 833046358
30731 100578186
30732 615574347
30733 202511313
30734 216643327
30735 752853427
30736 483988860
30737 13142193
30738 291772781
30739 974415544
30740 345937117
30741 332576788
30742 367448627
30743 675787088
30744 189953269
30745 936338804
30746 764915673
30747 378169211
30748 789937332
30749 602660775
30750 474844359
30751 881692214
30752 767153428
30753 87560449
30754 244970498
30755 307345578
30756 261456943
30757 677648895
30758 576570219
30759 392269566
30760 399420776
30761 809179527
30762 364772336
30763 167087764
30764 261646924
30765 657883067
30766 773210774
30767 474846112
30768 603436772
30769 165252663
30770 732577798
30771 93644806
30772 742185474
30773 456417372
30774 413643495
30775 600642257
30776 250342674
30777 77550415
30778 810347664
30779 673020015
30780 28419467
30781 304174998
30782 596379074
30783 97169255
30784 100290481
30785 580621010
30786 122281145
30787 459732282
30788 55964402
30789 735235312
30790 759602672
30791 952460300
30792 340488802
30793 441131121
30794 797914312
30795 892835796
30796 857081056
30797 252185082
30798 18057085
30799 142317786
30800 673972966
30801 345879287
30802 980874268
30803 638897664
30804 605887528
30805 869962255
30806 112979442
30807 591492034
30808 653791437
30809 485058924
30810 105513045
30811 801844678
30812 85330860
30813 853972716
30814 94608288
30815 892445289
30816 333575231
30817 621977447
30818 62664879
30819 23926852
30820 29715488
30821 44224594
30822 532527517
30823 852544256
30824 975705156
30825 29158761
30826 589267599
30827 464990883
30828 349590786
30829 576901784
30830 49871732
30831 898368046
30832 718481759
30833 566413728
30834 254525867
30835 260646789
30836 98833736
30837 277196583
30838 537310349
30839 20502158
30840 405564691
30841 701293605
30842 554946843
30843 741681647
30844 578129350
30845 197501662
30846 238564840
30847 152508752
30848 285554414
30849 791549875
30850 524620940
30851 538165607
30852 837570393
30853 432436092
30854 741346108
30855 424329386
30856 558886450
30857 407964970
30858 20115889
30859 883212539
30860 942924967
30861 4637735
30862 183765785
30863 107064700
30864 195523021
30865 357525530
30866 970077511
30867 56248373
30868 493377721
30869 234938386
30870 991027956
30871 142643908
30872 497197239
30873 736617718
30874 463760312
30875 629875694
30876 702340608
30877 292064223
30878 985415295
30879 130190883
30880 686974830
30881 922299654
30882 688286842
30883 664038951
30884 39091666
30885 667362785
30886 425982776
30887 572398075
30888 863066826
30889 742561839
30890 834051955
30891 148765007
30892 90585065
30893 939851163
30894 224678730
30895 789621111
30896 181892084
30897 294306617
30898 330759305
30899 873770593
30900 28186722
30901 254551014
30902 272385536
30903 305418537
30904 365268230
30905 327674414
30906 109898376
30907 521006022
30908 340969879
30909 926763
30910 775807227
30911 838309983
30912 903575908
30913 995944019
30914 601480100
30915 178136118
30916 958452477
30917 661011997
30918 955132369
30919 798861899
30920 530417705
30921 407583260
30922 298518897
30923 303314064
30924 866095665
30925 41828790
30926 639937019
30927 223641520
30928 359059472
30929 183613498
30930 550973883
30931 789556950
30932 104543719
30933 820738370
30934 420174249
30935 725647513
30936 731911181
30937 967327508
30938 889376387
30939 974747598
30940 33354836
30941 292582727
30942 802593707
30943 710151214
30944 87679221
30945 501913122
30946 185298159
30947 365838021
30948 347325320
30949 495023284
30950 565600609
30951 617448556
30952 728452773
30953 865652932
30954 396978387
30955 954249504
30956 251834024
30957 420396227
30958 572378183
30959 801439858
30960 447298914
30961 898907166
30962 560471215
30963 363374233
30964 66426657
30965 639875938
30966 473392163
30967 674390668
30968 683249490
30969 583510945
30970 55598656
30971 86636551
30972 813154667
30973 741119782
30974 681081344
30975 326254292
30976 745708433
30977 596861408
30978 225943953
30979 344062845
30980 989403281
30981 153720822
30982 161468979
30983 790609634
30984 979957962
30985 82797650
30986 333920659
30987 1642933
30988 819007950
30989 617990506
30990 733834448
30991 471586257
30992 504578714
30993 36119185
30994 451659714
30995 554279786
30996 869196925
30997 417407388
30998 443082704
30999 445546351
31000 263534252
31001 216333870
31002 62625151
31003 675964542
31004 398454058
31005 705373089
31006 166854478
31007 686434961
31008 984177626
31009 200084638
31010 287146523
31011 690544280
31012 696166037
31013 111399589
31014 718500364
31015 384146718
31016 502090576
31017 919973737
31018 498207680
31019 296823455
31020 793681532
31021 894317524
31022 434910960
31023 293611067
31024 358324572
31025 545131382
31026 639602320
31027 627163594
31028 756392447
31029 789599312
31030 177395582
31031 628168379
31032 839985186
31033 576783577
31034 77812994
31035 572184654
31036 948437086
31037 555649589
31038 319258946
31039 366642362
31040 633445648
31041 768647615
31042 98670616
31043 751849197
31044 984728249
31045 574465151
31046 48315978
31047 449667384
31048 481180940
31049 28078613
31050 598674664
31051 609569624
31052 696860689
31053 835779336
31054 618544401
31055 872465028
31056 463875101
31057 437652232
31058 127540254
31059 586516546
31060 572033421
31061 896804350
31062 471460662
31063 590090836
31064 280169226
31065 167892920
31066 145933193
31067 529630244
31068 646783403
31069 269715576
31070 101208483
31071 367929695
31072 357502052
31073 670389303
31074 74527477
31075 234179263
31076 818372031
31077 326041788
31078 306397574
31079 528356846
31080 483141118
31081 362937416
31082 601376232
31083 145609110
31084 785850405
31085 311054344
31086 320805284
31087 787579648
31088 990034694
31089 1991914
31090 477495183
31091 893032043
31092 304876527
31093 837984113
31094 873065528
31095 96372968
31096 1781511
31097 417044733
31098 369552807
31099 490285930
31100 332360417
31101 484958029
31102 835684959
31103 225205832
31104 529816062
31105 83933348
31106 665079355
31107 822686831
31108 832365954
31109 534773355
31110 531195644
31111 751365004
31112 609842011
31113 808781331
31114 98269740
31115 410312998
31116 7596295
31117 130532494
31118 753100810
31119 398270755
31120 598968412
31121 661606578
31122 159625934
31123 402650897
31124 776355870
31125 459656767
31126 158826701
31127 762455506
31128 708221150
31129 800363731
31130 835585037
31131 604613628
31132 747473062
31133 234157937
31134 803115088
31135 305230798
31136 26112600
31137 627935437
31138 634072866
31139 576837634
31140 850504334
31141 913219878
31142 761417695
31143 264995982
31144 349688009
31145 150412748
31146 161884773
31147 681663956
31148 993961983
31149 434145163
31150 774878597
31151 766165735
31152 353205806
31153 151580760
31154 118666768
31155 912697899
31156 65366263
31157 519338886
31158 438133831
31159 678640753
31160 369466561
31161 120722921
31162 434973683
31163 763107129
31164 934430157
31165 918325724
31166 612191792
31167 433404918
31168 304658507
31169 834454727
31170 935755212
31171 26417486
31172 632059576
31173 899081697
31174 405759449
31175 848859582
31176 433989544
31177 164759703
31178 781136756
31179 892167617
31180 401788990
31181 99734260
31182 642799621
31183 914819123
31184 154491785
31185 889008586
31186 384286259
31187 184320005
31188 935337542
31189 198114364
31190 577775029
31191 708982300
31192 606831599
31193 697876366
31194 743998374
31195 711332601
31196 512283458
31197 687861312
31198 755854792
31199 79002763
31200 65341756
31201 359368374
31202 584496124
31203 865227784
31204 270266243
31205 212080360
31206 78156505
31207 72863814
31208 543689237
31209 182534961
31210 388528516
31211 637430482
31212 822527705
31213 742168025
31214 671403603
31215 366426326
31216 575836324
31217 902012121
31218 512448463
31219 206388474
31220 508908723
31221 44696522
31222 625440783
31223 592143224
31224 607252528
31225 407894245
31226 942874873
31227 948691845
31228 989048951
31229 122367474
31230 380190937
31231 300625810
31232 605202558
31233 66847048
31234 429117652
31235 542243162
31236 417374692
31237 764262310
31238 934029625
31239 735098951
31240 44130770
31241 881053832
31242 483979701
31243 633218037
31244 91827001
31245 523864592
31246 764355573
31247 593920650
31248 102297864
31249 543246964
31250 260541469
31251 921727138
31252 398042248
31253 829727719
31254 658740314
31255 672445852
31256 720247448
31257 339030501
31258 216300803
31259 815857850
31260 697913952
31261 993052437
31262 145484702
31263 228017089
31264 537563138
31265 32962746
31266 790199976
31267 457148700
31268 905104975
31269 992068032
31270 427117980
31271 436121917
31272 718374408
31273 144270074
31274 149923838
31275 638203553
31276 29033709
31277 682347596
31278 827944719
31279 747492790
31280 511904184
31281 624777533
31282 748325493
31283 372199057
31284 391351099
31285 719102091
31286 7667379
31287 613692566
31288 929445595
31289 396352518
31290 504335851
31291 414929786
31292 46277504
31293 387994974
31294 155948301
31295 705762887
31296 761314869
31297 121946346
31298 254008909
31299 272317012
31300 406806613
31301 297827927
31302 677030365
31303 23100352
31304 207527037
31305 363005013
31306 928394074
31307 634447372
31308 354699857
31309 410698944
31310 478537408
31311 220035465
31312 114853884
31313 443642519
31314 979157272
31315 139928088
31316 423846662
31317 835303998
31318 32241749
31319 596630237
31320 561268010
31321 788364386
31322 355243488
31323 271935358
31324 363781020
31325 594654836
31326 24910788
31327 717144178
31328 435236233
31329 120165968
31330 511664929
31331 575617551
31332 37072252
31333 324969731
31334 365399221
31335 85113291
31336 21092234
31337 257706665
31338 272321034
31339 396936977
31340 118552206
31341 960999766
31342 947160148
31343 298711875
31344 476206169
31345 198154685
31346 165060180
31347 220217853
31348 83589274
31349 571870422
31350 600200618
31351 317681972
31352 643244589
31353 801514339
31354 42089076
31355 20813956
31356 367597719
31357 463464796
31358 369971194
31359 282706946
31360 934113157
31361 700605860
31362 10860693
31363 383132322
31364 925187153
31365 100142407
31366 946801046
31367 195166198
31368 680347131
31369 461786928
31370 499711076
31371 611674135
31372 161837467
31373 739294228
31374 617077383
31375 350953682
31376 422654694
31377 534566441
31378 977758918
31379 403579287
31380 245437249
31381 515444079
31382 68894048
31383 179804666
31384 561145486
31385 45956453
31386 279998814
31387 681986121
31388 395410706
31389 595257055
31390 396523331
31391 310366327
31392 119350214
31393 3641588
31394 853892575
31395 468398654
31396 576889051
31397 330463206
31398 891244610
31399 577601543
31400 331747045
31401 391368388
31402 428886570
31403 287426973
31404 789973249
31405 990948051
31406 451631132
31407 283309664
31408 285299816
31409 90203324
31410 554368377
31411 798458454
31412 462954793
31413 427520022
31414 366954360
31415 145165127
31416 64832915
31417 507413342
31418 862162440
31419 805808484
31420 839830113
31421 703026722
31422 592117479
31423 513593916
31424 427268718
31425 447388642
31426 105478319
31427 426042662
31428 747574151
31429 521987923
31430 810796720
31431 955592667
31432 697884155
31433 676969235
31434 705286142
31435 53419825
31436 161698355
31437 183014603
31438 537300246
31439 732583983
31440 596463575
31441 236581532
31442 286667521
31443 45131109
31444 125894554
31445 153622721
31446 955790993
31447 811205504
31448 587342378
31449 68040324
31450 166248060
31451 624973665
31452 858152152
31453 865046684
31454 634730258
31455 317809564
31456 8249669
31457 698638454
31458 662189812
31459 675780339
31460 621624074
31461 859016091
31462 640773540
31463 888340574
31464 800501030
31465 937807828
31466 812494972
31467 309675263
31468 27261664
31469 358803106
31470 966826138
31471 715483
31472 796861185
31473 119855434
31474 456042443
31475 543519198
31476 352427847
31477 678148010
31478 504373151
31479 918078029
31480 562656640
31481 17574154
31482 431422643
31483 15683801
31484 832977963
31485 216898919
31486 682658484
31487 783559618
31488 21751343
31489 125275097
31490 773566263
31491 143658096
31492 784494134
31493 204064456
31494 817091335
31495 666185560
31496 602314935
31497 339399089
31498 291681778
31499 333494783
31500 388215984
31501 672543777
31502 685163984
31503 320075634
31504 304235784
31505 58870917
31506 332258623
31507 885955127
31508 755913308
31509 110016574
31510 125542623
31511 433412286
31512 354142373
31513 771259979
31514 714079061
31515 788565720
31516 978453635
31517 291116812
31518 513870317
31519 419420196
31520 233846964
31521 151192395
31522 200179153
31523 677415814
31524 998004647
31525 943905911
31526 53651384
31527 32179168
31528 309381430
31529 149761199
31530 720655039
31531 50178680
31532 399442637
31533 459893103
31534 924759449
31535 624201555
31536 390916650
31537 510352532
31538 791764225
31539 709233862
31540 453880689
31541 196871922
31542 638646643
31543 10403075
31544 462015768
31545 838129112
31546 746978352
31547 575719578
31548 872849731
31549 153653865
31550 198024030
31551 656007495
31552 268561405
31553 499909089
31554 505093664
31555 655797272
31556 610134268
31557 852787251
31558 901294453
31559 758002626
31560 509347042
31561 523679245
31562 986408027
31563 319387298
31564 910850371
31565 911975372
31566 647061548
31567 12710743
31568 945028628
31569 724051077
31570 237273101
31571 773698170
31572 715592486
31573 262663514
31574 775030767
31575 492042665
31576 716930033
31577 198802038
31578 654406611
31579 728282981
31580 754405529
31581 187094111
31582 571014910
31583 88735297
31584 611820368
31585 67330633
31586 138140590
31587 436570621
31588 835599777
31589 761607985
31590 807748961
31591 752555420
31592 50097924
31593 471270405
31594 601824888
31595 398490194
31596 45060018
31597 166549928
31598 931093989
31599 381649435
31600 127174660
31601 659995304
31602 726827868
31603 534630984
31604 864913353
31605 623026262
31606 872968651
31607 845328264
31608 373007227
31609 295460847
31610 865713350
31611 275968579
31612 333959522
31613 911958423
31614 964064707
31615 462804896
31616 519472745
31617 381919283
31618 387952910
31619 350052770
31620 548406019
31621 43621994
31622 125490707
31623 114592324
31624 305060185
31625 255994856
31626 634694241
31627 343413996
31628 717848084
31629 542918619
31630 291177954
31631 390043906
31632 211760211
31633 867865708
31634 226488538
31635 467482591
31636 976681294
31637 107874335
31638 173802837
31639 256767654
31640 780915214
31641 25335660
31642 118816735
31643 803883589
31644 113203356
31645 748543067
31646 777090669
31647 157801593
31648 127344887
31649 133599196
31650 93950342
31651 448888152
31652 970487545
31653 837362052
31654 632956955
31655 332739544
31656 329360602
31657 126894494
31658 795086592
31659 226275164
31660 215836082
31661 118099050
31662 728179654
31663 641794203
31664 520798077
31665 727728027
31666 534658705
31667 603180190
31668 320684828
31669 719942742
31670 64510559
31671 542923593
31672 983118343
31673 389681161
31674 456006951
31675 808196750
31676 827334854
31677 97920740
31678 937565722
31679 44410905
31680 546675159
31681 23759107
31682 412638399
31683 30933359
31684 363122702
31685 485768164
31686 981105154
31687 3425767
31688 105411473
31689 779381399
31690 441816455
31691 420844993
31692 611862574
31693 876771821
31694 672984521
31695 65623235
31696 952700575
31697 225366651
31698 166080233
31699 898728530
31700 569881886
31701 416661528
31702 109137044
31703 650391304
31704 990909713
31705 252537475
31706 470981625
31707 779661061
31708 935190002
31709 940732231
31710 514802129
31711 228849664
31712 963271108
31713 114872831
31714 692424809
31715 133978056
31716 332674698
31717 797282147
31718 582417652
31719 364674799
31720 678751197
31721 171644414
31722 162245023
31723 74492464
31724 748455818
31725 598775010
31726 778959477
31727 177499711
31728 883757522
31729 481483553
31730 632338890
31731 400242392
31732 571739125
31733 741528427
31734 954122093
31735 50760620
31736 14474602
31737 326324437
31738 359291473
31739 660185950
31740 605412045
31741 115404598
31742 983158840
31743 169948243
31744 592159871
31745 842813634
31746 377062227
31747 57331440
31748 847932592
31749 561691404
31750 814679764
31751 962765413
31752 925864495
31753 259738984
31754 900401989
31755 25654503
31756 210592680
31757 254948912
31758 760889495
31759 718846248
31760 869415947
31761 633246780
31762 696174110
31763 16929590
31764 499221128
31765 889285920
31766 215355044
31767 195677700
31768 478201990
31769 103523957
31770 596431298
31771 213764222
31772 773530907
31773 549434582
31774 80323294
31775 506513150
31776 675725816
31777 160351455
31778 636604698
31779 80517248
31780 666641963
31781 886360445
31782 340435776
31783 68961783
31784 630364159
31785 819674294
31786 110688475
31787 289946147
31788 703696709
31789 579000898
31790 795998255
31791 712044290
31792 837096727
31793 969787426
31794 815803845
31795 759937740
31796 84465263
31797 467541106
31798 477438783
31799 181819071
31800 753924735
31801 464080031
31802 53213154
31803 560257973
31804 299573206
31805 226819703
31806 749111190
31807 556041991
31808 276638561
31809 20699122
31810 401541211
31811 459519302
31812 127135073
31813 591723846
31814 940969449
31815 283485175
31816 327681104
31817 691348136
31818 28220532
31819 408946875
31820 683178566
31821 999449855
31822 37790805
31823 923338911
31824 628831533
31825 30810244
31826 196586310
31827 154256941
31828 871160700
31829 132127312
31830 992703719
31831 603945763
31832 463443764
31833 316060502
31834 941348060
31835 65076121
31836 900782651
31837 302238920
31838 725502988
31839 448477202
31840 955765697
31841 869000825
31842 430622944
31843 435903835
31844 400710365
31845 48850489
31846 797980994
31847 937802078
31848 94165772
31849 961264770
31850 107607019
31851 70199689
31852 119943505
31853 510728010
31854 393742704
31855 178027112
31856 641324433
31857 511261784
31858 613955808
31859 379284091
31860 401298286
31861 174841996
31862 857779426
31863 488778854
31864 460386169
31865 618816081
31866 272415220
31867 341536481
31868 450972177
31869 909783265
31870 600655676
31871 723630684
31872 852063294
31873 537837040
31874 893096151
31875 374745576
31876 776455429
31877 893846473
31878 716253128
31879 210321391
31880 93683429
31881 930223907
31882 586348308
31883 207407408
31884 517025951
31885 237434355
31886 535689957
31887 48436582
31888 724194927
31889 191284148
31890 380777470
31891 365408237
31892 690990503
31893 211977174
31894 869677158
31895 138385064
31896 972866526
31897 933198872
31898 6208189
31899 817853364
31900 224768561
31901 79210124
31902 260137898
31903 223990518
31904 639679508
31905 635576790
31906 388911233
31907 943843423
31908 123362787
31909 158945233
31910 959535419
31911 472019066
31912 194886904
31913 476377612
31914 755827283
31915 330853438
31916 947876772
31917 497531959
31918 302702484
31919 26323909
31920 591910763
31921 324603866
31922 235060032
31923 875962023
31924 549868910
31925 117008983
31926 713891000
31927 321327559
31928 605455766
31929 416510323
31930 804240187
31931 278995693
31932 118509901
31933 304717682
31934 1872071
31935 192225727
31936 852901909
31937 529758680
31938 517810770
31939 876092300
31940 653797535
31941 791223965
31942 943029889
31943 972460011
31944 354234212
31945 169384850
31946 80513682
31947 989646637
31948 582371449
31949 771707091
31950 224575905
31951 738638699
31952 234543497
31953 260704717
31954 639093389
31955 202092408
31956 279527453
31957 659742818
31958 812119874
31959 440957249
31960 24985737
31961 34367285
31962 491933498
31963 493818240
31964 919560379
31965 13573136
31966 75221953
31967 491628755
31968 421559042
31969 462727264
31970 150010134
31971 855543573
31972 452243602
31973 163948234
31974 955311347
31975 904404969
31976 870449739
31977 981383584
31978 114310721
31979 148191540
31980 969996079
31981 460652173
31982 989441268
31983 172815067
31984 390224122
31985 54894627
31986 774970848
31987 15838757
31988 219551586
31989 750390753
31990 900067841
31991 21789433
31992 496639659
31993 297065685
31994 636386499
31995 761881911
31996 752879085
31997 391957678
31998 969871059
31999 519344036
32000 604181757
32001 441297503
32002 776391785
32003 118330255
32004 177495985
32005 456589343
32006 726466642
32007 487628178
32008 472978333
32009 204069206
32010 320185578
32011 496576844
32012 667392403
32013 8133935
32014 486792498
32015 277544423
32016 259078735
32017 419599329
32018 469713176
32019 71257642
32020 414349230
32021 637724292
32022 374866240
32023 258143885
32024 447823849
32025 190785291
32026 481519199
32027 980573972
32028 603186149
32029 884023900
32030 325381747
32031 571593322
32032 241601694
32033 3672096
32034 111856116
32035 122938124
32036 556348039
32037 478365960
32038 366646351
32039 503043366
32040 486782702
32041 82914909
32042 20832557
32043 80927711
32044 847985731
32045 826264932
32046 291744356
32047 972790591
32048 954324595
32049 947680865
32050 712902731
32051 406328920
32052 690231402
32053 741385502
32054 538085138
32055 511969897
32056 69025085
32057 438110348
32058 414799847
32059 936924607
32060 187948644
32061 200837841
32062 891220525
32063 611392876
32064 176094732
32065 225697562
32066 524422393
32067 622931308
32068 487145579
32069 641879266
32070 291396158
32071 750549607
32072 936693566
32073 382085691
32074 259262194
32075 196826689
32076 223252769
32077 214305294
32078 422343602
32079 221524432
32080 96184547
32081 907069625
32082 619058908
32083 973952514
32084 725127404
32085 331014627
32086 8316549
32087 378980841
32088 800380686
32089 461941578
32090 953194348
32091 779518616
32092 463346662
32093 473799518
32094 928769019
32095 141306087
32096 684370457
32097 127354916
32098 967149491
32099 975356046
32100 352865685
32101 167980920
32102 975625504
32103 611976856
32104 499005440
32105 699640166
32106 965028914
32107 600079638
32108 987002050
32109 178483843
32110 650009509
32111 708736319
32112 353632812
32113 289561017
32114 622416047
32115 306174003
32116 277213211
32117 428483906
32118 401372639
32119 649464778
32120 116647654
32121 349976755
32122 8577303
32123 806294618
32124 980083194
32125 104009658
32126 699231703
32127 452176338
32128 934789103
32129 578848687
32130 781235867
32131 467645288
32132 907681784
32133 267761853
32134 940397505
32135 667793845
32136 582709330
32137 517524315
32138 141212733
32139 257682264
32140 819600128
32141 438175530
32142 308545647
32143 48756693
32144 128252418
32145 497356860
32146 153706930
32147 908167591
32148 404101001
32149 630516615
32150 880453030
32151 752504910
32152 257527541
32153 747118967
32154 191979346
32155 109565610
32156 48291068
32157 656444517
32158 270882028
32159 252051363
32160 891536438
32161 969418990
32162 849173698
32163 58497612
32164 470875160
32165 577078794
32166 455539840
32167 272161830
32168 767767957
32169 932130122
32170 571918267
32171 984548148
32172 151760125
32173 290767523
32174 212331776
32175 463245070
32176 996411385
32177 416015711
32178 356140935
32179 162588430
32180 669064873
32181 553936637
32182 352210543
32183 971979944
32184 767842981
32185 56629720
32186 961793809
32187 375639971
32188 534701536
32189 747010413
32190 484711892
32191 130660298
32192 800523053
32193 576097666
32194 503353443
32195 996110243
32196 824439819
32197 269930430
32198 817223241
32199 587675688
32200 703016746
32201 936183870
32202 608864242
32203 384303835
32204 108056352
32205 889428133
32206 554627559
32207 294245390
32208 613160257
32209 1811242
32210 180803297
32211 627732860
32212 714362458
32213 258337760
32214 982743431
32215 84747911
32216 153965174
32217 588865664
32218 362194476
32219 836596173
32220 554331370
32221 639459682
32222 801529532
32223 172626687
32224 977762261
32225 76918793
32226 492517540
32227 362599633
32228 928459067
32229 123566976
32230 10277019
32231 843666973
32232 71135523
32233 422682058
32234 179179589
32235 660259314
32236 362349743
32237 907306868
32238 238245663
32239 456955385
32240 230405681
32241 712621908
32242 711961055
32243 597626902
32244 411376927
32245 141942481
32246 410536456
32247 118310890
32248 885724796
32249 918314763
32250 53096094
32251 117298674
32252 221132522
32253 280897346
32254 594247677
32255 579785055
32256 88446326
32257 365924189
32258 427698787
32259 921310481
32260 455976099
32261 529481664
32262 526182938
32263 429969048
32264 691213939
32265 500119787
32266 922295689
32267 920186824
32268 723511886
32269 549505072
32270 95058714
32271 766840516
32272 281837325
32273 414112784
32274 70670365
32275 410532050
32276 176178226
32277 749386941
32278 529488747
32279 620694384
32280 191382041
32281 826457086
32282 845501594
32283 672670133
32284 172177636
32285 135989952
32286 402499853
32287 564895905
32288 319454791
32289 851938225
32290 542619616
32291 179455264
32292 438640449
32293 471313560
32294 959562271
32295 712542799
32296 296919756
32297 69457523
32298 547534485
32299 619601199
32300 412259895
32301 882374160
32302 396030328
32303 700699358
32304 63782485
32305 514051348
32306 106379058
32307 185811907
32308 553689124
32309 183917306
32310 821139547
32311 382607130
32312 674163772
32313 429597594
32314 865689797
32315 484405428
32316 575202636
32317 869420421
32318 895961477
32319 974713466
32320 362294885
32321 331479731
32322 51768028
32323 890628236
32324 107756436
32325 664018689
32326 589901353
32327 880489029
32328 187952750
32329 949255063
32330 447466657
32331 429493354
32332 623056058
32333 551903991
32334 288056987
32335 191858401
32336 808163945
32337 404405302
32338 992841035
32339 876401787
32340 731639582
32341 623395975
32342 768986786
32343 403368486
32344 800433514
32345 73128198
32346 391734624
32347 615068389
32348 248819315
32349 525605843
32350 195627659
32351 231461762
32352 277609670
32353 350389017
32354 996887207
32355 997922371
32356 594269544
32357 180753767
32358 977443648
32359 293389098
32360 574960561
32361 980015264
32362 424379290
32363 806298678
32364 864612218
32365 230879506
32366 848846759
32367 700629452
32368 734206428
32369 473468119
32370 382987109
32371 452697773
32372 928790026
32373 898026564
32374 804593403
32375 294033248
32376 88900218
32377 167183178
32378 223627641
32379 204369643
32380 551379862
32381 997449021
32382 678654685
32383 541051655
32384 99184647
32385 117136133
32386 57612308
32387 551289358
32388 475084176
32389 126850022
32390 737699918
32391 112880119
32392 307420605
32393 640813131
32394 169470183
32395 556723146
32396 386346424
32397 497262767
32398 524334236
32399 369361944
32400 492643115
32401 425093929
32402 84221255
32403 321418895
32404 460862502
32405 989148832
32406 131014805
32407 735268458
32408 814898747
32409 163860111
32410 14601133
32411 875811074
32412 82670305
32413 561646936
32414 699499676
32415 860052379
32416 230760484
32417 385678874
32418 428700079
32419 648805755
32420 424973983
32421 597502941
32422 412773460
32423 716301462
32424 359159324
32425 14974904
32426 367506323
32427 523303780
32428 51731408
32429 270625549
32430 997146967
32431 828237929
32432 402307810
32433 193910371
32434 765018286
32435 613570135
32436 747561550
32437 559568697
32438 603535346
32439 198520924
32440 61055800
32441 566294213
32442 604047349
32443 599522953
32444 544450306
32445 403912033
32446 524394062
32447 265326212
32448 752783078
32449 952565926
32450 946567925
32451 84459260
32452 233152163
32453 504424491
32454 987802090
32455 771848410
32456 844480435
32457 500346407
32458 425242664
32459 669380354
32460 575917379
32461 540949596
32462 452398605
32463 843248133
32464 163487860
32465 735553488
32466 492895722
32467 723237215
32468 210551978
32469 381002251
32470 645912044
32471 418273287
32472 396533953
32473 598425729
32474 978631881
32475 485863364
32476 982203561
32477 30088701
32478 582932464
32479 585483926
32480 108062317
32481 876748865
32482 512761180
32483 474908095
32484 25565769
32485 765908084
32486 210897952
32487 800413664
32488 215793911
32489 133532886
32490 294554456
32491 283742497
32492 720403229
32493 99491877
32494 756902369
32495 136397616
32496 515550504
32497 531194437
32498 674942371
32499 508375782
32500 911564994
32501 539125019
32502 81757689
32503 874710512
32504 617258480
32505 540560171
32506 160646139
32507 440108476
32508 381875655
32509 748681162
32510 910278594
32511 586505990
32512 838162928
32513 344821591
32514 926115778
32515 246008572
32516 677712293
32517 606876585
32518 476336062
32519 576354467
32520 602337402
32521 5692492
32522 271027316
32523 478869494
32524 502338788
32525 636969182
32526 378267486
32527 132458451
32528 675793889
32529 691698010
32530 560174915
32531 872462797
32532 129636547
32533 762614511
32534 6614549
32535 906570671
32536 78703200
32537 797364997
32538 896938028
32539 63299352
32540 70714187
32541 903449910
32542 765179570
32543 689864077
32544 848202742
32545 289202362
32546 221477266
32547 230266631
32548 745459686
32549 979835823
32550 761414164
32551 40221219
32552 6362205
32553 111081984
32554 655958524
32555 158135907
32556 472035608
32557 121179434
32558 445920031
32559 859637425
32560 300681962
32561 111587385
32562 953590011
32563 608165884
32564 215737106
32565 679774488
32566 18126847
32567 43120508
32568 57951459
32569 87939450
32570 233298212
32571 11947402
32572 511553855
32573 962514615
32574 830296543
32575 629970487
32576 382553212
32577 753042494
32578 71994446
32579 523776382
32580 919845644
32581 11131562
32582 551026216
32583 570618107
32584 990495442
32585 899454589
32586 103752589
32587 482562478
32588 892788850
32589 476489466
32590 162610125
32591 658156842
32592 206655627
32593 180215662
32594 352181360
32595 238806314
32596 779600873
32597 773356038
32598 288400315
32599 743476361
32600 282422697
32601 46795445
32602 133721433
32603 869609654
32604 706120564
32605 295914832
32606 345706644
32607 293673212
32608 215689885
32609 47733087
32610 561046621
32611 719999265
32612 298686374
32613 443816085
32614 714710833
32615 975865199
32616 69960855
32617 340950175
32618 39067400
32619 279994191
32620 713181085
32621 383893088
32622 335706985
32623 236452788
32624 247802893
32625 511523985
32626 738342913
32627 648430578
32628 862479106
32629 71627386
32630 436806960
32631 197341127
32632 60115393
32633 366781249
32634 238998339
32635 673566938
32636 266815674
32637 532012798
32638 885745268
32639 8210080
32640 640192238
32641 546940415
32642 287283328
32643 114952
32644 790531261
32645 690648617
32646 564882020
32647 703615813
32648 787481971
32649 775991308
32650 861702467
32651 578444249
32652 211050804
32653 879383280
32654 338568584
32655 500384226
32656 750035535
32657 518029295
32658 351281113
32659 493055248
32660 361134417
32661 542071788
32662 74769179
32663 977937883
32664 227519671
32665 981485021
32666 222116565
32667 894011361
32668 558909400
32669 150195726
32670 238547913
32671 336948826
32672 133771001
32673 537376131
32674 106762485
32675 937855163
32676 42675935
32677 672703414
32678 274505495
32679 399943589
32680 346733677
32681 137180455
32682 651177440
32683 143087134
32684 140016199
32685 346800405
32686 481097187
32687 828381316
32688 848067427
32689 634750167
32690 694712619
32691 378623459
32692 214214204
32693 318703836
32694 877208156
32695 809284764
32696 941028974
32697 817726341
32698 143515802
32699 1536761
32700 542916478
32701 92814301
32702 605851421
32703 213557617
32704 130496268
32705 744141022
32706 838263345
32707 501467928
32708 436059311
32709 478611698
32710 393943117
32711 247016864
32712 492997021
32713 929384475
32714 86809721
32715 572017201
32716 889885839
32717 640374276
32718 556690913
32719 975889925
32720 999090007
32721 983271668
32722 284288925
32723 766789928
32724 506108089
32725 979765971
32726 344458310
32727 660375727
32728 424906817
32729 333198123
32730 550359761
32731 821629925
32732 86089204
32733 645522175
32734 826380030
32735 806344736
32736 651217120
32737 825028903
32738 590227967
32739 748243902
32740 197647309
32741 538314969
32742 799355238
32743 382003311
32744 331243611
32745 111693273
32746 752462728
32747 388629189
32748 713449412
32749 616664986
32750 931939531
32751 812115174
32752 273152217
32753 508908644
32754 230885116
32755 313350309
32756 238217618
32757 496428500
32758 282962777
32759 761660894
32760 71409591
32761 628835930
32762 898265070
32763 976773773
32764 741440479
32765 597199407
32766 700343871
32767 60016390
32768 776831856
32769 455572665
32770 652437015
32771 63121325
32772 188222568
32773 363791780
32774 569128660
32775 581366809
32776 934991239
32777 695052801
32778 589369127
32779 697156839
32780 701458810
32781 679664357
32782 582894465
32783 286616245
32784 647424589
32785 943536746
32786 787356094
32787 178357485
32788 922622167
32789 424319131
32790 466991339
32791 576449142
32792 907567905
32793 589971763
32794 332876331
32795 67252784
32796 779041206
32797 139530280
32798 464020444
32799 724336509
32800 545331573
32801 965964804
32802 596245305
32803 638491352
32804 27361665
32805 526460993
32806 790618058
32807 410591285
32808 36939107
32809 324403637
32810 982226243
32811 863311129
32812 153909009
32813 185844494
32814 466508304
32815 944359227
32816 866860634
32817 891557061
32818 794310563
32819 872010770
32820 163938250
32821 179329919
32822 198759946
32823 613161874
32824 375500871
32825 738769704
32826 653245650
32827 864589076
32828 51981074
32829 787417915
32830 329200435
32831 40720197
32832 193358711
32833 655825400
32834 247481825
32835 574884086
32836 313310313
32837 217582536
32838 557052597
32839 640323941
32840 985440405
32841 99773422
32842 469337635
32843 889713272
32844 105696824
32845 873979357
32846 942831383
32847 76333196
32848 146142536
32849 725200077
32850 296859328
32851 771764608
32852 871105839
32853 495209509
32854 640389619
32855 251377967
32856 721985169
32857 894005639
32858 281893175
32859 493743177
32860 5613072
32861 129209608
32862 684532496
32863 104203321
32864 225185513
32865 648525623
32866 209301666
32867 176563011
32868 815406755
32869 910816347
32870 579811840
32871 635674926
32872 721583573
32873 967408165
32874 574576865
32875 789682638
32876 377610185
32877 645220950
32878 129148151
32879 309356024
32880 120650116
32881 626138372
32882 910713468
32883 158336395
32884 604261488
32885 928149697
32886 296626437
32887 313559405
32888 159733577
32889 480090023
32890 187579286
32891 354190017
32892 468624984
32893 947945564
32894 351494394
32895 282733331
32896 324933470
32897 340955191
32898 902082627
32899 355896908
32900 303799379
32901 52666519
32902 146051167
32903 631569266
32904 222402692
32905 310183697
32906 211081742
32907 866346954
32908 280217780
32909 38255054
32910 572938332
32911 464545678
32912 639659472
32913 795366747
32914 808251153
32915 409739952
32916 664663388
32917 636928906
32918 384869633
32919 264872053
32920 128827300
32921 287361154
32922 543200988
32923 683233881
32924 275750033
32925 554771776
32926 379678227
32927 19684177
32928 227239299
32929 310070578
32930 546780605
32931 210050434
32932 826120262
32933 132932272
32934 199710773
32935 525841892
32936 154908355
32937 560214394
32938 368512900
32939 307987694
32940 736317857
32941 501877862
32942 731729514
32943 115183698
32944 119300622
32945 103982072
32946 137355489
32947 295129424
32948 870811021
32949 453521065
32950 170306907
32951 358857606
32952 227347511
32953 152094693
32954 456828328
32955 247669714
32956 689140606
32957 502396876
32958 809409322
32959 315913767
32960 390302791
32961 792492170
32962 60811028
32963 153084529
32964 596440661
32965 815526521
32966 276309725
32967 489738717
32968 468975447
32969 266961656
32970 302429763
32971 428538081
32972 173446828
32973 873187218
32974 909221568
32975 984284433
32976 859283466
32977 415936663
32978 142028012
32979 287649712
32980 157988422
32981 822450478
32982 392384659
32983 972098469
32984 232498529
32985 35522875
32986 264045791
32987 421660793
32988 665048705
32989 8424049
32990 328517905
32991 966979127
32992 9625327
32993 676620137
32994 683607760
32995 782588087
32996 743389158
32997 968674308
32998 441084996
32999 937823965
33000 524389306
33001 756947482
33002 111682155
33003 908086546
33004 973716222
33005 573573031
33006 958180799
33007 395361056
33008 335207551
33009 399368666
33010 273103951
33011 694452291
33012 58540413
33013 391104253
33014 711975845
33015 583440252
33016 192964369
33017 815750733
33018 278125245
33019 564216106
33020 983174346
33021 374692225
33022 588529422
33023 773815002
33024 974876760
33025 343677685
33026 142159778
33027 347499134
33028 69577186
33029 658556388
33030 995204189
33031 479021750
33032 148390430
33033 618976653
33034 166274214
33035 60559286
33036 42347000
33037 271231149
33038 378065379
33039 240852628
33040 877405832
33041 611595697
33042 951505196
33043 407656263
33044 759570409
33045 653095492
33046 527234514
33047 546711527
33048 916342307
33049 342201172
33050 766286644
33051 301366001
33052 594170036
33053 44995768
33054 670385731
33055 633629955
33056 157432627
33057 146926712
33058 666500492
33059 703779442
33060 622434604
33061 837003178
33062 570700365
33063 346402626
33064 280634227
33065 767426990
33066 558107879
33067 776253899
33068 388271762
33069 701813864
33070 564796579
33071 165650013
33072 451820530
33073 988781355
33074 497765651
33075 343342333
33076 542869968
33077 283617427
33078 674841608
33079 498414927
33080 173586506
33081 103434191
33082 485393631
33083 763477963
33084 435902138
33085 780431591
33086 754396875
33087 530309129
33088 335312344
33089 198378885
33090 982885865
33091 454002440
33092 245211051
33093 591743210
33094 134362567
33095 106216049
33096 557552826
33097 420512738
33098 503011133
33099 876923759
33100 715274039
33101 479765530
33102 587525330
33103 568589381
33104 201986600
33105 399057674
33106 166422656
33107 973800711
33108 253480296
33109 371911067
33110 385917181
33111 267106192
33112 46082654
33113 281472679
33114 132565798
33115 771069731
33116 949085608
33117 254713517
33118 926332401
33119 172538731
33120 506367007
33121 247544101
33122 405340242
33123 188418835
33124 283773733
33125 744921152
33126 807415510
33127 678790355
33128 646837224
33129 740219870
33130 41968590
33131 459453032
33132 427020903
33133 117192910
33134 224977284
33135 33471533
33136 67978588
33137 212902496
33138 212187197
33139 23077974
33140 169203230
33141 808499554
33142 334154558
33143 968300883
33144 540587166
33145 548550173
33146 806882035
33147 22815582
33148 526456659
33149 492211221
33150 362210689
33151 926927701
33152 167427451
33153 44997079
33154 494989753
33155 623211033
33156 258541941
33157 233878694
33158 351467054
33159 1224509
33160 892046536
33161 886906925
33162 581596353
33163 453494791
33164 924641086
33165 68098111
33166 283048330
33167 836283063
33168 984677777
33169 466162779
33170 610573985
33171 74848751
33172 883365758
33173 801884104
33174 30055131
33175 615378365
33176 440080868
33177 727096343
33178 733368338
33179 114785298
33180 31727574
33181 142949954
33182 497772531
33183 205832191
33184 103876677
33185 797027215
33186 754201757
33187 527563938
33188 646633193
33189 617406641
33190 891678957
33191 957164934
33192 662207163
33193 214002473
33194 250946771
33195 385178036
33196 450114227
33197 80835408
33198 781850041
33199 471681615
33200 600777577
33201 525421995
33202 518891277
33203 901786777
33204 132832056
33205 511618809
33206 907258741
33207 502518051
33208 541349803
33209 581862584
33210 254988199
33211 175872781
33212 870890115
33213 256167656
33214 188914947
33215 578956426
33216 841073219
33217 512157540
33218 181640645
33219 370034109
33220 965400208
33221 816390449
33222 505207168
33223 153524819
33224 134504026
33225 293200503
33226 58560081
33227 647743866
33228 959837603
33229 846234625
33230 398485330
33231 241017697
33232 77229264
33233 23758586
33234 393797140
33235 844430187
33236 994351856
33237 271402523
33238 344219233
33239 279770425
33240 652422476
33241 40369572
33242 767039991
33243 144475887
33244 202097923
33245 328390919
33246 558525216
33247 800909663
33248 608800184
33249 42164509
33250 975655618
33251 241820991
33252 7342100
33253 887226020
33254 957250018
33255 709887797
33256 269374391
33257 92286200
33258 430929237
33259 74313280
33260 215728333
33261 851324182
33262 545358852
33263 899868439
33264 23648255
33265 321479633
33266 826955221
33267 82714749
33268 489299419
33269 740535351
33270 608985741
33271 680580175
33272 741511769
33273 9385681
33274 462895147
33275 628659565
33276 441952897
33277 634573938
33278 849339092
33279 114904669
33280 725249096
33281 594344243
33282 178973765
33283 866547426
33284 415040864
33285 563922638
33286 249789103
33287 700679992
33288 587076861
33289 720376263
33290 918030285
33291 838264497
33292 97068144
33293 928612615
33294 934967128
33295 154415237
33296 89626788
33297 378877335
33298 165796760
33299 890496578
33300 535417286
33301 120483410
33302 139259046
33303 68209946
33304 46932231
33305 282839225
33306 878844586
33307 143880015
33308 894692497
33309 219154720
33310 755250296
33311 45661882
33312 632516096
33313 613354321
33314 623985034
33315 507411133
33316 758920317
33317 678523052
33318 96265300
33319 286079044
33320 567697865
33321 429667253
33322 756250405
33323 596951621
33324 643665588
33325 911361272
33326 921655130
33327 781750163
33328 445498448
33329 371951640
33330 587541258
33331 701976406
33332 944059251
33333 810524808
33334 611721054
33335 876811011
33336 764149215
33337 27355457
33338 978701872
33339 883641296
33340 739211921
33341 592885178
33342 327634692
33343 442059920
33344 491696803
33345 66089395
33346 107138243
33347 35750569
33348 299521420
33349 568897428
33350 149177575
33351 741355519
33352 943534609
33353 278899851
33354 101222392
33355 642477489
33356 878433927
33357 656546338
33358 783191269
33359 756703874
33360 610574388
33361 734930067
33362 439233717
33363 669321907
33364 704748736
33365 633285284
33366 654809985
33367 495318129
33368 366766500
33369 716805486
33370 804093606
33371 474019233
33372 98665139
33373 627327371
33374 220985200
33375 271473212
33376 329043505
33377 480665953
33378 313523953
33379 911271587
33380 389650607
33381 57874064
33382 169425580
33383 976712989
33384 529815282
33385 537337256
33386 269778129
33387 325334431
33388 319481264
33389 85915298
33390 520138270
33391 735188365
33392 627089999
33393 7275015
33394 154193371
33395 73511931
33396 90069604
33397 115843180
33398 728742085
33399 690473373
33400 195674468
33401 794839578
33402 624830262
33403 879543347
33404 240199451
33405 646007284
33406 601340354
33407 347549562
33408 764282944
33409 642118945
33410 705130670
33411 220749400
33412 517342574
33413 288921560
33414 688925643
33415 562762709
33416 966858143
33417 678099578
33418 692495578
33419 421988709
33420 457562685
33421 906721807
33422 215472803
33423 442634817
33424 459810347
33425 797626007
33426 427862449
33427 512391406
33428 546067180
33429 525782368
33430 507867517
33431 731533649
33432 672722709
33433 214815262
33434 760837778
33435 684551672
33436 250916193
33437 592411560
33438 480389342
33439 183737841
33440 570508711
33441 434999507
33442 299290376
33443 460153444
33444 656831297
33445 133794163
33446 962066670
33447 370942760
33448 994427530
33449 443853020
33450 878563401
33451 298449071
33452 714087278
33453 459919464
33454 747777509
33455 374713850
33456 31153180
33457 977224164
33458 425439448
33459 235027946
33460 888475814
33461 223031846
33462 621553597
33463 880443177
33464 613726315
33465 450745622
33466 784561670
33467 308895201
33468 698899289
33469 50159977
33470 347696299
33471 843013818
33472 369933420
33473 182161808
33474 104421674
33475 32527314
33476 538919270
33477 241101506
33478 472843659
33479 923599568
33480 585735721
33481 328963402
33482 351081098
33483 145418703
33484 918475246
33485 348854531
33486 15404901
33487 985133714
33488 261819960
33489 222541493
33490 724107379
33491 549476695
33492 415448708
33493 568941882
33494 567464525
33495 711859929
33496 764589809
33497 499579665
33498 144568745
33499 4167850
33500 272584311
33501 102510914
33502 443401121
33503 763791044
33504 145713538
33505 900314495
33506 559158007
33507 469044616
33508 302356299
33509 479614790
33510 864659960
33511 955468625
33512 519879212
33513 292809618
33514 855337131
33515 251348922
33516 535401471
33517 420779659
33518 450643768
33519 396587403
33520 771094331
33521 664519890
33522 620440997
33523 378152242
33524 393378395
33525 444715784
33526 425253033
33527 580841098
33528 643927707
33529 967699997
33530 711241848
33531 957552577
33532 387292411
33533 542783014
33534 747559249
33535 174165860
33536 418712948
33537 506300955
33538 944720484
33539 897071347
33540 408750874
33541 106669954
33542 992310713
33543 10423741
33544 78712265
33545 727462651
33546 666863013
33547 492483134
33548 48442940
33549 850284285
33550 415540998
33551 594378838
33552 296480332
33553 113272582
33554 793356790
33555 66503758
33556 585604716
33557 805645140
33558 716778050
33559 720819503
33560 680736983
33561 227659000
33562 283751851
33563 48201873
33564 781156360
33565 810712646
33566 667403852
33567 238446548
33568 108755362
33569 567638903
33570 123186573
33571 25314662
33572 7238882
33573 542470527
33574 601883778
33575 490838611
33576 196167478
33577 698497341
33578 519667279
33579 865254135
33580 509124298
33581 976849540
33582 382604694
33583 858048122
33584 213298689
33585 810948183
33586 21349972
33587 831658799
33588 107572357
33589 369117423
33590 35118572
33591 217936574
33592 153018159
33593 704064611
33594 56306425
33595 601274000
33596 416549379
33597 60063253
33598 505097072
33599 202568047
33600 456369395
33601 223972693
33602 849291160
33603 621231360
33604 614292758
33605 922805252
33606 719995086
33607 873049404
33608 265298686
33609 561100140
33610 611082537
33611 384587331
33612 866639713
33613 565752671
33614 293465392
33615 942756213
33616 264193373
33617 248886435
33618 430340431
33619 205938077
33620 463141572
33621 471851975
33622 400930207
33623 62122831
33624 308314666
33625 497289423
33626 468114231
33627 70821775
33628 631608467
33629 58644991
33630 764646466
33631 638575476
33632 857118849
33633 472006258
33634 345158188
33635 952114774
33636 748153452
33637 676145335
33638 20304289
33639 981635807
33640 675342866
33641 902089014
33642 685499733
33643 875736090
33644 489626358
33645 809052254
33646 816831932
33647 506871908
33648 820112311
33649 254691608
33650 315495491
33651 796398667
33652 215621995
33653 710788257
33654 882780425
33655 209564527
33656 294288506
33657 772750314
33658 588672390
33659 485719541
33660 854070514
33661 421560733
33662 568654875
33663 270026521
33664 197236361
33665 756213152
33666 41204414
33667 400530899
33668 583163087
33669 750418968
33670 219652189
33671 836084581
33672 862137901
33673 604617366
33674 844326045
33675 635889631
33676 221049264
33677 81151049
33678 548868382
33679 71719002
33680 532203462
33681 257592480
33682 636222080
33683 639024746
33684 711040625
33685 894061533
33686 55235738
33687 612964860
33688 42411333
33689 618412780
33690 954857401
33691 531596921
33692 772184720
33693 557516172
33694 122708540
33695 203360797
33696 706893528
33697 849658537
33698 955859328
33699 377690413
33700 600351989
33701 758323460
33702 698934652
33703 530840269
33704 92203546
33705 231501518
33706 752602413
33707 809563197
33708 716609482
33709 932380656
33710 372169208
33711 126527362
33712 888232695
33713 874063907
33714 657002832
33715 833965621
33716 428381051
33717 493591547
33718 52464092
33719 578343107
33720 432179539
33721 600798962
33722 114051694
33723 585131641
33724 835708854
33725 257845471
33726 403764542
33727 969780303
33728 845175621
33729 366850186
33730 990176109
33731 942428428
33732 750769307
33733 763589236
33734 784463075
33735 150727895
33736 172809934
33737 988307184
33738 756116666
33739 553852722
33740 226835912
33741 10796455
33742 919595920
33743 286502954
33744 808786006
33745 178282575
33746 980810547
33747 250225711
33748 304848342
33749 547355008
33750 116447964
33751 478251017
33752 347632071
33753 720999005
33754 869278444
33755 156456424
33756 215163228
33757 833187752
33758 918286262
33759 138310026
33760 53949275
33761 121672367
33762 312276681
33763 734968923
33764 298216334
33765 32280534
33766 302918103
33767 965113100
33768 910702819
33769 497548151
33770 750912024
33771 425561228
33772 48609408
33773 653343697
33774 674511877
33775 586823173
33776 846818783
33777 483765750
33778 341100050
33779 244866647
33780 622143955
33781 809240041
33782 496741230
33783 607444292
33784 846491280
33785 993673540
33786 837382275
33787 545057738
33788 219229560
33789 334235632
33790 174677826
33791 148044575
33792 516856150
33793 94903996
33794 654551710
33795 907138367
33796 586848078
33797 810068470
33798 386627361
33799 514556491
33800 370428812
33801 387632389
33802 199925264
33803 660724611
33804 245804022
33805 115087719
33806 250997153
33807 277471449
33808 654999934
33809 771783008
33810 441249740
33811 57861065
33812 571263488
33813 498340187
33814 933740951
33815 973004923
33816 138445258
33817 574172158
33818 979292069
33819 548721483
33820 411096356
33821 66037747
33822 25218221
33823 70193386
33824 868864695
33825 41820067
33826 279719402
33827 240555640
33828 729521752
33829 143490593
33830 996804247
33831 266700159
33832 536541922
33833 375266065
33834 777862772
33835 860461573
33836 471505697
33837 125469973
33838 550069085
33839 642441694
33840 806110248
33841 751786761
33842 857361850
33843 315822118
33844 28567040
33845 95655025
33846 43844403
33847 429482204
33848 373556121
33849 202732050
33850 708703606
33851 560565885
33852 295055569
33853 838807379
33854 7615710
33855 233111644
33856 199050250
33857 165316802
33858 295955817
33859 434724900
33860 746827975
33861 483318646
33862 734199909
33863 851807638
33864 663861684
33865 470095882
33866 240561513
33867 690095156
33868 387430721
33869 619823574
33870 23018861
33871 992703247
33872 833864997
33873 349458293
33874 58742769
33875 959798255
33876 420806912
33877 923803935
33878 537353485
33879 532412575
33880 673593828
33881 19298552
33882 480379124
33883 609654297
33884 39543807
33885 23547724
33886 486359874
33887 968755258
33888 545975344
33889 212482647
33890 840243950
33891 653933239
33892 866289160
33893 39262723
33894 296702710
33895 264621934
33896 274338297
33897 607903207
33898 319804908
33899 293324539
33900 957540571
33901 300134497
33902 995042650
33903 900533915
33904 446552206
33905 591077899
33906 103962482
33907 628420421
33908 491306395
33909 147314454
33910 687855012
33911 407421048
33912 129307111
33913 87839410
33914 703413594
33915 682094107
33916 31603529
33917 935085110
33918 964486577
33919 582675436
33920 860979671
33921 174735065
33922 917468371
33923 350600917
33924 154666569
33925 489264219
33926 278029558
33927 342651231
33928 313833437
33929 48991845
33930 26949360
33931 577183124
33932 409355952
33933 523210782
33934 25408447
33935 888006452
33936 248115161
33937 175643810
33938 258379453
33939 702296915
33940 384605304
33941 540378804
33942 87911246
33943 626229258
33944 588290630
33945 285412288
33946 291969099
33947 433992741
33948 91076097
33949 272911883
33950 944164818
33951 753272360
33952 896499898
33953 310610120
33954 974070195
33955 239361836
33956 409115562
33957 744093302
33958 432611230
33959 8337837
33960 401948427
33961 252908157
33962 144006126
33963 545860863
33964 689323381
33965 462132000
33966 578230320
33967 798699885
33968 730824396
33969 772953204
33970 59775853
33971 587262664
33972 787181767
33973 335472132
33974 33535637
33975 146196651
33976 680010836
33977 154648009
33978 463285149
33979 811588809
33980 147386679
33981 10446067
33982 884916992
33983 713698630
33984 798360660
33985 518512480
33986 901440973
33987 386008349
33988 562446901
33989 786285250
33990 518587696
33991 766438567
33992 875725462
33993 993736496
33994 379400407
33995 175696516
33996 450841428
33997 102119375
33998 75768263
33999 933963515
34000 591748331
34001 158765216
34002 438879423
34003 815790547
34004 961678246
34005 294834589
34006 52079963
34007 630221787
34008 939361490
34009 856419480
34010 501278326
34011 552689751
34012 434754609
34013 538081630
34014 77184116
34015 510658811
34016 706720355
34017 391848152
34018 940079428
34019 66939827
34020 726569818
34021 377909519
34022 101849684
34023 518340489
34024 168527362
34025 663115465
34026 44412251
34027 258778580
34028 345694285
34029 814446032
34030 356749816
34031 699282923
34032 251371618
34033 131459783
34034 935817461
34035 549286314
34036 240935732
34037 100383557
34038 380409342
34039 610184841
34040 804212611
34041 807343790
34042 988871720
34043 213040520
34044 95107779
34045 97428718
34046 562655722
34047 246343579
34048 981571102
34049 607453917
34050 891882583
34051 847148903
34052 898446409
34053 364624469
34054 225593289
34055 726261669
34056 122888363
34057 452180644
34058 779953698
34059 969011086
34060 39232929
34061 972440145
34062 367090484
34063 815233814
34064 833045504
34065 447289624
34066 183375500
34067 62561740
34068 273646097
34069 369626201
34070 966005499
34071 174376008
34072 281432794
34073 155461146
34074 593842821
34075 153602222
34076 904880396
34077 91522401
34078 203559240
34079 287260477
34080 610206139
34081 688321438
34082 388700332
34083 560555727
34084 745320826
34085 900198033
34086 73472786
34087 482103997
34088 879064398
34089 718455901
34090 731664622
34091 77216653
34092 192385997
34093 185745574
34094 606299446
34095 972567311
34096 431523807
34097 599100140
34098 601949885
34099 768902577
34100 76853455
34101 568946516
34102 36841702
34103 701129168
34104 361622621
34105 334290628
34106 378624771
34107 263183983
34108 3350721
34109 477125108
34110 520463483
34111 685506541
34112 298466010
34113 725730371
34114 736428768
34115 413431709
34116 186415567
34117 605231056
34118 293769615
34119 180584949
34120 215594444
34121 314288533
34122 754974116
34123 149905321
34124 64702503
34125 747245977
34126 107407521
34127 460394061
34128 316465073
34129 966735442
34130 715774656
34131 716391012
34132 733855690
34133 465205183
34134 619024917
34135 733942143
34136 293290062
34137 358235143
34138 545322578
34139 903711108
34140 759379799
34141 920613424
34142 206219376
34143 666002199
34144 194258602
34145 288250310
34146 188291362
34147 875852499
34148 825402627
34149 5809015
34150 707507011
34151 219071621
34152 949746727
34153 993321726
34154 300579453
34155 657221718
34156 832841617
34157 782128474
34158 573633008
34159 216796671
34160 572516383
34161 290613064
34162 750232777
34163 381433819
34164 836761165
34165 58221427
34166 500367365
34167 853112528
34168 912077275
34169 534192303
34170 680436732
34171 667221169
34172 226738563
34173 261461641
34174 9840731
34175 452362601
34176 666824303
34177 887005090
34178 729119259
34179 548388558
34180 645447317
34181 316217591
34182 729306722
34183 260387796
34184 740951034
34185 922770650
34186 777377053
34187 996123392
34188 20780237
34189 80893454
34190 298714870
34191 271861536
34192 973912407
34193 544518363
34194 222210662
34195 817937723
34196 310787904
34197 255591316
34198 249059520
34199 264502523
34200 387430564
34201 49690263
34202 731470048
34203 134777994
34204 688416346
34205 388541504
34206 640794849
34207 987027063
34208 748931926
34209 781664660
34210 759203747
34211 550805269
34212 822022343
34213 531265368
34214 126951608
34215 326439198
34216 646368977
34217 123602538
34218 595029167
34219 711114688
34220 415360858
34221 764330287
34222 894440148
34223 397068160
34224 475161331
34225 488736138
34226 619313370
34227 261415031
34228 272877336
34229 60777555
34230 675504566
34231 259374917
34232 370842088
34233 555123986
34234 492254405
34235 204859361
34236 79591960
34237 608433859
34238 929801443
34239 54045649
34240 598971685
34241 263390200
34242 521303776
34243 439128203
34244 268823035
34245 717600160
34246 389192319
34247 840225774
34248 971678911
34249 438107410
34250 599675457
34251 894316906
34252 853472299
34253 556750632
34254 891550777
34255 162459416
34256 171190187
34257 682647599
34258 800837329
34259 706428576
34260 40443888
34261 466677880
34262 335809468
34263 918247512
34264 479435601
34265 845809706
34266 501953715
34267 695056987
34268 558313775
34269 236552454
34270 312705380
34271 238665635
34272 166979791
34273 262188232
34274 950816977
34275 152548318
34276 42835940
34277 769562667
34278 826678650
34279 763774132
34280 268523976
34281 279933520
34282 408639104
34283 104929580
34284 212112342
34285 793181076
34286 8893179
34287 800052845
34288 667298701
34289 744809595
34290 79059251
34291 676232530
34292 934881574
34293 803965204
34294 54860679
34295 26412445
34296 175820753
34297 223317662
34298 98213963
34299 828721270
34300 695574336
34301 434057389
34302 518392565
34303 576975244
34304 723200405
34305 158415339
34306 903276239
34307 611887439
34308 871123436
34309 785887751
34310 209872870
34311 149051548
34312 410537748
34313 743635055
34314 169094157
34315 451660572
34316 703440437
34317 679288070
34318 352364081
34319 412890510
34320 752989944
34321 470954030
34322 484288933
34323 706789632
34324 91363190
34325 49837296
34326 61992578
34327 49522203
34328 45865727
34329 862595085
34330 722518726
34331 474920551
34332 145761542
34333 496028930
34334 337042842
34335 329020187
34336 150500056
34337 610519430
34338 758628853
34339 651506993
34340 656223256
34341 203639128
34342 944118590
34343 317172284
34344 394720869
34345 421162363
34346 916445061
34347 460480482
34348 415176536
34349 243731933
34350 141630027
34351 630129630
34352 900652525
34353 14878497
34354 934145284
34355 908144117
34356 445880247
34357 531025357
34358 294102637
34359 710981783
34360 227945502
34361 232980216
34362 943056405
34363 212944078
34364 942712011
34365 255399444
34366 486086694
34367 912285791
34368 862719233
34369 624858342
34370 437443921
34371 247672775
34372 112368187
34373 801067034
34374 20387330
34375 54861985
34376 332787303
34377 230650368
34378 776352895
34379 196097374
34380 902376576
34381 700350136
34382 184597603
34383 751810319
34384 629654153
34385 286033767
34386 602923567
34387 424938187
34388 247978300
34389 919079149
34390 590104301
34391 428928253
34392 720022741
34393 350577110
34394 667216185
34395 114296787
34396 456964801
34397 80903007
34398 172204388
34399 330516455
34400 970614982
34401 432322611
34402 787554595
34403 604658579
34404 201226547
34405 848930988
34406 540291886
34407 443234503
34408 928887481
34409 761307896
34410 603162176
34411 689892291
34412 833076842
34413 557750759
34414 187130552
34415 964886295
34416 517890615
34417 404089656
34418 59478406
34419 426517679
34420 400284134
34421 625274803
34422 644438968
34423 137561748
34424 468443227
34425 790726231
34426 377838909
34427 675783308
34428 494318010
34429 825376509
34430 804284159
34431 720197029
34432 978146813
34433 13348596
34434 66132078
34435 712776199
34436 857664833
34437 956802180
34438 603633436
34439 217445623
34440 883683177
34441 909563164
34442 253635889
34443 459710053
34444 977490390
34445 872516348
34446 890569950
34447 215571325
34448 979021261
34449 498411716
34450 574307382
34451 1725982
34452 894466741
34453 21943570
34454 648222738
34455 422792625
34456 354845916
34457 295225467
34458 572250679
34459 601184879
34460 490787968
34461 358690654
34462 284230772
34463 727926657
34464 443075402
34465 89632307
34466 694758859
34467 506676797
34468 699695909
34469 502198717
34470 65138335
34471 100699346
34472 442254135
34473 142634288
34474 595578617
34475 971084557
34476 456118463
34477 570943254
34478 935057816
34479 640670087
34480 826392658
34481 684339022
34482 932415770
34483 182025910
34484 313314439
34485 31353337
34486 466320090
34487 481508754
34488 136868516
34489 85047537
34490 640433748
34491 549688058
34492 322827783
34493 753066864
34494 894257767
34495 223427779
34496 630628081
34497 843865446
34498 304075143
34499 988927039
34500 772699125
34501 389716815
34502 907140220
34503 77923716
34504 55757941
34505 465769464
34506 347775583
34507 487492052
34508 855173818
34509 555240169
34510 140999600
34511 950500695
34512 586264844
34513 636746916
34514 803567863
34515 766113099
34516 771981574
34517 738297510
34518 503188925
34519 610297334
34520 877470656
34521 225547446
34522 360554355
34523 271055454
34524 193000483
34525 750801685
34526 540116566
34527 120955878
34528 289939004
34529 591577654
34530 462680295
34531 225930648
34532 160955481
34533 812490912
34534 699669137
34535 192380141
34536 554656198
34537 700108085
34538 399459997
34539 2543525
34540 553766311
34541 926647413
34542 962048235
34543 642964352
34544 552216566
34545 742211494
34546 5991201
34547 816712015
34548 862062805
34549 66888422
34550 814312465
34551 240515356
34552 590542753
34553 53826543
34554 707118197
34555 756133017
34556 323511826
34557 119158745
34558 184215527
34559 115669577
34560 75248809
34561 153042439
34562 982421422
34563 403655016
34564 343943455
34565 473140493
34566 196399879
34567 635768615
34568 864720157
34569 305354450
34570 559847847
34571 669925647
34572 670224104
34573 775629608
34574 101159464
34575 597124630
34576 644022090
34577 738536454
34578 592585337
34579 867975657
34580 694110360
34581 45952322
34582 273897151
34583 228199598
34584 800861168
34585 862618340
34586 590317252
34587 214681133
34588 881526286
34589 451233223
34590 522720141
34591 182349128
34592 583435966
34593 908892972
34594 359534732
34595 955636834
34596 859676996
34597 474898277
34598 961669534
34599 37241175
34600 655519150
34601 639309854
34602 466277269
34603 173981007
34604 96399402
34605 958021270
34606 211890806
34607 746629778
34608 770394807
34609 969473569
34610 723861428
34611 835114331
34612 318904128
34613 800963618
34614 484208302
34615 503753812
34616 610388564
34617 638659908
34618 920015208
34619 580941596
34620 139122379
34621 641966553
34622 790650319
34623 401547947
34624 318697238
34625 217841300
34626 813357222
34627 565882708
34628 148438677
34629 856607443
34630 646381629
34631 378089918
34632 895312680
34633 298772847
34634 654008971
34635 869691265
34636 569073307
34637 469920965
34638 361374555
34639 663367254
34640 248766664
34641 959848566
34642 525983531
34643 465796709
34644 426304474
34645 568994944
34646 162838020
34647 649637987
34648 518266908
34649 814784688
34650 153818960
34651 344893766
34652 224110770
34653 808516963
34654 722851440
34655 978251120
34656 818003949
34657 456444828
34658 362619459
34659 442466400
34660 504977114
34661 24137423
34662 565830436
34663 929060134
34664 125154581
34665 188391604
34666 167761002
34667 247856664
34668 118177683
34669 205353855
34670 458059097
34671 800746272
34672 443849215
34673 49766453
34674 802193427
34675 36082764
34676 311257304
34677 570157318
34678 2664591
34679 357257593
34680 277557645
34681 832695339
34682 81808233
34683 473217456
34684 867246694
34685 729974032
34686 942505884
34687 21487203
34688 540508598
34689 474904783
34690 904922355
34691 983629562
34692 150102537
34693 41774320
34694 402118119
34695 526153577
34696 727793669
34697 306107921
34698 868956415
34699 423970855
34700 705585888
34701 607190305
34702 175142190
34703 758326746
34704 108194438
34705 501957738
34706 988049222
34707 474604131
34708 62569843
34709 330686570
34710 17797757
34711 815302007
34712 467143448
34713 579724534
34714 114132677
34715 471605178
34716 312705221
34717 254753345
34718 438237632
34719 835962675
34720 99451965
34721 96965361
34722 694533926
34723 376884557
34724 152105222
34725 736358531
34726 774520912
34727 273613953
34728 913288547
34729 408815902
34730 211243381
34731 386406647
34732 43957833
34733 841959463
34734 352244763
34735 767873054
34736 965847426
34737 838790522
34738 480687800
34739 386256686
34740 537784458
34741 581805448
34742 77764105
34743 909982644
34744 220074957
34745 677830759
34746 531672680
34747 437257891
34748 793960827
34749 803155802
34750 502085984
34751 201597996
34752 588787711
34753 91469353
34754 104551848
34755 117421393
34756 79702656
34757 350683473
34758 966784972
34759 673793602
34760 990497576
34761 366228484
34762 528160075
34763 534448603
34764 172996721
34765 726197787
34766 985173406
34767 360389111
34768 927789935
34769 216455822
34770 686661281
34771 466809569
34772 311023511
34773 290499626
34774 615381972
34775 70139833
34776 278861541
34777 765049168
34778 647415818
34779 298381414
34780 706906658
34781 934464058
34782 839762505
34783 7677390
34784 721977479
34785 577329443
34786 232227214
34787 298475917
34788 237990762
34789 913883413
34790 760801705
34791 14617852
34792 414499086
34793 371446697
34794 690593267
34795 918546685
34796 395902968
34797 71428101
34798 953649043
34799 626547202
34800 703819171
34801 531927554
34802 390297459
34803 521497474
34804 293284181
34805 798691947
34806 35671224
34807 129825157
34808 624430669
34809 882759736
34810 863822525
34811 204634025
34812 596983711
34813 994642721
34814 611508880
34815 460671857
34816 591829606
34817 636583766
34818 541828125
34819 955084597
34820 31022340
34821 207404202
34822 420168169
34823 922876296
34824 71621026
34825 69379920
34826 66213445
34827 583060226
34828 190805990
34829 145853935
34830 323452222
34831 551374704
34832 598470278
34833 760034585
34834 22461790
34835 67678968
34836 932481418
34837 885409606
34838 827918237
34839 74365471
34840 399410232
34841 431058325
34842 539832704
34843 787794838
34844 795750400
34845 775778197
34846 915700
34847 671327156
34848 67794085
34849 342704495
34850 114532080
34851 628641539
34852 263769885
34853 603585325
34854 657675816
34855 319783547
34856 965142107
34857 512267855
34858 55377346
34859 976058967
34860 727990018
34861 177292706
34862 855016949
34863 601419913
34864 741313627
34865 120044883
34866 614630029
34867 223389263
34868 992963508
34869 310604665
34870 511097679
34871 148604908
34872 898893818
34873 653949028
34874 446089944
34875 682000766
34876 369539221
34877 150672042
34878 569314328
34879 273485646
34880 148630235
34881 766249129
34882 946412645
34883 520778539
34884 316163857
34885 663338074
34886 600456519
34887 137202512
34888 313381579
34889 203047381
34890 390963700
34891 303511372
34892 881786153
34893 115637370
34894 515390705
34895 620058651
34896 876812086
34897 557765740
34898 926436381
34899 913063771
34900 331173102
34901 716016012
34902 731928027
34903 343405330
34904 520048627
34905 791010721
34906 444652779
34907 892540619
34908 452176934
34909 178906412
34910 203815261
34911 177004436
34912 485838697
34913 688327405
34914 418905551
34915 52308283
34916 236046469
34917 146634204
34918 608628882
34919 600260933
34920 201386902
34921 616755186
34922 171818813
34923 462241036
34924 680021458
34925 686019442
34926 154875516
34927 637432454
34928 355765315
34929 756102530
34930 748501125
34931 858168782
34932 899604278
34933 104002130
34934 253527608
34935 410450080
34936 879098815
34937 451830787
34938 36642102
34939 785648263
34940 9995189
34941 504825333
34942 813423162
34943 785395581
34944 45669793
34945 135543231
34946 324178987
34947 64497092
34948 271737927
34949 897723329
34950 328128525
34951 317925560
34952 250243447
34953 4296129
34954 547564403
34955 580444538
34956 95514646
34957 340687032
34958 560456634
34959 66803537
34960 223156135
34961 572721083
34962 191237740
34963 436588366
34964 937235598
34965 528352518
34966 344566461
34967 821174644
34968 611399072
34969 619680707
34970 664305696
34971 43623577
34972 694860954
34973 552181875
34974 108471175
34975 31429046
34976 503841645
34977 343844465
34978 888996607
34979 890569759
34980 968590229
34981 27070256
34982 298750164
34983 117748543
34984 936939283
34985 181470066
34986 730632997
34987 539355271
34988 537695550
34989 28281214
34990 544374726
34991 116785836
34992 84283728
34993 531545977
34994 99488409
34995 133764588
34996 707003666
34997 972279972
34998 652426057
34999 46001989
35000 561385761
35001 642647374
35002 651792711
35003 100741703
35004 261286708
35005 274495007
35006 490529829
35007 867125726
35008 681104572
35009 332178643
35010 746688658
35011 156192918
35012 244621454
35013 83195835
35014 540450392
35015 50224084
35016 168328034
35017 130876363
35018 88956758
35019 591610785
35020 208669279
35021 547911627
35022 643214434
35023 331273284
35024 677055092
35025 985794848
35026 173505581
35027 703335926
35028 173752973
35029 637968542
35030 840239391
35031 909617159
35032 660685107
35033 181132973
35034 515585667
35035 791375935
35036 267085929
35037 939575456
35038 598946645
35039 924890776
35040 444498858
35041 144761191
35042 282390754
35043 604880705
35044 911617072
35045 816994567
35046 93604089
35047 133752354
35048 409953144
35049 537222223
35050 191982583
35051 963422946
35052 626580361
35053 973407659
35054 419169888
35055 444806993
35056 651114988
35057 462800591
35058 967889398
35059 90306831
35060 388225811
35061 598609324
35062 862816588
35063 186411401
35064 691514734
35065 386275950
35066 543475244
35067 748950875
35068 591955746
35069 873690894
35070 911624632
35071 270977417
35072 529412825
35073 201035956
35074 505317964
35075 966124594
35076 609882566
35077 760369205
35078 864679929
35079 678887382
35080 575563814
35081 699194706
35082 586050806
35083 720638264
35084 289839517
35085 960569923
35086 478101437
35087 801155429
35088 466023951
35089 889735734
35090 418049595
35091 835861587
35092 443265210
35093 237516685
35094 696409962
35095 109522737
35096 136467553
35097 403640131
35098 469016292
35099 224155399
35100 645066613
35101 424376421
35102 735709698
35103 309845845
35104 146969185
35105 523383483
35106 552106834
35107 71974717
35108 289071305
35109 787198737
35110 320433715
35111 751576173
35112 124944531
35113 949088032
35114 437940862
35115 273053038
35116 783020844
35117 205401780
35118 467591345
35119 506846513
35120 314206171
35121 115479325
35122 133671249
35123 37680604
35124 80365224
35125 25301858
35126 52758719
35127 739936510
35128 861277540
35129 490850383
35130 265143618
35131 275127996
35132 836668304
35133 570705645
35134 442870024
35135 687299056
35136 156924116
35137 136390902
35138 551698308
35139 78716341
35140 760593814
35141 809425622
35142 592683202
35143 941499853
35144 646933829
35145 742106001
35146 749560889
35147 329538769
35148 193072719
35149 455991574
35150 333323119
35151 434942307
35152 560589691
35153 305309339
35154 974697611
35155 668867983
35156 311796413
35157 755323748
35158 767973279
35159 218664054
35160 108908133
35161 5429270
35162 302065386
35163 872122716
35164 938428780
35165 386952794
35166 845784781
35167 263647209
35168 201300745
35169 325026197
35170 129215808
35171 734012367
35172 794841010
35173 656961234
35174 945551310
35175 694832392
35176 963909101
35177 568993310
35178 281894177
35179 822158453
35180 873292248
35181 667722314
35182 371201770
35183 433291232
35184 744998406
35185 643531481
35186 709539942
35187 105752447
35188 245818706
35189 584174424
35190 964988653
35191 393277980
35192 384699125
35193 327158307
35194 788979980
35195 241964065
35196 143324659
35197 965374448
35198 874995740
35199 991358272
35200 326277369
35201 618346522
35202 563153577
35203 10246751
35204 159987479
35205 184512455
35206 770212080
35207 832030336
35208 597612676
35209 270377844
35210 616105250
35211 943183688
35212 439688697
35213 486558311
35214 248917531
35215 755767645
35216 158132203
35217 445113822
35218 873130783
35219 949248667
35220 882554107
35221 785356923
35222 327776376
35223 688460362
35224 593771558
35225 874748735
35226 885542800
35227 377574299
35228 722982588
35229 905892291
35230 297287747
35231 422420400
35232 81062639
35233 818987295
35234 406947024
35235 388466248
35236 576987750
35237 743262055
35238 597741928
35239 873939678
35240 606627297
35241 874079382
35242 8959618
35243 144915785
35244 580758013
35245 277475181
35246 961037331
35247 641583897
35248 499873612
35249 920633086
35250 950671461
35251 392385335
35252 924926995
35253 448773015
35254 320869963
35255 103576095
35256 138758587
35257 780574887
35258 173284091
35259 772340661
35260 969762125
35261 503821713
35262 364998962
35263 341274964
35264 116780073
35265 850764195
35266 487072390
35267 112884170
35268 658713892
35269 259184656
35270 575093924
35271 146697166
35272 147399758
35273 324564217
35274 96802860
35275 423944950
35276 514931884
35277 199413266
35278 176713896
35279 658596601
35280 403067090
35281 52885239
35282 324963259
35283 54852066
35284 240646192
35285 481995544
35286 687338984
35287 10558154
35288 491767916
35289 881963575
35290 320405466
35291 262477717
35292 396621650
35293 182750166
35294 67279332
35295 395627223
35296 471456019
35297 814174037
35298 480288741
35299 602370018
35300 194539591
35301 104524167
35302 543808722
35303 296027616
35304 672036663
35305 326048036
35306 236544154
35307 812874493
35308 182393773
35309 330608072
35310 706365374
35311 292776544
35312 320393638
35313 157553926
35314 625735942
35315 116382769
35316 355440596
35317 747772166
35318 458606422
35319 885492132
35320 462583945
35321 337309912
35322 635470055
35323 150944023
35324 224366631
35325 571414689
35326 571460558
35327 489215379
35328 769114430
35329 505557313
35330 352099879
35331 504655952
35332 712573431
35333 139834657
35334 89097853
35335 731588287
35336 12755481
35337 406809008
35338 768918
35339 820761157
35340 705143246
35341 577715581
35342 201750680
35343 987227974
35344 701540723
35345 792576218
35346 965339469
35347 563697303
35348 468744008
35349 282155695
35350 426370845
35351 509671206
35352 484077459
35353 427076835
35354 494605925
35355 524475325
35356 319830974
35357 824643745
35358 143585937
35359 731426219
35360 741735514
35361 957635360
35362 250640144
35363 387015832
35364 13991060
35365 177649029
35366 195544438
35367 181757285
35368 604115399
35369 50000372
35370 671815499
35371 441981421
35372 201509035
35373 449112520
35374 957914921
35375 456957136
35376 342546504
35377 729721272
35378 905716444
35379 265466901
35380 356378928
35381 967627140
35382 955124299
35383 43981229
35384 963123137
35385 477631064
35386 211875830
35387 780400959
35388 234127063
35389 336187516
35390 724314453
35391 209980723
35392 398087406
35393 105867669
35394 836901279
35395 780429808
35396 49126507
35397 120373419
35398 44617227
35399 338249253
35400 516880115
35401 984235282
35402 858065010
35403 475200648
35404 755642230
35405 956471890
35406 763092313
35407 381174196
35408 223936866
35409 270279318
35410 561154853
35411 598872955
35412 388569174
35413 300545137
35414 246278807
35415 141106300
35416 343473552
35417 6962243
35418 937823108
35419 113522442
35420 714030569
35421 783362944
35422 849861868
35423 779709437
35424 197607824
35425 644021011
35426 139224054
35427 426282369
35428 495425935
35429 593753439
35430 577237916
35431 632664759
35432 87571085
35433 49659782
35434 618614245
35435 85143381
35436 922551969
35437 90239939
35438 400848242
35439 209166388
35440 289691934
35441 985656692
35442 623016891
35443 103715140
35444 592820947
35445 850874881
35446 281064865
35447 475219681
35448 49863317
35449 781179357
35450 232271534
35451 139565743
35452 81038654
35453 512174112
35454 385056558
35455 350737552
35456 128289502
35457 377126650
35458 905236789
35459 848282477
35460 760497205
35461 242940155
35462 980830541
35463 12002651
35464 101026810
35465 25745345
35466 87583438
35467 314941831
35468 4616744
35469 770902438
35470 272218800
35471 298970213
35472 806654488
35473 776252257
35474 25521916
35475 12591218
35476 832819539
35477 850130274
35478 747248041
35479 167696004
35480 934533460
35481 640354514
35482 399884242
35483 392226265
35484 750049510
35485 834340605
35486 142149091
35487 282136101
35488 442040991
35489 135712887
35490 270792247
35491 119393969
35492 23491283
35493 523709745
35494 445152554
35495 114658956
35496 943420478
35497 327219592
35498 152295723
35499 593648945
35500 507515964
35501 998983888
35502 754309167
35503 400295100
35504 569124354
35505 561147550
35506 75867870
35507 125167817
35508 159975837
35509 700000949
35510 314989724
35511 244778384
35512 670341977
35513 373637389
35514 425138621
35515 727623184
35516 433753081
35517 664165996
35518 463733489
35519 378265510
35520 423243809
35521 114368030
35522 287502215
35523 203609130
35524 208034232
35525 602354189
35526 130762532
35527 189007249
35528 467342093
35529 435483870
35530 683218906
35531 489492030
35532 941888332
35533 373443199
35534 953142439
35535 752637005
35536 823693728
35537 960031033
35538 252644669
35539 432635580
35540 975523898
35541 735835200
35542 419153389
35543 207008156
35544 952576933
35545 563488078
35546 315990167
35547 984832913
35548 708818027
35549 448919442
35550 424935611
35551 774083870
35552 652645661
35553 160837123
35554 485596306
35555 335676282
35556 750768
35557 289993775
35558 238469601
35559 477068395
35560 151627437
35561 53666654
35562 705951202
35563 398818486
35564 960970946
35565 12496071
35566 682741348
35567 438333601
35568 742603059
35569 72925092
35570 547879252
35571 581367800
35572 145328142
35573 8811758
35574 152736846
35575 143024073
35576 223176285
35577 644478090
35578 555548906
35579 570954928
35580 736689428
35581 748794514
35582 83010883
35583 247334304
35584 791836312
35585 716647886
35586 745901005
35587 860464614
35588 944994379
35589 606697478
35590 125011259
35591 247991445
35592 781646054
35593 212448988
35594 835130935
35595 968160351
35596 20546228
35597 292930628
35598 32737236
35599 457176404
35600 443019515
35601 752064391
35602 460190750
35603 608672869
35604 793286707
35605 544953232
35606 162152518
35607 667562568
35608 605401751
35609 247237222
35610 678705276
35611 737184392
35612 809162001
35613 193726146
35614 99748833
35615 934892795
35616 783377714
35617 333971015
35618 194617441
35619 853556584
35620 427442986
35621 762453446
35622 997231098
35623 194247362
35624 784022238
35625 690345331
35626 99434465
35627 640657661
35628 244529909
35629 948504562
35630 952578881
35631 50051182
35632 309970444
35633 36425812
35634 232195173
35635 763715751
35636 935761146
35637 324062132
35638 411885409
35639 208589885
35640 545164735
35641 672174679
35642 895553047
35643 942057412
35644 62925002
35645 885821794
35646 496647514
35647 375010914
35648 950934634
35649 546510850
35650 365955461
35651 70170577
35652 320461584
35653 769541893
35654 961329846
35655 650087363
35656 848289285
35657 271819035
35658 486205353
35659 755932604
35660 777177366
35661 665995303
35662 359924723
35663 409530152
35664 500694112
35665 493026600
35666 970791454
35667 16836432
35668 222489151
35669 489377803
35670 574627604
35671 679138499
35672 156161166
35673 960093820
35674 592444564
35675 480105320
35676 428271150
35677 7266225
35678 413716781
35679 770470445
35680 717510354
35681 775193204
35682 95261308
35683 523763037
35684 666046580
35685 149299289
35686 434571159
35687 534902558
35688 829409910
35689 446037122
35690 209983970
35691 267808695
35692 79584755
35693 482809983
35694 109751988
35695 462638081
35696 796067482
35697 563448208
35698 900117643
35699 29068716
35700 851107371
35701 365027201
35702 496553152
35703 731048227
35704 874378908
35705 163152552
35706 862023992
35707 571946890
35708 313937881
35709 531927719
35710 177353643
35711 917767639
35712 451620204
35713 772931635
35714 966032759
35715 857251979
35716 138054119
35717 292130003
35718 804330620
35719 940526547
35720 340975163
35721 153536102
35722 501602180
35723 458058304
35724 684381760
35725 426978530
35726 15293933
35727 827708858
35728 239222098
35729 131835860
35730 532146167
35731 59619447
35732 263050075
35733 813396514
35734 820469771
35735 34230752
35736 130807109
35737 903987449
35738 79895825
35739 760924032
35740 711419486
35741 230566050
35742 933837091
35743 191440397
35744 293306028
35745 31371737
35746 343855702
35747 997498036
35748 286286859
35749 107874348
35750 858161526
35751 477633330
35752 605323730
35753 376465734
35754 714284633
35755 702644633
35756 728378846
35757 826638973
35758 18151951
35759 62066956
35760 129384318
35761 406686345
35762 133701686
35763 175582680
35764 43096623
35765 432286227
35766 183565663
35767 5687951
35768 406797850
35769 852965896
35770 845848123
35771 853776206
35772 980990327
35773 604374071
35774 733902435
35775 673381448
35776 529649681
35777 103593180
35778 157986487
35779 327236982
35780 810916690
35781 986983684
35782 354760644
35783 41302305
35784 110238125
35785 375306063
35786 338435631
35787 181321991
35788 272395452
35789 353725800
35790 518830699
35791 938501706
35792 802754595
35793 822266529
35794 181224758
35795 399724776
35796 130932709
35797 942743273
35798 226485479
35799 883870433
35800 852566963
35801 267383985
35802 346551333
35803 544796770
35804 831371958
35805 832833628
35806 608123100
35807 142943311
35808 843739533
35809 30920938
35810 270241179
35811 13214257
35812 59735806
35813 903833021
35814 21463338
35815 9785747
35816 299614565
35817 855391150
35818 617755624
35819 13263215
35820 19078161
35821 184663286
35822 893213664
35823 616947676
35824 515181866
35825 825162467
35826 36230168
35827 970532481
35828 974771106
35829 662688878
35830 567255232
35831 130515106
35832 21465737
35833 412692583
35834 291643298
35835 773079408
35836 702786032
35837 996816827
35838 899076645
35839 65115561
35840 583020538
35841 949945510
35842 133635337
35843 858481662
35844 389627401
35845 768665960
35846 337653291
35847 444685269
35848 946269438
35849 240867926
35850 449060702
35851 157656006
35852 679816377
35853 405279335
35854 901081030
35855 175894311
35856 5914318
35857 530037508
35858 727054400
35859 990073515
35860 93788198
35861 767505240
35862 724568558
35863 798080938
35864 255075023
35865 606464733
35866 915169572
35867 485471125
35868 616229123
35869 461358257
35870 818171951
35871 654504704
35872 412451144
35873 26110347
35874 228235593
35875 798651808
35876 118226532
35877 5422465
35878 84746083
35879 410884938
35880 864730967
35881 44355670
35882 665850037
35883 340002368
35884 388032148
35885 827642561
35886 738257708
35887 747063037
35888 299714522
35889 254147729
35890 534944919
35891 364951628
35892 618413108
35893 107917575
35894 380181226
35895 899332460
35896 771696848
35897 490387485
35898 790767337
35899 22010337
35900 41144473
35901 960796426
35902 203310732
35903 377661527
35904 462375855
35905 58043025
35906 992292914
35907 974658912
35908 307817919
35909 592728977
35910 509552731
35911 974247051
35912 998786708
35913 586703934
35914 148506710
35915 410633891
35916 423472143
35917 993469998
35918 406671154
35919 756336504
35920 152177449
35921 118981062
35922 628693096
35923 160934700
35924 858698040
35925 798354429
35926 831524067
35927 671295207
35928 822474819
35929 343391461
35930 400413374
35931 535375653
35932 552217335
35933 414877667
35934 768303530
35935 414825479
35936 239076148
35937 902504613
35938 36073155
35939 281392051
35940 447598120
35941 405216366
35942 286294922
35943 275511772
35944 576972095
35945 486088048
35946 279801292
35947 778838562
35948 418607785
35949 607628638
35950 16661371
35951 29428840
35952 720259765
35953 191626082
35954 297723462
35955 610294518
35956 521288366
35957 846372404
35958 709388072
35959 80329893
35960 185341364
35961 542195176
35962 753590207
35963 332263512
35964 233306686
35965 581678778
35966 911487875
35967 965455095
35968 677610284
35969 692207745
35970 552471056
35971 987433376
35972 163213649
35973 270267285
35974 472741589
35975 168461981
35976 974616438
35977 678271025
35978 374805453
35979 917205315
35980 730171806
35981 998254925
35982 234878743
35983 753343186
35984 773190219
35985 953358384
35986 129813612
35987 659321096
35988 268604245
35989 475591201
35990 769722372
35991 232057416
35992 140091318
35993 145677051
35994 577164505
35995 417882164
35996 224231340
35997 697830526
35998 683308530
35999 732734667
36000 38213104
36001 527049750
36002 135270045
36003 101357122
36004 806873720
36005 143272173
36006 525471979
36007 268537008
36008 998294756
36009 614694396
36010 100377206
36011 786930762
36012 819237387
36013 824864314
36014 581275603
36015 828566935
36016 714978932
36017 163346959
36018 930799844
36019 576081710
36020 35549376
36021 554934794
36022 164028150
36023 689405993
36024 235435732
36025 409473900
36026 272632386
36027 862145510
36028 760740469
36029 627847619
36030 102336309
36031 160880275
36032 687786372
36033 499546667
36034 848615106
36035 816938947
36036 831959398
36037 921552510
36038 507276007
36039 894641015
36040 451304756
36041 364657654
36042 907004828
36043 801206990
36044 808816187
36045 245105680
36046 139421631
36047 335717600
36048 734653588
36049 291703698
36050 130801773
36051 542389071
36052 90455294
36053 154492790
36054 459586847
36055 216278273
36056 820322380
36057 473862265
36058 663290121
36059 626034408
36060 383348950
36061 97635254
36062 621270886
36063 644589306
36064 987410612
36065 197775350
36066 130743111
36067 220502725
36068 253145491
36069 111678427
36070 764626716
36071 701221040
36072 822125831
36073 891006331
36074 146931612
36075 119228051
36076 193388937
36077 329926983
36078 354829941
36079 455687044
36080 644749961
36081 547956834
36082 545364126
36083 70222136
36084 8045836
36085 3981542
36086 869442270
36087 760228796
36088 861993398
36089 933632629
36090 832785381
36091 860532051
36092 691558935
36093 571362641
36094 889419856
36095 450701505
36096 506817187
36097 728533968
36098 697723390
36099 818827612
36100 540719490
36101 717265195
36102 269722880
36103 649523613
36104 150789143
36105 358671351
36106 393427298
36107 809914750
36108 477633881
36109 657615537
36110 497628127
36111 724735500
36112 726624713
36113 948976834
36114 932732794
36115 807177877
36116 297298998
36117 289823722
36118 970798023
36119 627695019
36120 962276900
36121 159843727
36122 967342167
36123 775224811
36124 656402709
36125 450560581
36126 150283538
36127 770553703
36128 37731548
36129 877276618
36130 283498292
36131 300626903
36132 906916953
36133 476518423
36134 855322436
36135 582975567
36136 55740916
36137 430098904
36138 509723841
36139 854193208
36140 291966007
36141 213277191
36142 339165917
36143 539968680
36144 999542665
36145 887567309
36146 263939642
36147 593187521
36148 498140127
36149 972556887
36150 225435025
36151 671924640
36152 984948590
36153 454343120
36154 311122240
36155 521197191
36156 133918596
36157 760411391
36158 928148547
36159 861828508
36160 989580023
36161 754698625
36162 684188432
36163 467091675
36164 691268220
36165 536758227
36166 63642217
36167 643150580
36168 676903328
36169 236929269
36170 137497018
36171 306309054
36172 462538300
36173 162224958
36174 705038006
36175 988097233
36176 427649878
36177 562489274
36178 163286268
36179 582496820
36180 170313750
36181 507333063
36182 921953189
36183 130514417
36184 483222989
36185 116721239
36186 643910491
36187 995574230
36188 690430669
36189 88416778
36190 79340079
36191 62447814
36192 8967036
36193 19794045
36194 674451487
36195 476858181
36196 733637596
36197 884619046
36198 862598305
36199 156894574
36200 128323036
36201 555948788
36202 951560056
36203 73020820
36204 272315497
36205 910638991
36206 383871176
36207 553691759
36208 698367083
36209 663877717
36210 264739576
36211 884040803
36212 711007108
36213 957833697
36214 713251534
36215 554343039
36216 907482733
36217 693280707
36218 92486350
36219 477368172
36220 986742109
36221 81253624
36222 298141410
36223 227431252
36224 548673605
36225 978977621
36226 511898873
36227 448193070
36228 277397774
36229 147353252
36230 128802316
36231 366687031
36232 396218244
36233 566870161
36234 47972703
36235 82962647
36236 773140205
36237 209774393
36238 910200068
36239 157861169
36240 836787973
36241 248896035
36242 918599811
36243 794887677
36244 959177989
36245 699742229
36246 707822335
36247 410064996
36248 798838721
36249 682311446
36250 852039357
36251 316589486
36252 128703407
36253 514031668
36254 829832730
36255 782808724
36256 987172938
36257 714107574
36258 713729355
36259 742951127
36260 787654724
36261 800051586
36262 81107493
36263 989878410
36264 251779710
36265 212880182
36266 292188500
36267 152772273
36268 128395719
36269 128789334
36270 94066157
36271 839337928
36272 599389364
36273 45675499
36274 187107811
36275 179880358
36276 808146852
36277 489533862
36278 558300305
36279 294121770
36280 249613162
36281 967301222
36282 68259150
36283 90776321
36284 773791911
36285 40991677
36286 759380089
36287 735297024
36288 569646728
36289 18576786
36290 495381471
36291 234302426
36292 890426072
36293 301094739
36294 993943888
36295 254696345
36296 726760096
36297 489561488
36298 475495470
36299 357792531
36300 602748144
36301 107530942
36302 337796154
36303 69307252
36304 720894268
36305 948806623
36306 741033811
36307 339699128
36308 144061291
36309 716158928
36310 950185378
36311 799007824
36312 518194236
36313 430507992
36314 240898090
36315 992237342
36316 606021743
36317 240936965
36318 153158472
36319 187160323
36320 865124704
36321 750193433
36322 554735855
36323 662220001
36324 164394980
36325 335188830
36326 449633680
36327 762840531
36328 329623718
36329 556049051
36330 107052878
36331 896243615
36332 121203257
36333 290006043
36334 322823382
36335 285620032
36336 350621227
36337 984231715
36338 701663512
36339 847803334
36340 911671973
36341 319836689
36342 678325684
36343 5269440
36344 958597154
36345 239604985
36346 43494708
36347 201034312
36348 816785875
36349 96130895
36350 72157561
36351 591368886
36352 706336426
36353 894527113
36354 447164974
36355 823545606
36356 709348807
36357 167166979
36358 771192000
36359 130446871
36360 982986653
36361 231130857
36362 35321677
36363 13598637
36364 882289977
36365 433133270
36366 92956889
36367 584365657
36368 350405360
36369 384607411
36370 914614268
36371 413694607
36372 447032675
36373 784802459
36374 754825771
36375 806696712
36376 721562512
36377 310724869
36378 850968250
36379 17538030
36380 638033447
36381 877966657
36382 385991427
36383 539878926
36384 604449773
36385 560135647
36386 385170052
36387 271272269
36388 104990997
36389 8291119
36390 342920782
36391 260049183
36392 598078641
36393 497397329
36394 442081326
36395 269152163
36396 131896754
36397 923219303
36398 812486243
36399 855491294
36400 800559732
36401 347253007
36402 61863369
36403 43630082
36404 978040790
36405 25380529
36406 55912707
36407 13779198
36408 926269033
36409 285605817
36410 291853175
36411 846336798
36412 430592722
36413 170140274
36414 571741453
36415 814564285
36416 69896493
36417 316701062
36418 79608189
36419 400734488
36420 436693879
36421 45317679
36422 429307388
36423 192271770
36424 154264963
36425 384219193
36426 485231693
36427 4225883
36428 280159585
36429 811421671
36430 101325630
36431 65751425
36432 630556872
36433 413908265
36434 150404707
36435 478290640
36436 19626135
36437 299235343
36438 529278911
36439 446069108
36440 792420150
36441 890407821
36442 907720983
36443 684293426
36444 412381991
36445 674060921
36446 633332167
36447 577500860
36448 888177100
36449 526274731
36450 857225333
36451 576092179
36452 694141220
36453 834776650
36454 517644576
36455 71276338
36456 524963476
36457 818372727
36458 750142089
36459 941582599
36460 633916129
36461 706646700
36462 650515532
36463 49798410
36464 239292309
36465 356933125
36466 634778196
36467 105475199
36468 118716949
36469 613076236
36470 480696917
36471 177941248
36472 464343630
36473 48490829
36474 675326222
36475 546573661
36476 266453249
36477 724639574
36478 524324389
36479 206954465
36480 959130694
36481 85166119
36482 463922808
36483 601757713
36484 90340639
36485 75487145
36486 89145214
36487 917301849
36488 785603921
36489 948672237
36490 612700654
36491 346614458
36492 969134561
36493 91284028
36494 60477806
36495 665585530
36496 182959741
36497 590023906
36498 5958453
36499 37926459
36500 226671873
36501 381040870
36502 25493727
36503 129801908
36504 204283308
36505 287674466
36506 188876346
36507 124102447
36508 797107269
36509 127052722
36510 885040480
36511 495383712
36512 912238982
36513 443970483
36514 261404663
36515 286005829
36516 333516524
36517 280242281
36518 81594210
36519 461675074
36520 318333248
36521 209209172
36522 302754484
36523 557340493
36524 182309617
36525 287337794
36526 327508647
36527 154289542
36528 951778466
36529 14749598
36530 655207766
36531 403725045
36532 741413787
36533 468704297
36534 532974898
36535 48819423
36536 582084404
36537 818479501
36538 210754499
36539 289845634
36540 943164253
36541 864541510
36542 975431997
36543 27075201
36544 37166305
36545 109651933
36546 550878155
36547 19391629
36548 17486050
36549 873531470
36550 821932876
36551 426328306
36552 382253113
36553 740394464
36554 295136120
36555 579231413
36556 228639887
36557 158124289
36558 285707825
36559 358432528
36560 349431936
36561 721438457
36562 846683802
36563 376749050
36564 260107109
36565 440361601
36566 769997418
36567 310532282
36568 205742052
36569 482343431
36570 776471015
36571 348062801
36572 41929510
36573 825953416
36574 684670315
36575 968362041
36576 149037760
36577 813143182
36578 457727392
36579 361115813
36580 495564552
36581 561166507
36582 697132582
36583 173259416
36584 231700715
36585 370856286
36586 670266669
36587 798937608
36588 742224823
36589 214243179
36590 48319985
36591 310473294
36592 272715043
36593 202814012
36594 573109498
36595 90287436
36596 130017021
36597 126275902
36598 529010690
36599 657815281
36600 886137331
36601 364008064
36602 622630058
36603 280164124
36604 648088780
36605 619491375
36606 631236014
36607 198690777
36608 954649809
36609 493692729
36610 665185533
36611 212211391
36612 605175012
36613 486944985
36614 412561619
36615 692882931
36616 860857323
36617 502780867
36618 410405202
36619 11919252
36620 24772222
36621 493067249
36622 836578340
36623 444980284
36624 832878629
36625 870227801
36626 114237691
36627 677016206
36628 621562404
36629 242609285
36630 823485702
36631 23238560
36632 351273660
36633 971984770
36634 681338265
36635 542101211
36636 353724063
36637 706447241
36638 854839634
36639 947165557
36640 333538359
36641 563852492
36642 957177433
36643 573566443
36644 784510464
36645 788157141
36646 399571063
36647 464242659
36648 556687650
36649 395228048
36650 420072668
36651 539806462
36652 530211833
36653 641132863
36654 632670467
36655 728383708
36656 792699627
36657 487464656
36658 448469281
36659 926548970
36660 953962895
36661 26097162
36662 805166629
36663 218091305
36664 96881363
36665 435896748
36666 816001943
36667 889750737
36668 187681915
36669 171769870
36670 964854953
36671 58810794
36672 661811660
36673 238779702
36674 701137073
36675 13376555
36676 873504631
36677 153883224
36678 921350991
36679 797244172
36680 433106667
36681 294899255
36682 40394343
36683 971305993
36684 815860478
36685 779384828
36686 500390156
36687 402836689
36688 401522817
36689 795091428
36690 809359725
36691 844008125
36692 245380189
36693 442281615
36694 997132726
36695 611759428
36696 391944068
36697 90672494
36698 42678624
36699 14043255
36700 788917125
36701 511154480
36702 636277815
36703 537486798
36704 287841200
36705 838257341
36706 842307581
36707 222629943
36708 710858384
36709 801628513
36710 213925223
36711 956157757
36712 393364649
36713 285377801
36714 362290970
36715 451109327
36716 710509565
36717 241025455
36718 282506629
36719 638674952
36720 584191456
36721 940065386
36722 241988481
36723 668280118
36724 586959654
36725 677317160
36726 910072763
36727 486856246
36728 654936461
36729 590265236
36730 498014599
36731 879768395
36732 774737138
36733 298047104
36734 755660371
36735 563188291
36736 11768311
36737 415642629
36738 948442081
36739 105746164
36740 231024734
36741 588958867
36742 682183451
36743 814014103
36744 398793055
36745 986141403
36746 52871500
36747 442160824
36748 449580977
36749 731430399
36750 230618255
36751 40895872
36752 398422910
36753 123981854
36754 93236385
36755 720410504
36756 114889709
36757 553438870
36758 923757428
36759 816465301
36760 727966591
36761 736930536
36762 965589972
36763 798808265
36764 718950987
36765 975765368
36766 832931943
36767 758118126
36768 727381028
36769 718658138
36770 755344534
36771 692627786
36772 349944184
36773 880993610
36774 190417486
36775 261090381
36776 186819302
36777 521088521
36778 709399605
36779 600616159
36780 292423719
36781 922683090
36782 526778454
36783 1258379
36784 834126129
36785 790609412
36786 138970569
36787 236682057
36788 461825478
36789 887391089
36790 792584200
36791 469278016
36792 324016572
36793 571139946
36794 392193299
36795 132269067
36796 544471608
36797 183473600
36798 350681419
36799 205186428
36800 281866728
36801 591934990
36802 895473166
36803 844660165
36804 206803458
36805 16913076
36806 781483959
36807 991060833
36808 77890018
36809 287418427
36810 82496647
36811 532811253
36812 118202534
36813 835603608
36814 453037608
36815 801123671
36816 654579864
36817 265691187
36818 424458109
36819 34469630
36820 711302291
36821 596610129
36822 640708460
36823 737763124
36824 798186005
36825 823886062
36826 710540744
36827 227861422
36828 807975701
36829 173674149
36830 762943912
36831 629119119
36832 948298787
36833 141801240
36834 758985160
36835 344110187
36836 495049336
36837 317095460
36838 735519139
36839 463229973
36840 705945825
36841 147302216
36842 652392891
36843 70860436
36844 187895895
36845 983982517
36846 995409004
36847 82932004
36848 18584963
36849 316198786
36850 991903336
36851 927402984
36852 461873981
36853 100809442
36854 77106868
36855 527592877
36856 395862725
36857 857636403
36858 781190331
36859 356190425
36860 945147928
36861 945519211
36862 902184109
36863 372725793
36864 62660982
36865 249884305
36866 422738439
36867 818269954
36868 446081064
36869 394721834
36870 943180662
36871 438555589
36872 23304301
36873 819278341
36874 405178272
36875 692732377
36876 667636401
36877 988921844
36878 929458943
36879 134589915
36880 598130469
36881 516328333
36882 307266100
36883 312113247
36884 484652540
36885 814866140
36886 237530353
36887 950456945
36888 286489309
36889 434934049
36890 314867293
36891 905542457
36892 884453430
36893 169453838
36894 870390958
36895 321076548
36896 373334327
36897 19481089
36898 734833377
36899 608089150
36900 206064124
36901 930336881
36902 325610561
36903 376376137
36904 943632787
36905 117257077
36906 704020301
36907 985682579
36908 132325999
36909 770828973
36910 463780221
36911 195032733
36912 668924640
36913 745595769
36914 715050677
36915 703187566
36916 562331806
36917 10908990
36918 790437391
36919 433910421
36920 905931793
36921 348555162
36922 921863825
36923 593137397
36924 208258896
36925 185686263
36926 306573696
36927 430516582
36928 736310198
36929 50279514
36930 773160970
36931 388893046
36932 626973761
36933 607438049
36934 721654565
36935 305122881
36936 151321317
36937 107382865
36938 588166311
36939 635031745
36940 285915459
36941 311490322
36942 972782642
36943 116116731
36944 108107039
36945 263451675
36946 668359786
36947 510683500
36948 965342440
36949 612537779
36950 193487226
36951 382210993
36952 659637659
36953 604506220
36954 985551735
36955 530833578
36956 342040460
36957 65246774
36958 62665869
36959 573289140
36960 24039002
36961 318365865
36962 154412659
36963 811220804
36964 541311801
36965 562397745
36966 833790249
36967 217535851
36968 274982563
36969 390382970
36970 809979895
36971 43661465
36972 186939060
36973 695343663
36974 767288371
36975 842742146
36976 270012170
36977 869754546
36978 855046219
36979 615530790
36980 167783999
36981 450431858
36982 850409091
36983 802443018
36984 578599616
36985 516212607
36986 556420
36987 180084698
36988 408533614
36989 287444494
36990 262847655
36991 948775008
36992 938329039
36993 338604057
36994 988077948
36995 811402440
36996 160706781
36997 409128813
36998 253127502
36999 49828819
37000 689558272
37001 991975196
37002 33563390
37003 343071959
37004 599951364
37005 204155613
37006 176896670
37007 544434946
37008 531808672
37009 433118160
37010 624495070
37011 971947567
37012 5606859
37013 128627943
37014 650854543
37015 623247039
37016 680186760
37017 329543424
37018 641829477
37019 825316595
37020 659832829
37021 217842754
37022 484173681
37023 818641058
37024 564828124
37025 757434034
37026 881926871
37027 783369925
37028 568375336
37029 691727221
37030 159623491
37031 85318100
37032 131745125
37033 304453100
37034 186647904
37035 938299539
37036 753582188
37037 652212545
37038 373678514
37039 542013230
37040 346903797
37041 504081850
37042 354818427
37043 787025216
37044 711939098
37045 630819668
37046 525575467
37047 100658232
37048 609633374
37049 929000266
37050 306049099
37051 755976199
37052 958234020
37053 94804896
37054 966110729
37055 496008158
37056 372655503
37057 95820059
37058 120047688
37059 587058837
37060 589608725
37061 351715173
37062 552129622
37063 784847525
37064 343185356
37065 283385972
37066 13633552
37067 633485272
37068 553349086
37069 679301018
37070 284636068
37071 107062014
37072 876673429
37073 952151936
37074 66427491
37075 683682622
37076 170104325
37077 375327901
37078 1125321
37079 610560049
37080 308239474
37081 527082854
37082 448318439
37083 399962666
37084 518988828
37085 219301800
37086 239422710
37087 422398768
37088 824014144
37089 964466907
37090 555569908
37091 553578221
37092 618041903
37093 577235596
37094 465673042
37095 593621430
37096 786278757
37097 848121494
37098 165073014
37099 65794189
37100 960401049
37101 379825140
37102 32127800
37103 705528505
37104 227216015
37105 353194420
37106 423829839
37107 577568148
37108 378314236
37109 616995868
37110 682722953
37111 937431128
37112 591633405
37113 36525805
37114 732386581
37115 734454218
37116 967973404
37117 916568216
37118 333123610
37119 395424850
37120 518143768
37121 507345051
37122 975467358
37123 570311515
37124 587071121
37125 243388593
37126 508243153
37127 797139386
37128 302520529
37129 355703658
37130 461179668
37131 798053
37132 584883868
37133 816678605
37134 138614534
37135 331441105
37136 818394532
37137 332535243
37138 140832230
37139 88256820
37140 147655115
37141 748257218
37142 262041609
37143 968876003
37144 993753675
37145 16845889
37146 422075336
37147 337195023
37148 340618287
37149 361688496
37150 742684184
37151 592509987
37152 483680845
37153 963995043
37154 105785480
37155 974784546
37156 401802670
37157 806163635
37158 14916202
37159 791979535
37160 813332593
37161 469735307
37162 379447465
37163 513401455
37164 672363644
37165 804173902
37166 934501647
37167 806844989
37168 262478426
37169 757736038
37170 310255745
37171 780050656
37172 805358986
37173 684917472
37174 707929218
37175 12645241
37176 556098211
37177 288682246
37178 450995719
37179 838653221
37180 511570666
37181 143433239
37182 933836399
37183 566491981
37184 763144200
37185 307060606
37186 749875628
37187 771609278
37188 862010504
37189 811174008
37190 686583681
37191 323471600
37192 514494132
37193 739807221
37194 124906011
37195 286876452
37196 107517554
37197 632549686
37198 904576206
37199 950184631
37200 797246099
37201 272226097
37202 216054422
37203 819567806
37204 821642906
37205 280872343
37206 236558490
37207 973805513
37208 837064807
37209 58370010
37210 263744389
37211 460923495
37212 44976580
37213 416595454
37214 999993866
37215 966741205
37216 969124055
37217 518423060
37218 797798277
37219 56926999
37220 935354454
37221 140633456
37222 898499636
37223 784158626
37224 284648623
37225 77467445
37226 763996136
37227 98715499
37228 72506830
37229 278157312
37230 807825189
37231 929257950
37232 356818162
37233 318871351
37234 188108713
37235 497892627
37236 928982235
37237 286497926
37238 608841222
37239 563259056
37240 708670637
37241 503549563
37242 757415936
37243 281190329
37244 838023865
37245 923314563
37246 101444314
37247 139403476
37248 395610492
37249 82825218
37250 339702952
37251 448616407
37252 115242106
37253 869639301
37254 685641227
37255 25447518
37256 977994134
37257 672724494
37258 613309016
37259 47519552
37260 793549909
37261 288920039
37262 475648965
37263 522405047
37264 162073745
37265 912285130
37266 786967925
37267 772509542
37268 344105431
37269 261975306
37270 824848538
37271 931346887
37272 550465318
37273 68416855
37274 778631719
37275 151116638
37276 490598085
37277 364752250
37278 282719700
37279 266504507
37280 370758570
37281 997185749
37282 312283761
37283 789567692
37284 559553054
37285 686037248
37286 840655182
37287 308618624
37288 715384387
37289 911602214
37290 155524767
37291 507100380
37292 170955069
37293 852997219
37294 704766746
37295 915048396
37296 970767802
37297 265615005
37298 120819533
37299 186030831
37300 102369955
37301 486010771
37302 701643257
37303 833230802
37304 420413463
37305 503969099
37306 824972464
37307 817000482
37308 792723488
37309 579529283
37310 838320256
37311 314571447
37312 797162084
37313 632714669
37314 686892933
37315 482062360
37316 260551876
37317 122413740
37318 929886497
37319 530745931
37320 886034490
37321 936473364
37322 34383666
37323 225376065
37324 359560002
37325 688356183
37326 46833471
37327 254483025
37328 204569990
37329 286003117
37330 610052567
37331 831356616
37332 763643452
37333 82585836
37334 506538759
37335 24025048
37336 492825610
37337 178906640
37338 98693552
37339 683541390
37340 556493708
37341 526960033
37342 69855881
37343 651330626
37344 791361035
37345 86034130
37346 470326779
37347 403840172
37348 674046571
37349 365488569
37350 958163087
37351 834140349
37352 721981234
37353 919632486
37354 354214951
37355 359316878
37356 730712273
37357 399298507
37358 881224510
37359 646998214
37360 748234272
37361 664925625
37362 939404962
37363 138646790
37364 809924266
37365 190791370
37366 930132091
37367 613048476
37368 91853689
37369 170024471
37370 294033969
37371 455448242
37372 674788348
37373 151684805
37374 207162991
37375 764662998
37376 432312688
37377 892716354
37378 711951353
37379 22183160
37380 470746552
37381 473798403
37382 586952424
37383 943695107
37384 215240759
37385 118535806
37386 12139165
37387 338917909
37388 507443680
37389 986124167
37390 170800280
37391 243180132
37392 761452404
37393 489074604
37394 604696769
37395 746195325
37396 665615432
37397 145244946
37398 994245352
37399 120653632
37400 362080127
37401 902887119
37402 917736176
37403 181045030
37404 164838458
37405 611850321
37406 383924067
37407 546672604
37408 363654491
37409 51430406
37410 917400814
37411 846052075
37412 484628341
37413 103850213
37414 316009278
37415 541729923
37416 598551288
37417 245561129
37418 988442404
37419 107031553
37420 663840579
37421 810279459
37422 502801315
37423 604513651
37424 787703881
37425 261355407
37426 841260608
37427 473266859
37428 802118394
37429 208384272
37430 183398680
37431 19043005
37432 495025206
37433 395314841
37434 154868937
37435 37094347
37436 534069236
37437 562252740
37438 434266842
37439 940537781
37440 410975990
37441 458150981
37442 98155888
37443 516695978
37444 929385059
37445 429627056
37446 953442812
37447 608292798
37448 401903875
37449 706062968
37450 44616082
37451 495051544
37452 188123222
37453 33028850
37454 170520208
37455 4882349
37456 659658040
37457 293164209
37458 861856184
37459 111953163
37460 629798438
37461 207131398
37462 501276975
37463 869676148
37464 138165008
37465 110780112
37466 327793947
37467 872642955
37468 633003202
37469 977330599
37470 765209838
37471 544881219
37472 30807112
37473 380267404
37474 825859114
37475 976654873
37476 142575144
37477 709108619
37478 289465483
37479 971923368
37480 273748424
37481 301551122
37482 338341727
37483 232710241
37484 441589782
37485 796545482
37486 690635978
37487 983697246
37488 931459389
37489 165718991
37490 876825520
37491 548076229
37492 598750585
37493 192785400
37494 909126544
37495 684781338
37496 780285019
37497 410583400
37498 631899656
37499 7430163
37500 419301379
37501 533604348
37502 558877034
37503 344670632
37504 936616671
37505 303285477
37506 239919870
37507 393885076
37508 101065927
37509 538805644
37510 402343395
37511 702841399
37512 634078106
37513 522632415
37514 851581301
37515 101929505
37516 311723184
37517 404705291
37518 919752985
37519 589745600
37520 796938061
37521 374092890
37522 294898311
37523 98300050
37524 140110461
37525 404294720
37526 648854460
37527 257401835
37528 180048373
37529 152689408
37530 942821868
37531 651257538
37532 628691320
37533 789942195
37534 586149684
37535 501819733
37536 275218577
37537 507790905
37538 662130814
37539 2209284
37540 701138677
37541 990360086
37542 562550727
37543 270212616
37544 903297208
37545 835738842
37546 867721766
37547 315941828
37548 857704413
37549 184683535
37550 305889847
37551 933349173
37552 166821556
37553 779370718
37554 932114138
37555 705444179
37556 666638229
37557 32897591
37558 173552856
37559 663000985
37560 27528754
37561 681997283
37562 346703051
37563 337950103
37564 694614207
37565 439931102
37566 682618353
37567 874702885
37568 501970393
37569 656216108
37570 393051894
37571 219687924
37572 883997180
37573 887582041
37574 597005137
37575 273567994
37576 909139856
37577 966132325
37578 121554004
37579 123682516
37580 585754266
37581 901806249
37582 667843479
37583 866613077
37584 325426301
37585 149298413
37586 176244987
37587 121019000
37588 698600551
37589 561764808
37590 426363872
37591 626913602
37592 376601895
37593 160014791
37594 756400885
37595 969989588
37596 990257433
37597 611058732
37598 417670881
37599 573830191
37600 528666268
37601 799168912
37602 428263297
37603 422272530
37604 839828689
37605 594813229
37606 400015378
37607 666651448
37608 587943283
37609 806485533
37610 253064134
37611 484092619
37612 575183639
37613 92967313
37614 623713167
37615 394249634
37616 787645789
37617 756181314
37618 203736302
37619 495353957
37620 169614955
37621 588172185
37622 894760938
37623 943368347
37624 459839912
37625 149759388
37626 347197111
37627 45240443
37628 589791183
37629 595054698
37630 7693958
37631 834500954
37632 605136925
37633 48655571
37634 313892486
37635 114904480
37636 987347639
37637 684307273
37638 197219131
37639 901912385
37640 591265483
37641 976045323
37642 595996318
37643 78667406
37644 825755854
37645 831812298
37646 305233638
37647 991025046
37648 330901072
37649 158523426
37650 330827483
37651 715810845
37652 249357121
37653 220372099
37654 123772690
37655 539273278
37656 674577803
37657 861442101
37658 786700577
37659 810848920
37660 71562396
37661 464468958
37662 348643599
37663 675583948
37664 688731982
37665 593843290
37666 800079252
37667 837437327
37668 622234223
37669 691498321
37670 457049027
37671 775563866
37672 987646408
37673 627909695
37674 861379592
37675 10928422
37676 504218577
37677 515205519
37678 245125237
37679 706720426
37680 545952083
37681 943558140
37682 861027988
37683 361423794
37684 417087780
37685 172799899
37686 986357593
37687 343846242
37688 730234531
37689 431067220
37690 428656447
37691 581817646
37692 317420226
37693 782807721
37694 965796450
37695 14960555
37696 127203898
37697 989489043
37698 988323671
37699 672758454
37700 687624986
37701 143905382
37702 407401896
37703 918425010
37704 707515268
37705 144454075
37706 657334038
37707 328114867
37708 523395305
37709 453069997
37710 787065416
37711 157264595
37712 56680974
37713 963519169
37714 431148631
37715 857713128
37716 876372108
37717 410430681
37718 440254941
37719 626778990
37720 617371851
37721 386824621
37722 194261951
37723 370306825
37724 618703169
37725 360145887
37726 72216108
37727 412496792
37728 276138172
37729 487623081
37730 461234692
37731 795742090
37732 181950811
37733 654963596
37734 143532507
37735 947298726
37736 976406262
37737 359058046
37738 764967408
37739 74789395
37740 156015858
37741 421326147
37742 226620658
37743 245882445
37744 897893957
37745 463175546
37746 64377059
37747 539298785
37748 269110279
37749 980275065
37750 225314828
37751 4899270
37752 572834447
37753 314854968
37754 920349319
37755 913791939
37756 975535660
37757 542128672
37758 192755909
37759 18752707
37760 52459661
37761 525046178
37762 124738977
37763 329713933
37764 739090238
37765 289372882
37766 477958
37767 607741869
37768 748084221
37769 102468386
37770 364538754
37771 330234618
37772 844298572
37773 429349679
37774 837728807
37775 590675388
37776 842093608
37777 952611369
37778 436588696
37779 247765759
37780 461837011
37781 489715348
37782 528738118
37783 304441091
37784 698735329
37785 943160885
37786 146402832
37787 185717642
37788 564315677
37789 285141234
37790 155722274
37791 530252271
37792 248417027
37793 337132703
37794 150680268
37795 346115846
37796 343427400
37797 446903586
37798 393814586
37799 377882690
37800 419417314
37801 948303085
37802 843036574
37803 779934228
37804 266684856
37805 174735590
37806 629770592
37807 449131678
37808 577778355
37809 767348819
37810 27810598
37811 82449504
37812 509471465
37813 907968719
37814 191874047
37815 372173948
37816 30628047
37817 695267966
37818 803178570
37819 424022928
37820 463558991
37821 206570485
37822 686018107
37823 159212052
37824 39799625
37825 921419677
37826 795771440
37827 343941006
37828 533018349
37829 648619296
37830 999774171
37831 878646731
37832 537823579
37833 548141396
37834 42332116
37835 385135857
37836 190837294
37837 882695531
37838 690013348
37839 908318820
37840 992785987
37841 994270614
37842 648752752
37843 335094739
37844 247928358
37845 206378278
37846 304840697
37847 796198869
37848 291345920
37849 350438709
37850 772165537
37851 821412017
37852 53628158
37853 74875456
37854 363114431
37855 365460016
37856 523768203
37857 904354965
37858 882024879
37859 169701655
37860 11147893
37861 570357663
37862 678889904
37863 179112415
37864 84126042
37865 695367212
37866 170506695
37867 900077556
37868 751927486
37869 354913322
37870 485137316
37871 600739184
37872 284308572
37873 580113689
37874 669341623
37875 882270193
37876 320597254
37877 273490633
37878 185710602
37879 92136232
37880 885858451
37881 746698036
37882 455813574
37883 218420626
37884 888109379
37885 957504519
37886 744558954
37887 49221609
37888 563321803
37889 363280723
37890 575838497
37891 123571524
37892 141829187
37893 74800327
37894 599919727
37895 471988772
37896 813849848
37897 244298997
37898 461214104
37899 482589896
37900 483862235
37901 878679535
37902 510808546
37903 234629478
37904 629440847
37905 399303606
37906 893923990
37907 528425796
37908 573008398
37909 618083835
37910 90491862
37911 823032263
37912 699612727
37913 965910645
37914 933736492
37915 133303155
37916 839771267
37917 680284039
37918 62488675
37919 478796564
37920 25697408
37921 213747611
37922 414182565
37923 669210576
37924 423097973
37925 564369868
37926 344048326
37927 921512410
37928 159410747
37929 325584992
37930 245166617
37931 553705096
37932 72167806
37933 469499150
37934 335141118
37935 916823461
37936 137339025
37937 299274165
37938 421610516
37939 748805899
37940 566720657
37941 565450214
37942 763181216
37943 423646130
37944 22005683
37945 822831812
37946 355933565
37947 416616520
37948 543766429
37949 511368822
37950 71628210
37951 531348047
37952 750912982
37953 825501423
37954 761893746
37955 282048720
37956 322247044
37957 199673053
37958 968217632
37959 486893804
37960 992254089
37961 182863515
37962 986465164
37963 508011339
37964 669935810
37965 218605673
37966 125675816
37967 440096224
37968 936250957
37969 358251075
37970 830251960
37971 379928399
37972 227969737
37973 283212952
37974 632719472
37975 582918206
37976 463243718
37977 474682484
37978 285919629
37979 892733744
37980 378772778
37981 177461743
37982 616078296
37983 831370706
37984 652384386
37985 400686375
37986 948470208
37987 726997996
37988 856432357
37989 858283542
37990 39993367
37991 6032456
37992 650398070
37993 644366555
37994 502577705
37995 876042080
37996 888105365
37997 463722699
37998 598025022
37999 691089258
38000 715517465
38001 240322058
38002 886075088
38003 642758132
38004 535648563
38005 359537633
38006 160890682
38007 309208623
38008 668567321
38009 592855408
38010 291438209
38011 981904688
38012 74566282
38013 780044516
38014 678137404
38015 486830545
38016 507868709
38017 622253386
38018 914140878
38019 295998642
38020 697194422
38021 483960928
38022 215420478
38023 491078420
38024 764149951
38025 433236771
38026 676980377
38027 190860558
38028 863978541
38029 343284944
38030 663302690
38031 315626270
38032 954693121
38033 90506143
38034 42117691
38035 541248616
38036 336878595
38037 861902400
38038 22074815
38039 51238693
38040 112053279
38041 787556765
38042 30885575
38043 792551500
38044 384365569
38045 249182471
38046 89178189
38047 744424732
38048 803538171
38049 86479585
38050 471378882
38051 669094909
38052 252607461
38053 201907800
38054 63782458
38055 383591475
38056 795820594
38057 929916484
38058 440560969
38059 500423987
38060 247824714
38061 844307895
38062 193561703
38063 337115844
38064 389172771
38065 101220180
38066 837355457
38067 593917390
38068 574074780
38069 678014618
38070 523530560
38071 237235946
38072 892192460
38073 162664488
38074 1440884
38075 804764658
38076 270100763
38077 656649182
38078 202833765
38079 111621804
38080 194072053
38081 122805727
38082 533437570
38083 766346200
38084 781636248
38085 573936986
38086 845188166
38087 332078179
38088 640692541
38089 905821928
38090 89232693
38091 31873066
38092 198769624
38093 848564351
38094 424476622
38095 870092251
38096 690629894
38097 271531127
38098 847728054
38099 938079266
38100 882005955
38101 995856380
38102 386912776
38103 467201111
38104 646374778
38105 419407737
38106 79016940
38107 524462687
38108 283164984
38109 861351258
38110 279311803
38111 288538195
38112 216827611
38113 169156895
38114 577636942
38115 262237937
38116 31886111
38117 219280907
38118 328329371
38119 346493308
38120 248915451
38121 381793538
38122 650376757
38123 484174918
38124 14777795
38125 7055302
38126 992433047
38127 629326213
38128 565522369
38129 439718034
38130 922078949
38131 840964769
38132 594897734
38133 859654376
38134 482416284
38135 358964830
38136 442228110
38137 325525266
38138 97286694
38139 341686636
38140 496850386
38141 58990501
38142 236751169
38143 983981619
38144 193177155
38145 700261700
38146 113706920
38147 781903360
38148 324731434
38149 2957726
38150 8103745
38151 450288304
38152 6844468
38153 945253316
38154 182304033
38155 677334410
38156 845482023
38157 536188138
38158 886576452
38159 849635061
38160 778687182
38161 817294483
38162 700158037
38163 22869968
38164 65066277
38165 556444573
38166 268368019
38167 645304314
38168 528577449
38169 239522260
38170 218123957
38171 345800207
38172 362153787
38173 460383072
38174 945410713
38175 147584648
38176 246448170
38177 95280517
38178 917558380
38179 719949497
38180 681887916
38181 21623384
38182 491581347
38183 963337339
38184 862894012
38185 484642879
38186 62300632
38187 927890213
38188 475856423
38189 237130189
38190 993635730
38191 798291742
38192 636437914
38193 923641301
38194 854834049
38195 450932735
38196 596314536
38197 795526304
38198 719913
38199 794367660
38200 566881222
38201 987695310
38202 31984173
38203 293384705
38204 746249162
38205 521813228
38206 552968730
38207 985906133
38208 301433451
38209 846359587
38210 960054244
38211 477044538
38212 832700274
38213 827072026
38214 784995817
38215 194679543
38216 380844882
38217 456886494
38218 125839754
38219 954376163
38220 751143561
38221 973174891
38222 528232899
38223 849674474
38224 145051618
38225 551991312
38226 430498216
38227 652241847
38228 871119550
38229 148609215
38230 267902759
38231 429056802
38232 200382039
38233 614037417
38234 460365547
38235 292727010
38236 38933995
38237 686531642
38238 317202392
38239 493775010
38240 321843946
38241 325656516
38242 970201244
38243 219527862
38244 672410866
38245 274189757
38246 616677902
38247 499334697
38248 664579212
38249 246250703
38250 534177909
38251 812281851
38252 703954881
38253 485185381
38254 473716353
38255 15061945
38256 201082136
38257 911909126
38258 77341432
38259 756818144
38260 118067707
38261 416851629
38262 137124995
38263 396908209
38264 2992303
38265 570864156
38266 707250934
38267 169521527
38268 239093725
38269 40179364
38270 354713179
38271 869963891
38272 479207465
38273 639059901
38274 887036376
38275 553973945
38276 522015661
38277 231487643
38278 327651461
38279 623105392
38280 980107437
38281 450974183
38282 797157534
38283 558793838
38284 89907097
38285 827915930
38286 547610081
38287 281598534
38288 709952575
38289 680221998
38290 991400562
38291 520132101
38292 554382849
38293 702238582
38294 250879823
38295 506227541
38296 841291154
38297 276687444
38298 489187591
38299 861764616
38300 844116385
38301 606017561
38302 340141463
38303 439374867
38304 643198967
38305 246264939
38306 621965491
38307 278605228
38308 51098264
38309 189227592
38310 184594301
38311 484483929
38312 687894556
38313 76168554
38314 134363490
38315 964556721
38316 851082376
38317 821095571
38318 88014656
38319 819986532
38320 572880993
38321 607533022
38322 569393906
38323 861898566
38324 525140368
38325 647996908
38326 6484052
38327 656204202
38328 693411935
38329 649444125
38330 15561810
38331 411566486
38332 747725866
38333 587704160
38334 567699650
38335 217738244
38336 697675455
38337 855604426
38338 898032605
38339 243065127
38340 980975664
38341 997255667
38342 844592157
38343 614088038
38344 735986877
38345 519682760
38346 303798214
38347 632429338
38348 309355233
38349 133373728
38350 637532326
38351 717654201
38352 633739095
38353 301419204
38354 378861896
38355 11109411
38356 362265680
38357 355344983
38358 628958499
38359 636374461
38360 579914120
38361 959441330
38362 419775548
38363 480904020
38364 539396029
38365 830932108
38366 672585138
38367 851655713
38368 7645152
38369 891878223
38370 439575492
38371 111290314
38372 720841618
38373 905989769
38374 852539591
38375 569138096
38376 901418039
38377 471703603
38378 418613676
38379 569811372
38380 154110751
38381 146393533
38382 14573820
38383 312086988
38384 192968250
38385 518688002
38386 312553713
38387 330421995
38388 37674275
38389 452065491
38390 561607157
38391 861574664
38392 783987672
38393 739065350
38394 327900621
38395 202363438
38396 107431510
38397 572470599
38398 512988926
38399 196939837
38400 742898195
38401 502801795
38402 105492201
38403 489094816
38404 56969947
38405 563326407
38406 903802256
38407 504841380
38408 259164899
38409 215523614
38410 837984574
38411 878814187
38412 75932449
38413 896104442
38414 676311025
38415 782641645
38416 355304282
38417 649405945
38418 441180096
38419 608379622
38420 255927075
38421 826352683
38422 598163042
38423 708340014
38424 565212962
38425 353143693
38426 731502050
38427 203450491
38428 788012398
38429 922344105
38430 640642421
38431 423977916
38432 307239248
38433 256322783
38434 17765947
38435 514915267
38436 657229270
38437 316655844
38438 692985158
38439 752478671
38440 126218123
38441 338625152
38442 483771245
38443 306563336
38444 24645097
38445 893572707
38446 623427672
38447 192086157
38448 733372225
38449 561846584
38450 431619432
38451 34410726
38452 315609163
38453 895521542
38454 175776877
38455 33055448
38456 207259867
38457 293187525
38458 915393667
38459 155124765
38460 201200428
38461 960506982
38462 461758507
38463 913901227
38464 733121280
38465 318954040
38466 107631064
38467 14885362
38468 556415418
38469 86850288
38470 548251388
38471 688836581
38472 821014350
38473 319949443
38474 158636300
38475 619049462
38476 805467980
38477 592680722
38478 36730229
38479 262254676
38480 589429469
38481 486368853
38482 53617629
38483 930926339
38484 254595904
38485 846269673
38486 319490989
38487 273341728
38488 482945451
38489 240151123
38490 206198857
38491 897201100
38492 70243625
38493 325760161
38494 91115365
38495 279122647
38496 857431794
38497 572441890
38498 218767748
38499 487601183
38500 702984323
38501 707846910
38502 174441898
38503 84649897
38504 304719384
38505 182583892
38506 211770695
38507 873666918
38508 656502183
38509 116155083
38510 308473169
38511 842876179
38512 419328268
38513 481506062
38514 578370511
38515 304925073
38516 234686690
38517 556138864
38518 709280250
38519 927239943
38520 801079223
38521 623031828
38522 568786079
38523 788275623
38524 921323921
38525 712789640
38526 442454997
38527 212885321
38528 58094955
38529 915529497
38530 933646707
38531 326042489
38532 799488747
38533 184685894
38534 890919958
38535 966344413
38536 426041471
38537 749339534
38538 421824406
38539 899117488
38540 495015896
38541 221703171
38542 902960166
38543 721135377
38544 28350214
38545 555237588
38546 851638721
38547 441257887
38548 690215214
38549 602481468
38550 561929403
38551 630896828
38552 730303532
38553 705614609
38554 652008585
38555 565317027
38556 387745655
38557 607596869
38558 208432079
38559 673096529
38560 727199185
38561 376267756
38562 51868254
38563 931747904
38564 104349730
38565 701441163
38566 272049960
38567 651020341
38568 255247346
38569 786402667
38570 934383707
38571 288933744
38572 58622934
38573 556337788
38574 782265299
38575 839319097
38576 92077035
38577 988637668
38578 706343623
38579 696213719
38580 200235784
38581 454027580
38582 818736478
38583 897958500
38584 121668087
38585 620158244
38586 548573493
38587 971631102
38588 386305333
38589 415643437
38590 939775135
38591 792382461
38592 837633039
38593 310239400
38594 334347622
38595 660991126
38596 299746496
38597 67499079
38598 361662379
38599 657848499
38600 424006467
38601 845695080
38602 113927064
38603 311004044
38604 423097735
38605 813397057
38606 382498708
38607 524803799
38608 441683600
38609 258422488
38610 18789407
38611 282797678
38612 561344156
38613 170635512
38614 731138644
38615 725094209
38616 516111417
38617 528350501
38618 294502614
38619 915256535
38620 2506223
38621 402404071
38622 32789752
38623 663165561
38624 383841451
38625 725049248
38626 272161871
38627 15097190
38628 969549800
38629 127207214
38630 625877538
38631 500502192
38632 62147322
38633 634348419
38634 153215651
38635 155577762
38636 427857715
38637 188562813
38638 403225085
38639 164048680
38640 487259817
38641 446773786
38642 419097052
38643 312968222
38644 232719480
38645 757700988
38646 822623729
38647 953653440
38648 554110410
38649 671062034
38650 577188576
38651 846285295
38652 239790964
38653 999247786
38654 250362499
38655 363315570
38656 106624624
38657 649452927
38658 67053580
38659 443233094
38660 803580266
38661 332597620
38662 582739722
38663 663281582
38664 690466057
38665 485264398
38666 506174259
38667 991738743
38668 861120937
38669 256068070
38670 945511349
38671 648230504
38672 900723584
38673 441362784
38674 177190949
38675 143781565
38676 122694322
38677 363418641
38678 566696619
38679 947289658
38680 299718619
38681 518577868
38682 133452434
38683 490741417
38684 176616948
38685 770480063
38686 84051339
38687 702502534
38688 464391910
38689 644100374
38690 327113087
38691 58338256
38692 79376934
38693 363119575
38694 929021419
38695 221162200
38696 944900534
38697 616664936
38698 280057664
38699 15116726
38700 130563573
38701 195684899
38702 171053915
38703 458676629
38704 968335084
38705 765295050
38706 242163188
38707 993266949
38708 549219268
38709 617961575
38710 669278827
38711 10046272
38712 651550404
38713 73482929
38714 970573066
38715 23331578
38716 795686134
38717 598178462
38718 8098792
38719 116699363
38720 269122722
38721 724035320
38722 980289943
38723 635555467
38724 180743319
38725 376068980
38726 375547585
38727 165111095
38728 838155296
38729 130897522
38730 380078779
38731 333479578
38732 187239537
38733 464388267
38734 497083852
38735 641196832
38736 714751335
38737 135048337
38738 261707417
38739 17346987
38740 827472608
38741 799301015
38742 722634391
38743 756530099
38744 871891300
38745 441193980
38746 645682105
38747 611903169
38748 769856095
38749 993918571
38750 594200044
38751 444874968
38752 609977909
38753 781465066
38754 79132368
38755 29706891
38756 541622929
38757 873918896
38758 101354254
38759 477114408
38760 527108883
38761 981654232
38762 470488080
38763 578991015
38764 675830644
38765 396137081
38766 830479961
38767 972262377
38768 321693899
38769 403243482
38770 978811733
38771 453264535
38772 997696531
38773 953848212
38774 185705915
38775 965816644
38776 527517985
38777 952937840
38778 738836834
38779 806375596
38780 441155541
38781 136441933
38782 865309008
38783 955994492
38784 465973567
38785 183912716
38786 512176860
38787 348644626
38788 685527696
38789 829534045
38790 662543001
38791 608095789
38792 384374599
38793 243758212
38794 497699868
38795 201592935
38796 966225162
38797 181110083
38798 248639963
38799 92344259
38800 850087841
38801 85067024
38802 685282391
38803 336429232
38804 699827197
38805 679987444
38806 268235770
38807 247888887
38808 549768604
38809 415687244
38810 492998979
38811 747830183
38812 197529977
38813 603812806
38814 931732621
38815 634510504
38816 211929093
38817 919762165
38818 4430536
38819 628647468
38820 89908540
38821 422257282
38822 923491297
38823 388352376
38824 753814559
38825 489113863
38826 821587647
38827 478992991
38828 770859230
38829 739102095
38830 230486018
38831 185004889
38832 584108287
38833 314537281
38834 138137940
38835 835517522
38836 291600417
38837 963583149
38838 900110036
38839 59130468
38840 128518087
38841 16698889
38842 431341877
38843 646421555
38844 643548771
38845 872518439
38846 712804239
38847 698570693
38848 604823513
38849 180601545
38850 52182742
38851 735634285
38852 575918284
38853 645488121
38854 766934863
38855 803483318
38856 254839934
38857 278907828
38858 666825184
38859 902246585
38860 450005642
38861 96712680
38862 240285469
38863 946780315
38864 695905916
38865 983737622
38866 438309407
38867 352390473
38868 315040040
38869 761797450
38870 55208396
38871 768534651
38872 532255063
38873 324015197
38874 562552780
38875 610959456
38876 592332024
38877 308564411
38878 490354121
38879 804746245
38880 78230580
38881 310120902
38882 635340435
38883 243457831
38884 176787771
38885 647952301
38886 827445359
38887 731842567
38888 314662358
38889 574271082
38890 625467818
38891 851429066
38892 845875456
38893 364742959
38894 221184819
38895 969293536
38896 429107524
38897 594873819
38898 111602779
38899 310213871
38900 680145911
38901 520782011
38902 139994118
38903 213857074
38904 973044366
38905 567576553
38906 567446194
38907 81736604
38908 473606693
38909 504109949
38910 716830518
38911 48409012
38912 420374038
38913 683862847
38914 10690340
38915 125180687
38916 185093317
38917 420391593
38918 330166225
38919 286600958
38920 349308632
38921 323671111
38922 248105252
38923 220460770
38924 748911886
38925 324599083
38926 14161390
38927 44046096
38928 540777878
38929 922901647
38930 792871758
38931 104387569
38932 154325481
38933 29572037
38934 219770152
38935 336112859
38936 847515691
38937 712533624
38938 80241635
38939 71739422
38940 936532249
38941 294077258
38942 870147957
38943 591979881
38944 243620207
38945 393079066
38946 286165953
38947 638984657
38948 759015369
38949 611009988
38950 378611984
38951 12968264
38952 926513036
38953 639851373
38954 198022149
38955 396142553
38956 168249041
38957 609212518
38958 726636132
38959 889512851
38960 661208658
38961 886375644
38962 908872174
38963 96836191
38964 215241247
38965 785878174
38966 529814188
38967 993698145
38968 102952962
38969 474244857
38970 93586286
38971 374482159
38972 914870657
38973 905646070
38974 902407994
38975 655539176
38976 77858986
38977 928300553
38978 403833959
38979 737055853
38980 760391198
38981 754325068
38982 652200753
38983 27443168
38984 673415361
38985 77864494
38986 140733851
38987 893355270
38988 934724103
38989 939592086
38990 280369108
38991 380285146
38992 550504390
38993 253550606
38994 530870452
38995 440664419
38996 480134847
38997 678085658
38998 94189056
38999 873607505
39000 371785924
39001 188235368
39002 906403351
39003 928163546
39004 404993474
39005 647675800
39006 343443189
39007 653235138
39008 432964681
39009 322570590
39010 654938240
39011 312452572
39012 574066628
39013 949246125
39014 190771037
39015 688113262
39016 471942890
39017 252615950
39018 674247913
39019 452801701
39020 328561451
39021 461630417
39022 652411712
39023 167972108
39024 788364966
39025 755518763
39026 508711172
39027 338533801
39028 3193344
39029 168905720
39030 285038422
39031 978944883
39032 956217125
39033 895812264
39034 184112709
39035 524569027
39036 121801497
39037 92035480
39038 183785106
39039 371660578
39040 631238442
39041 241546007
39042 710057876
39043 467994071
39044 69381166
39045 430418657
39046 673880737
39047 589956697
39048 820876828
39049 188553124
39050 25926411
39051 182784445
39052 998818294
39053 442936827
39054 987004268
39055 37663501
39056 298370380
39057 343125364
39058 39570965
39059 344000289
39060 665826237
39061 341611544
39062 81059670
39063 995304898
39064 713223000
39065 272610662
39066 883624253
39067 699319993
39068 462560156
39069 744188441
39070 434793214
39071 986299870
39072 984971098
39073 243702646
39074 620912008
39075 361734648
39076 293550884
39077 943800871
39078 23652926
39079 222250012
39080 624069914
39081 401429348
39082 423726919
39083 867841470
39084 445977958
39085 201517721
39086 53715586
39087 238585546
39088 827001100
39089 411008880
39090 406723669
39091 534272867
39092 534135882
39093 293847429
39094 93519607
39095 122896726
39096 902201452
39097 343043241
39098 811934039
39099 938110934
39100 630485827
39101 810758759
39102 51318667
39103 235391181
39104 662462961
39105 141248001
39106 432566267
39107 979136626
39108 815628463
39109 972806681
39110 141099818
39111 285447436
39112 532867675
39113 639474661
39114 128866478
39115 237777901
39116 827484565
39117 541220631
39118 100006235
39119 348400435
39120 93078890
39121 150238679
39122 870056447
39123 156721219
39124 10218384
39125 764677447
39126 562567280
39127 636581111
39128 199986612
39129 919321240
39130 224472855
39131 768572762
39132 643359196
39133 896158412
39134 474765822
39135 574980958
39136 708839550
39137 372642461
39138 897560149
39139 164006227
39140 429516327
39141 28382865
39142 883962214
39143 331555277
39144 225777306
39145 988298130
39146 425013095
39147 921380204
39148 108338747
39149 685486677
39150 109593234
39151 648024396
39152 795797717
39153 349362905
39154 889866938
39155 658342903
39156 410732015
39157 902240256
39158 685845378
39159 671462914
39160 334874267
39161 84988058
39162 664797660
39163 313041118
39164 145811933
39165 403125319
39166 437153918
39167 788488390
39168 331453450
39169 313803697
39170 994750624
39171 256850605
39172 579596114
39173 971526956
39174 516959403
39175 420438405
39176 777245635
39177 507575176
39178 614790024
39179 142087264
39180 315567634
39181 983902360
39182 616347898
39183 207527808
39184 68595542
39185 962040364
39186 780755518
39187 450518189
39188 210938528
39189 69657952
39190 921250256
39191 430515427
39192 800599508
39193 24266209
39194 441993304
39195 237914151
39196 338103931
39197 176502457
39198 353527133
39199 940165361
39200 864013775
39201 212525281
39202 643968427
39203 424953037
39204 38445088
39205 338024043
39206 601122657
39207 290311598
39208 169112310
39209 143149733
39210 837453296
39211 449817963
39212 589481232
39213 375351406
39214 939177554
39215 285422249
39216 475897065
39217 514257463
39218 751791701
39219 547541732
39220 379257396
39221 22195424
39222 171950800
39223 888346204
39224 221822236
39225 822007569
39226 597916167
39227 938623410
39228 472617616
39229 430498642
39230 834241499
39231 498297555
39232 535486874
39233 46630998
39234 794106661
39235 665606014
39236 328628401
39237 389861650
39238 882786457
39239 12556878
39240 498548659
39241 59897033
39242 72666966
39243 868846990
39244 578221889
39245 265048562
39246 868484013
39247 685610396
39248 228507676
39249 726833751
39250 328691290
39251 275657084
39252 228703433
39253 605167603
39254 411582354
39255 440923139
39256 299048996
39257 251031015
39258 294729638
39259 302745660
39260 759592384
39261 894271334
39262 167531942
39263 470714891
39264 372288414
39265 141244985
39266 73677859
39267 54787508
39268 2187014
39269 377019181
39270 189680142
39271 519362987
39272 16201188
39273 134659638
39274 464338798
39275 306822831
39276 207145553
39277 297936480
39278 483718478
39279 921866233
39280 426850850
39281 608308649
39282 569014975
39283 489371932
39284 557103754
39285 453935488
39286 771506209
39287 896133595
39288 412515416
39289 135699212
39290 89192488
39291 874940506
39292 668061527
39293 125110335
39294 798276649
39295 481300377
39296 960493926
39297 275225175
39298 727247773
39299 846778998
39300 575403493
39301 475544900
39302 539140129
39303 218153558
39304 579247262
39305 44956375
39306 321511246
39307 463546279
39308 711946458
39309 232673327
39310 505678301
39311 423982485
39312 24050803
39313 854889293
39314 890632187
39315 321329668
39316 638312355
39317 412496148
39318 791294079
39319 739200806
39320 431683616
39321 36215213
39322 625776024
39323 691061854
39324 936338
39325 328851114
39326 135960062
39327 2304640
39328 866782384
39329 311511120
39330 53238946
39331 982675018
39332 239580237
39333 510815133
39334 328023631
39335 333387856
39336 235422998
39337 543058696
39338 402980525
39339 870871911
39340 959222282
39341 604073485
39342 24606805
39343 696708479
39344 149404260
39345 918482452
39346 47457987
39347 932376223
39348 402231184
39349 459294106
39350 346222690
39351 428763363
39352 935697381
39353 438487686
39354 529168553
39355 356813436
39356 224053633
39357 855419706
39358 63529482
39359 616529383
39360 510783782
39361 456846377
39362 713771485
39363 467816899
39364 972111763
39365 319634034
39366 206336097
39367 402155328
39368 669614102
39369 173318548
39370 906457065
39371 314976755
39372 948096755
39373 242421081
39374 124597632
39375 317714327
39376 354194897
39377 677876754
39378 530627082
39379 789970565
39380 978771750
39381 251255263
39382 93494834
39383 614857140
39384 988430159
39385 70718308
39386 696206753
39387 218566108
39388 226603307
39389 225293471
39390 660326881
39391 868920157
39392 178801867
39393 173912620
39394 411425898
39395 473526253
39396 146253036
39397 705573262
39398 657737192
39399 93250447
39400 217828880
39401 699059176
39402 192542343
39403 37572383
39404 180798300
39405 412010164
39406 446386974
39407 73308531
39408 575050868
39409 373426768
39410 878873366
39411 74746653
39412 366504223
39413 621433461
39414 927462460
39415 169833454
39416 491731913
39417 992718805
39418 289320344
39419 857970780
39420 993359468
39421 549264560
39422 652524664
39423 149557791
39424 927924090
39425 725830571
39426 508581941
39427 475132114
39428 708326210
39429 342197415
39430 400579939
39431 886009854
39432 191605572
39433 799048469
39434 449657976
39435 884536927
39436 99765850
39437 122143648
39438 502046406
39439 881078545
39440 454315458
39441 645594779
39442 31247892
39443 266852706
39444 924147564
39445 511720651
39446 258955263
39447 663147938
39448 309596362
39449 867219017
39450 487955916
39451 633891069
39452 987842788
39453 56302344
39454 917350131
39455 765314987
39456 347225410
39457 725149573
39458 326958712
39459 587083574
39460 42928387
39461 751838831
39462 107754197
39463 685199033
39464 881046778
39465 730395523
39466 30530588
39467 658777833
39468 443691658
39469 587737967
39470 674953349
39471 370246716
39472 893953628
39473 953404233
39474 426116999
39475 76255153
39476 243964139
39477 955306482
39478 610421374
39479 724074345
39480 78582943
39481 835056720
39482 831314880
39483 128388448
39484 236917411
39485 865792873
39486 730222821
39487 209860973
39488 684821362
39489 538185118
39490 364676161
39491 668111291
39492 8277602
39493 602357641
39494 720334268
39495 771756570
39496 219319235
39497 274225371
39498 800979243
39499 439796269
39500 304947705
39501 657570267
39502 137603400
39503 92993407
39504 954775165
39505 399386688
39506 128996757
39507 97845415
39508 841068842
39509 939726413
39510 211130998
39511 338252372
39512 724715574
39513 142404865
39514 523216782
39515 385930657
39516 157745666
39517 696248152
39518 868851028
39519 762562872
39520 794852636
39521 994337477
39522 608757462
39523 255022903
39524 269002145
39525 614473221
39526 988260713
39527 390200581
39528 40240600
39529 528624850
39530 548780795
39531 105460041
39532 846319503
39533 647585057
39534 499969105
39535 900608261
39536 999109193
39537 898196306
39538 932694200
39539 107229719
39540 701617036
39541 893451021
39542 885783816
39543 728320160
39544 292469071
39545 556615726
39546 585694835
39547 137730642
39548 209975541
39549 85703972
39550 55183664
39551 841371313
39552 129499156
39553 482855298
39554 705904222
39555 447560979
39556 274842876
39557 329550332
39558 799712604
39559 139342713
39560 263780724
39561 837615088
39562 841663571
39563 983190079
39564 570489504
39565 445007457
39566 237694075
39567 826720729
39568 737466433
39569 204825826
39570 66091486
39571 527297021
39572 140934904
39573 779186467
39574 990783142
39575 413018062
39576 854406474
39577 971683302
39578 989746285
39579 641014726
39580 462240858
39581 644597664
39582 18241561
39583 874093047
39584 844101442
39585 423799507
39586 784414662
39587 811770543
39588 637320795
39589 757331517
39590 778956712
39591 562158190
39592 692144188
39593 94827412
39594 158461663
39595 385518310
39596 123929480
39597 136806865
39598 167183259
39599 280823843
39600 880448368
39601 865061861
39602 851404859
39603 468139825
39604 434736005
39605 390727294
39606 649545831
39607 879324032
39608 808324137
39609 994762510
39610 91112155
39611 987314724
39612 136354623
39613 592534227
39614 293823603
39615 619157901
39616 563880493
39617 939355301
39618 771037981
39619 149036162
39620 592901422
39621 514111145
39622 338552075
39623 547053813
39624 444150723
39625 777505285
39626 741452746
39627 605513244
39628 142454475
39629 857788799
39630 267903789
39631 0
39632 0
39633 0
39634 0
39635 0
39636 0
